timestamp,frame_index,episode_index,ee_state_x,ee_state_y,ee_state_z,ee_state_roll,ee_state_pitch,ee_state_yaw,ee_state_qx,ee_state_qy,ee_state_qz,ee_state_qw,ee_action_x,ee_action_y,ee_action_z,ee_action_roll,ee_action_pitch,ee_action_yaw,ee_action_qx,ee_action_qy,ee_action_qz,ee_action_qw
0.0,0,1,0.05937391618390125,-0.010707798788738631,0.018175282939296766,-0.26537868380546586,1.3008157014846802,-0.12885437905788438,-0.0664293253392528,0.6057219958047732,0.029155428207242075,0.7923622716531287,0.07687671861860496,-0.012976967853239634,0.02920881766191899,-0.26231071352958674,1.073786735534668,-0.12885437905788416,-0.07949914664101519,0.5132593874081953,0.011902005140953638,0.8544606656800179
0.033333335,1,1,0.05937391618390125,-0.010707798788738631,0.018175282939296766,-0.26537868380546586,1.3008157014846802,-0.12885437905788438,-0.0664293253392528,0.6057219958047732,0.029155428207242075,0.7923622716531287,0.07687671861860496,-0.012976967853239634,0.02920881766191899,-0.26231071352958674,1.073786735534668,-0.12885437905788416,-0.07949914664101519,0.5132593874081953,0.011902005140953638,0.8544606656800179
0.06666667,2,1,0.05937391618390125,-0.010707798788738631,0.018175282939296766,-0.26537868380546586,1.3008157014846802,-0.12885437905788438,-0.0664293253392528,0.6057219958047732,0.029155428207242075,0.7923622716531287,0.07703765811979144,-0.01299782115292923,0.029297730705155164,-0.26231071352958674,1.0722527503967285,-0.12885437905788416,-0.0795923894753289,0.5126104776847866,0.011790946544123162,0.8548429816550968
0.1,3,1,0.05937391618390125,-0.010707798788738631,0.018175282939296766,-0.26537868380546586,1.3008157014846802,-0.12885437905788438,-0.0664293253392528,0.6057219958047732,0.029155428207242075,0.7923622716531287,0.07703980434320695,-0.012997455639074201,0.029298863880394918,-0.2638446986675263,1.0722527503967285,-0.12885437905788427,-0.08024802421440064,0.5126012833386694,0.012184111464560025,0.8547816834473311
0.13333334,4,1,0.05937391618390125,-0.010707798788738631,0.018175282939296766,-0.26537868380546586,1.3008157014846802,-0.12885437905788438,-0.0664293253392528,0.6057219958047732,0.029155428207242075,0.7923622716531287,0.07701976256943677,-0.013132875541431544,0.029298863880394918,-0.2638446986675263,1.0722527503967285,-0.13038836419582367,-0.07985483927372714,0.5126626821949624,0.011528496745724965,0.854790777144921
0.16666667,5,1,0.05937391618390125,-0.010707798788738631,0.018175282939296766,-0.26537868380546586,1.3008157014846802,-0.12885437905788438,-0.0664293253392528,0.6057219958047732,0.029155428207242075,0.7923622716531287,0.07699951308721066,-0.013268264540688883,0.029298863880394918,-0.26384469866752625,1.0722527503967285,-0.13192234933376312,-0.07946160735624265,0.5127237794632975,0.010872875244933829,0.854799367988268
0.2,6,1,0.0593574074932215,-0.010816122185746155,0.018175282939296766,-0.2653786838054659,1.3008157014846802,-0.13038836419582384,-0.06596472157571867,0.6057727684323421,0.028547683716796154,0.7923844005832396,0.07699951308721066,-0.013268264540688883,0.029298863880394918,-0.26384469866752625,1.0722527503967285,-0.13192234933376312,-0.07946160735624265,0.5127237794632975,0.010872875244933829,0.854799367988268
0.23333333,7,1,0.059340732655549185,-0.01092442013122903,0.018175282939296766,-0.26537868380546575,1.3008157014846802,-0.13192234933376318,-0.06550007900661829,0.6058231846973774,0.027939922432388152,0.7924060633713792,0.07699951308721066,-0.013268264540688883,0.029298863880394918,-0.26384469866752625,1.0722527503967285,-0.13192234933376312,-0.07946160735624265,0.5127237794632975,0.010872875244933829,0.854799367988268
0.26666668,8,1,0.059340732655549185,-0.01092442013122903,0.018175282939296766,-0.26537868380546575,1.3008157014846802,-0.13192234933376318,-0.06550007900661829,0.6058231846973774,0.027939922432388152,0.7924060633713792,0.07699951308721066,-0.013268264540688883,0.029298863880394918,-0.26384469866752625,1.0722527503967285,-0.13192234933376312,-0.07946160735624265,0.5127237794632975,0.010872875244933829,0.854799367988268
0.3,9,1,0.059340732655549185,-0.01092442013122903,0.018175282939296766,-0.26537868380546575,1.3008157014846802,-0.13192234933376318,-0.06550007900661829,0.6058231846973774,0.027939922432388152,0.7924060633713792,0.07700166004514092,-0.013267901896552858,0.029299996586150068,-0.26537868380546575,1.0722527503967285,-0.13192234933376312,-0.08011720868242739,0.5127152892376489,0.01126612733702471,0.8547381701022345
0.33333334,10,1,0.059340732655549185,-0.01092442013122903,0.018175282939296766,-0.26537868380546575,1.3008157014846802,-0.13192234933376318,-0.06550007900661829,0.6058231846973774,0.027939922432388152,0.7924060633713792,0.07700166004514092,-0.013267901896552858,0.029299996586150068,-0.26537868380546575,1.0722527503967285,-0.13192234933376312,-0.08011720868242739,0.5127152892376489,0.01126612733702471,0.8547381701022345
0.36666667,11,1,0.059340732655549185,-0.01092442013122903,0.018175282939296766,-0.26537868380546575,1.3008157014846802,-0.13192234933376318,-0.06550007900661829,0.6058231846973774,0.027939922432388152,0.7924060633713792,0.07702190896855052,-0.013132509604321926,0.029299996586150068,-0.26537868380546586,1.0722527503967285,-0.13038836419582378,-0.08051043389513475,0.512653689130515,0.011921701783825933,0.8547292776554853
0.4,12,1,0.059340732655549185,-0.01092442013122903,0.018175282939296766,-0.26537868380546575,1.3008157014846802,-0.13192234933376318,-0.06550007900661829,0.6058231846973774,0.027939922432388152,0.7924060633713792,0.0770262005574871,-0.013131766592971134,0.029302260556563056,-0.26844662427902216,1.0722527503967285,-0.13038836419582361,-0.08182146793025505,0.5126347984484506,0.012708082950055176,0.8546047714781313
0.43333334,13,1,0.059340732655549185,-0.01092442013122903,0.018175282939296766,-0.26537868380546575,1.3008157014846802,-0.13192234933376318,-0.06550007900661829,0.6058231846973774,0.027939922432388152,0.7924060633713792,0.07704624062257286,-0.012996336816144413,0.029302260556563056,-0.2684466242790222,1.0722527503967285,-0.1288543790578842,-0.08221463090584254,0.5125718912109417,0.013363554656977958,0.8545947731014885
0.46666667,14,1,0.0593574074932215,-0.010816122185746155,0.018175282939296766,-0.2653786838054659,1.3008157014846802,-0.13038836419582384,-0.06596472157571867,0.6057727684323421,0.028547683716796154,0.7923844005832396,0.07690725408120899,-0.012839888816427742,0.02921446283669553,-0.26998060941696167,1.073786735534668,-0.12732040882110596,-0.08316896621642268,0.5131463313265366,0.01452535164609539,0.8541386186469764
0.5,15,1,0.05935975423800485,-0.010815778856152376,0.018175914504941285,-0.2669126689434051,1.3008157014846797,-0.13038836419582367,-0.0665724550603625,0.60575069439195,0.029012298486132352,0.7923335730659519,0.07674615626056594,-0.012819266221330502,0.02912578286933301,-0.26998060941696156,1.0753207206726074,-0.1273204088211059,-0.08307470638464305,0.5137945809519943,0.014638596422621023,0.8537560736171927
0.53333336,16,1,0.05936210046046016,-0.010815431808071457,0.018176545793469653,-0.2684466242790221,1.3008157014846797,-0.13038836419582356,-0.06718013757599817,0.6057282644412502,0.02947688716212958,0.7922822804376557,0.07672638836513335,-0.012954234570769252,0.02912578286933301,-0.26998060941696156,1.0753207206726079,-0.1288543790578842,-0.08268060919076195,0.5138581468852806,0.013983773977928209,0.8537670500838059
0.56666666,17,1,0.05937860808658969,-0.010707101212937028,0.018176545793469653,-0.2684466242790222,1.3008157014846797,-0.1288543790578842,-0.0676447068478042,0.6056765596118225,0.030084553053875605,0.7922594388455144,0.07672638836513335,-0.012954234570769252,0.02912578286933301,-0.26998060941696156,1.0753207206726079,-0.1288543790578842,-0.08268060919076195,0.5138581468852806,0.013983773977928209,0.8537670500838059
0.6,18,1,0.05938095333151292,-0.01070674683571404,0.018177176827926245,-0.2699806094169617,1.3008157014846802,-0.12885437905788433,-0.06825234399358437,0.6056533068324841,0.030549093579715778,0.7922073228288895,0.07654524477766991,-0.013068039348371228,0.02903735214447209,-0.2699806094169616,1.0768547058105469,-0.13038836419582361,-0.08219115700143617,0.5145692130882004,0.013442760563399872,0.8533946512844984
0.6333333,19,1,0.05938095333151292,-0.01070674683571404,0.018177176827926245,-0.2699806094169617,1.3008157014846802,-0.12885437905788433,-0.06825234399358437,0.6056533068324841,0.030549093579715778,0.7922073228288895,0.0767064132605647,-0.013089173748714752,0.02912578286933301,-0.26998060941696167,1.0753207206726079,-0.13038836419582367,-0.08228645952966492,0.5139214111462986,0.013328936945916355,0.8537775244074779
0.6666667,20,1,0.05936444624623326,-0.010815081028834859,0.018177176827926245,-0.26998060941696167,1.3008157014846802,-0.13038836419582364,-0.0677877923777559,0.6057054777218808,0.029941467523923914,0.7922305207354563,0.0767064132605647,-0.013089173748714752,0.02912578286933301,-0.26998060941696167,1.0753207206726079,-0.13038836419582367,-0.08228645952966492,0.5139214111462986,0.013328936945916355,0.8537775244074779
0.7,21,1,0.05936444624623326,-0.010815081028834859,0.018177176827926245,-0.26998060941696167,1.3008157014846802,-0.13038836419582364,-0.0677877923777559,0.6057054777218808,0.029941467523923914,0.7922305207354563,0.0766883800146619,-0.01322370507985091,0.02912690729271722,-0.2715145945549012,1.0753207206726074,-0.13192234933376312,-0.08254708597466746,0.5139745009626521,0.013068310500913824,0.8537244345911246
0.73333335,22,1,0.05936444624623326,-0.010815081028834859,0.018177176827926245,-0.26998060941696167,1.3008157014846802,-0.13038836419582364,-0.0677877923777559,0.6057054777218808,0.029941467523923914,0.7922305207354563,0.0766883800146619,-0.01322370507985091,0.02912690729271722,-0.2715145945549012,1.0753207206726074,-0.13192234933376312,-0.08254708597466746,0.5139745009626521,0.013068310500913824,0.8537244345911246
0.76666665,23,1,0.05934777299739806,-0.010923389772880987,0.018177176827926245,-0.26998060941696167,1.3008157014846802,-0.13192234933376312,-0.0673232008838895,0.6057572922883299,0.029333823854238227,0.792253252590576,0.07660231486636686,-0.013075523082662808,0.028989474238958174,-0.2699806094169616,1.0768547058105469,-0.13038836419582361,-0.08219115700143617,0.5145692130882004,0.013442760563399866,0.8533946512844984
0.8,24,1,0.05934777299739806,-0.010923389772880987,0.018177176827926245,-0.26998060941696167,1.3008157014846802,-0.13192234933376312,-0.0673232008838895,0.6057572922883299,0.029333823854238227,0.792253252590576,0.07645969205873081,-0.013330620521887408,0.028854466004956267,-0.27151459455490123,1.0783884525299077,-0.13345633447170266,-0.08195963459694548,0.5153323935120955,0.012643296231803153,0.8529685161565019
0.8333333,25,1,0.05934777299739806,-0.010923389772880987,0.018177176827926245,-0.26998060941696167,1.3008157014846802,-0.13192234933376312,-0.0673232008838895,0.6057572922883299,0.029333823854238227,0.792253252590576,0.07635737789392,-0.013316218425574483,0.02871959125865052,-0.2730485796928406,1.0799224376678471,-0.13345633447170255,-0.08251685061568416,0.5159694174626167,0.01315393748216759,0.8525218493015132
0.8666667,26,1,0.05934777299739806,-0.010923389772880987,0.018177176827926245,-0.26998060941696167,1.3008157014846802,-0.13192234933376312,-0.0673232008838895,0.6057572922883299,0.029333823854238227,0.792253252590576,0.07635522378183983,-0.013316595203133014,0.0287184768972778,-0.2715145945549009,1.0799224376678467,-0.13345633447170244,-0.08186294848508957,0.5159793546673109,0.012758188942876204,0.8525848883468032
0.9,27,1,0.059330933624241355,-0.011031672812990036,0.018177176827926245,-0.26998060941696184,1.3008157014846802,-0.13345633447170274,-0.06685856978529399,0.6058087505013497,0.028726162928121864,0.7922755183808758,0.07640989716536883,-0.013324597658577065,0.0286692197935247,-0.2699806094169616,1.0799224376678467,-0.13345633447170252,-0.08120899819635843,0.5159889883329232,0.012362432898228401,0.8526474258355249
0.93333334,28,1,0.059330933624241355,-0.011031672812990036,0.018177176827926245,-0.26998060941696184,1.3008157014846802,-0.13345633447170274,-0.06685856978529399,0.6058087505013497,0.028726162928121864,0.7922755183808758,0.07630514730895616,-0.013310534536552019,0.028533307838519956,-0.26998060941696167,1.0814564228057861,-0.13345633447170255,-0.08111255857915987,0.5166357338749401,0.01247682208861521,0.8522632223877865
0.96666664,29,1,0.059330933624241355,-0.011031672812990036,0.018177176827926245,-0.26998060941696184,1.3008157014846802,-0.13345633447170274,-0.06685856978529399,0.6058087505013497,0.028726162928121864,0.7922755183808758,0.07588192193404827,-0.013254373352154267,0.02799018679900865,-0.2684466242790222,1.087592363357544,-0.13345633447170255,-0.08007380284045416,0.5192294407809135,0.0125360633826751,0.8507830634420701
1.0,30,1,0.05933327999878936,-0.011031325507091166,0.018177807594558656,-0.271514594554901,1.3008157014846797,-0.1334563344717025,-0.06746621949519047,0.6057865395581585,0.02919080524293727,0.7922240053207472,0.07549716407984286,-0.013202717943363335,0.027715119706743535,-0.2684466242790222,1.0937283039093018,-0.13345633447170255,-0.07968799676498191,0.5218088428076443,0.012991446081675063,0.8492329345168135
1.0333333,31,1,0.05933327999878936,-0.011031325507091166,0.018177807594558656,-0.271514594554901,1.3008157014846797,-0.1334563344717025,-0.06746621949519047,0.6057865395581585,0.02919080524293727,0.7922240053207472,0.0748862586063844,-0.013120042581263565,0.026810680271811674,-0.2699806094169616,1.104466199874878,-0.13345633447170252,-0.07966027015452774,0.526300233345382,0.014191741490932875,0.8464401338623769
1.0666667,32,1,0.05933327999878936,-0.011031325507091166,0.018177807594558656,-0.271514594554901,1.3008157014846797,-0.1334563344717025,-0.06746621949519047,0.6057865395581585,0.02919080524293727,0.7922240053207472,0.074476151165308,-0.013065642536312743,0.026488847985909475,-0.2684466242790222,1.1121361255645752,-0.13345633447170258,-0.07852609275115625,0.5295174830569187,0.014356843352640505,0.844534646384179
1.1,33,1,0.059350118836423556,-0.01092303886808847,0.018177807594558656,-0.27151459455490135,1.3008157014846802,-0.1319223493337633,-0.06793083337942597,0.6057346152889055,0.02979842652225386,0.7922013831684315,0.07466066192396387,-0.013090413905007418,0.028462559826984882,-0.2684466242790223,1.1106019020080566,-0.13345633447170258,-0.0786231886035322,0.5288767010419491,0.014243087425364575,0.8449289696592203
1.1333333,34,1,0.05968629095309752,-0.011078718757035661,0.01827833036758994,-0.2715145945549011,1.2977477312088013,-0.13345633447170255,-0.0676722232468512,0.6045873318525804,0.028964550237044317,0.7931303065661858,0.075266315783298,-0.013171725559461677,0.031030414521436928,-0.2684466242790222,1.1029322147369385,-0.1334563344717026,-0.07910788242970584,0.5256687292269576,0.013674289513910347,0.8468927581793889
1.1666666,35,1,0.06039138758365731,-0.011173381034337035,0.018482651764485034,-0.2715145945549011,1.291611790657043,-0.13345633447170258,-0.06808375254525399,0.602184651285255,0.028511836287508283,0.7949373079603994,0.07565688679970428,-0.01322416141046209,0.03283678042406883,-0.2684466242790222,1.0998642444610596,-0.13345633447170258,-0.07930144063148112,0.5243833333429612,0.013446706499543241,0.8476748122424139
1.2,36,1,0.06127098926653378,-0.01129147137090991,0.01874418577491338,-0.27151459455490123,1.2839418649673462,-0.13345633447170266,-0.06859726254231457,0.5991733325734435,0.027945566960798158,0.7971855357391866,0.07636689486362849,-0.013320789378110112,0.03555346493039663,-0.26537868380546564,1.0937283039093018,-0.13345633447170258,-0.0783852054747428,0.5218281573665904,0.012190991876581085,0.8493541743343214
1.2333333,37,1,0.062499036597640105,-0.011456342045308262,0.019121752604691067,-0.2715145945549011,1.27320396900177,-0.13345633447170258,-0.06931447997362974,0.5949426921695561,0.02715210130134791,0.8003133506914322,0.07678065754834121,-0.013376986474110224,0.03778781694264076,-0.2638446986675263,1.0906603336334229,-0.13345633447170258,-0.07792494495948286,0.5205477452208727,0.011566040423773832,0.8501905519396475
1.2666667,38,1,0.06354607765150772,-0.011597574159671449,0.019455240901790613,-0.2699806094169619,1.2640000581741333,-0.13345633447170274,-0.06931175117223531,0.5913229041091131,0.026017831491032598,0.8030293747241797,0.07710642380474492,-0.013420722005330444,0.040127155791727376,-0.2638446986675263,1.0875923633575444,-0.1334563344717027,-0.07811597241065517,0.5192569112597202,0.011341303620382853,0.8509650579169177
1.3,39,1,0.06479893950220138,-0.011766434946524955,0.02064737920204543,-0.26844662427902216,1.2517282962799072,-0.13345633447170258,-0.06950565101018812,0.5864686556815223,0.024663248854598002,0.8066072182522879,0.07755606771243384,-0.013481732643664486,0.043156205260443684,-0.26231071352958674,1.0845245122909546,-0.13345633447170252,-0.07765350930810477,0.5179732796138529,0.010719270399113185,0.851797341707707
1.3333334,40,1,0.06661503008532425,-0.012010252975051768,0.023625247329654903,-0.2684466242790223,1.2317864894866943,-0.13345633447170263,-0.07081605533505016,0.5785012688553399,0.023197087800171594,0.8122704373280712,0.07775482153903605,-0.013509056532884154,0.04545635323315056,-0.26077672839164734,1.0845245122909546,-0.13345633447170258,-0.07700016429989365,0.5179813488577559,0.010321985628723272,0.8518566508198251
1.3666667,41,1,0.06815987187602876,-0.012217654678081209,0.02681900038800221,-0.2684466242790222,1.2133787870407104,-0.13345633447170258,-0.07201940563412407,0.5710957404546588,0.02184166689591398,0.8174263281995879,0.0779289103523901,-0.01353242871027167,0.04818093349440988,-0.26077672839164734,1.0829905271530151,-0.1334563344717026,-0.07709492558641284,0.5173346920694843,0.010210585871838197,0.8522422969827014
1.4,42,1,0.06998732197084834,-0.012463652750575057,0.030972953048602647,-0.26691266894340504,1.1903690099716182,-0.13345633447170252,-0.07288317436412622,0.5617860974882285,0.019713919824801626,0.823829949036023,0.07830758081926514,-0.013583266860941468,0.05177402956466423,-0.2607767283916473,1.0814565420150757,-0.13345633447170252,-0.07718964151971634,0.5166877309448163,0.010099180108294465,0.8526274417905484
1.4333333,43,1,0.07237336797242286,-0.0127852887551014,0.037421749587889463,-0.2638446986675262,1.1566214561462402,-0.13345633447170258,-0.07377426537057188,0.5479993109462205,0.016390407989537784,0.8330579016475604,0.07848496395370505,-0.013607081315206562,0.054397028785673776,-0.26077672839164734,1.0829904079437256,-0.13345633447170258,-0.07709493294875489,0.5173346418045612,0.010210577214488852,0.8522423269326163
1.4666667,44,1,0.07401358912731637,-0.013005495550979632,0.0424178910320184,-0.26384469866752625,1.1320778131484985,-0.13345633447170263,-0.07532831893901132,0.5378528323954896,0.01459709921378942,0.8395396951571229,0.07877742156271388,-0.013505464642745397,0.05719615860195286,-0.2607767283916473,1.0845245122909541,-0.13192234933376312,-0.07739742945764505,0.5179221379513137,0.010975350249572914,0.8518484833702461
1.5,45,1,0.07499451404535971,-0.013137188970830362,0.04670105512040258,-0.26384469866752625,1.116737961769104,-0.13345633447170263,-0.07629386119607894,0.5314700227548599,0.013475142316390663,0.8435266932328196,0.0794080868428026,-0.01344734589274768,0.061403331611574616,-0.26077672839164734,1.0845245122909546,-0.1303883641958237,-0.07779464908422455,0.5178626223628938,0.011628708413870177,0.8518398147973094
1.5333333,46,1,0.07562884645251652,-0.013222350844572196,0.05110583023950295,-0.26384469866752625,1.1121360063552856,-0.1334563344717026,-0.07658265125662272,0.5295490660474521,0.013138397664662682,0.8447131268552556,0.0799379195290528,-0.013516824092859599,0.06453779396156951,-0.26077672839164723,1.0860583782196045,-0.13038836419582361,-0.07770084139820421,0.518509068876912,0.011739501013195416,0.8514535271254505
1.5666667,47,1,0.07560788318273662,-0.013083604967990773,0.053188171000624465,-0.2638446986675263,1.1198060512542725,-0.13192234933376312,-0.07650969470477983,0.5326906219270748,0.014345973974510347,0.842722469712212,0.08052681653165264,-0.013594047535002273,0.06747241185288935,-0.2607767283916473,1.0875924825668335,-0.13038836419582361,-0.07760697341784441,0.5191553108212607,0.011850303927096824,0.8510666784805041
1.6,48,1,0.07562184092408775,-0.012949562804530154,0.05512502454082929,-0.2638446986675262,1.1290098428726196,-0.13038836419582361,-0.07634479843220247,0.5364623091574754,0.015661827690527742,0.8403180170382923,0.08155695872498939,-0.01372913249164948,0.07174909208835024,-0.2607767283916473,1.086058497428894,-0.13038836419582367,-0.07770083410586347,0.5185091191057202,0.011739509623528625,0.8514534970844047
1.6333333,49,1,0.07606656865045935,-0.013007880992082617,0.05863320899860586,-0.2638446986675263,1.136679768562317,-0.13038836419582372,-0.07586568709520375,0.5396457805539647,0.01621949558838336,0.8383100601893867,0.08227673739351271,-0.013823518752946195,0.07442548615204045,-0.26077672839164723,1.0860583782196045,-0.13038836419582361,-0.07770084139820421,0.518509068876912,0.011739501013195415,0.8514535271254505
1.6666666,50,1,0.07687845130612632,-0.013114345064763831,0.06215738873046056,-0.2638446986675263,1.133611798286438,-0.13038836419582372,-0.0760574659150512,0.5383733417595166,0.01599645659469278,0.8391147240620235,0.08303589765659097,-0.01407053468997009,0.07708443327633015,-0.2607767283916472,1.0860584974288936,-0.13192234933376296,-0.0773031186487296,0.518568562548596,0.01108644772942643,0.8514622507546685
1.7,51,1,0.0776645013690021,-0.013217421649096495,0.06534885864101436,-0.2638446986675262,1.132077813148498,-0.13038836419582361,-0.07615328823882105,0.5377366471056655,0.01588492294950891,0.839516315668052,0.0840738907537461,-0.01405918367893971,0.08025022285791626,-0.26077672839164734,1.086058497428894,-0.13038836419582367,-0.07770083410586348,0.5185091191057202,0.011739509623528625,0.8514534970844047
1.7333333,52,1,0.07885694196855537,-0.013373789175576757,0.06969050076531703,-0.26384469866752625,1.1274758577346802,-0.13038836419582367,-0.0764404861891529,0.5358246666128008,0.015550266207972353,0.8407181263308815,0.08483885063820107,-0.014159494658818843,0.082369443003524,-0.26077672839164723,1.087592363357544,-0.13038836419582353,-0.07760698071373516,0.5191552606161715,0.011850295317302844,0.8510667085604662
1.7666667,53,1,0.07969874483305292,-0.013627077612669042,0.0726279891498851,-0.26231071352958674,1.1244080066680904,-0.13192234933376307,-0.0755762337597107,0.5346182080855865,0.014271638981278223,0.841586552170864,0.0858148893150517,-0.0144392874815946,0.08470669058586516,-0.2607767283916473,1.086058497428894,-0.13192234933376312,-0.07730311864872962,0.5185685625485961,0.011086447729426425,0.8514622507546685
1.8,54,1,0.08044975807379304,-0.013726087962618639,0.07495154050645123,-0.2638446986675262,1.1259418725967403,-0.13192234933376307,-0.07612562227717934,0.5352452540717513,0.014793560042665294,0.8411293350061229,0.08705989385323218,-0.014604490891846483,0.0879466828857216,-0.2607767283916474,1.084524393081665,-0.13192234933376318,-0.07739743678497259,0.5179220877044213,0.010975341615696696,0.8518485133657443
1.8333334,55,1,0.08129903294010551,-0.013838780808189365,0.07675955304651716,-0.2638446986675262,1.132077813148498,-0.13192234933376312,-0.07574082586723076,0.5377948979369159,0.015241015564622977,0.8395282523504084,0.0881560832075662,-0.014749947566151014,0.09064845404493628,-0.26077672839164734,1.0829905271530151,-0.13192234933376318,-0.07749169473538858,0.5172754086720537,0.010864246313167021,0.8522342148624661
1.8666667,56,1,0.08171671300407296,-0.013894847900574556,0.07812180984829914,-0.2623107135295867,1.136679768562317,-0.13192234933376304,-0.07480875144783868,0.5397155985566985,0.015162559941018302,0.8383798781921206,0.0893737456280844,-0.014911522868277344,0.09333931422821863,-0.2607767283916473,1.0829904079437256,-0.13192234933376307,-0.07749170205917563,0.5172753584014984,0.010864237678791593,0.8522342448190122
1.9,57,1,0.08290837136498341,-0.014052328781619066,0.08077510935481205,-0.26384469866752613,1.1351457834243774,-0.131922349333763,-0.07554816009604873,0.539067823132872,0.01546468979313119,0.8387247468260912,0.09147738611568024,-0.015190661274473561,0.09716342081124713,-0.26077672839164723,1.0799224376678462,-0.13192234933376307,-0.07768009579226343,0.5159809872718123,0.010642010696782962,0.8530042034480488
1.9333333,58,1,0.0842884277975286,-0.014235452635392077,0.08399997776019175,-0.26384469866752613,1.1351457834243774,-0.131922349333763,-0.07554816009604873,0.539067823132872,0.015464689793131191,0.8387247468260912,0.09382018424269453,-0.01550153422974819,0.10087042189543041,-0.26077672839164734,1.06918466091156,-0.13192234933376312,-0.07833802419127613,0.5114411973039769,0.009864031126271393,0.8556832103974119
1.9666667,59,1,0.08563364982988206,-0.014413954207455056,0.08715032570829434,-0.2638446986675262,1.1320778131484985,-0.13192234933376307,-0.07574082586723074,0.537794897936916,0.015241015564623019,0.8395282523504083,0.09651601716844477,-0.01569138523142589,0.10503298940040928,-0.2592427432537079,1.0584467649459843,-0.13038836419582367,-0.0787241004718774,0.5068332023519205,0.009355359884232056,0.8583909938017916
2.0,60,1,0.08719771045248723,-0.014622137996547383,0.09060248051030556,-0.2623107135295868,1.1290099620819092,-0.13192234933376315,-0.07528875698963725,0.5365321171407141,0.014605802355136133,0.8403877443686463,0.09985505227171387,-0.016129240718839328,0.10953201085569496,-0.25924274325370783,1.0492427349090576,-0.13038836419582361,-0.0792795715218161,0.5029166511762183,0.008692785116676984,0.860647446400633
2.0333333,61,1,0.0894509774533678,-0.014920486932524627,0.09499799841125704,-0.26384469866752625,1.1274758577346802,-0.13192234933376312,-0.0760294902077728,0.535883138285111,0.014905437141764639,0.84072980598053,0.10243218183410839,-0.01646718574959537,0.11295825265661245,-0.25924274325370794,1.0400389432907104,-0.13038836419582372,-0.07983334922554056,0.49898955084413815,0.008030043419110764,0.8628856140314806
2.0666666,62,1,0.09238856627844363,-0.015148222739303205,0.09932241281961995,-0.26384469866752625,1.1136699914932255,-0.13038836419582361,-0.07729964568547353,0.530071744171591,0.014545809087947859,0.8442968259124067,0.10483396235528897,-0.01678276957738697,0.11592004823259175,-0.2577087581157685,1.0339031219482426,-0.13038836419582372,-0.0795386064178095,0.49637129912925726,0.007207412200532712,0.8644288268557555
2.1,63,1,0.09568810686521069,-0.015580899218338964,0.10306425370300978,-0.26384469866752625,1.0998642444610591,-0.13038836419582361,-0.07815511446001495,0.5242936136556451,0.013540667537817033,0.8478352641204996,0.10805483484709896,-0.017205130125024583,0.12018925153758751,-0.25770875811576843,1.0231651663780212,-0.13038836419582367,-0.08017925700424017,0.49176749525467695,0.006437393893989939,0.8670032164398486
2.1333334,64,1,0.09974184313681579,-0.016112475142566706,0.10762185259021327,-0.26384469866752625,1.084524393081665,-0.13038836419582367,-0.07910127399267626,0.5178441245709371,0.012423079298761493,0.8517195067631315,0.11024811430664534,-0.017492739993472305,0.12304744531403129,-0.2577087581157684,1.0185632705688477,-0.13038836419582361,-0.08045311003146752,0.4897901258354353,0.00610733405621159,0.868098859687708
2.1666667,65,1,0.10209876470997693,-0.01642218751798781,0.11021056118113608,-0.2623107135295868,1.079922497272492,-0.1303883641958237,-0.078730041240365,0.515912464714246,0.011691964120910442,0.8529356407922919,0.11249588101691527,-0.017787494902623557,0.125862309832799,-0.25770875811576843,1.0139613151550293,-0.13038836419582367,-0.08072654064976954,0.487810137629864,0.005777237608395126,0.8691899210102879
2.2,66,1,0.10428801404383592,-0.01670926890662246,0.1129032971625286,-0.2623107135295867,1.0768544673919678,-0.13038836419582361,-0.07891785116307999,0.5146168806858251,0.011469303100487717,0.8537036335681032,0.1151773744222335,-0.018139125408344198,0.1288900323445451,-0.25770875811576843,1.012427270412445,-0.13038836419582367,-0.08081759281830854,0.48714954143521355,0.0056671942998260255,0.8695525998346985
2.2333333,67,1,0.1070047097496706,-0.017065515572393546,0.11612004089113226,-0.2623107135295869,1.0737864971160889,-0.13038836419582375,-0.07910547173290627,0.5133201108656906,0.011246619417051133,0.854469602545601,0.11706139497792795,-0.01838618143297325,0.1314637142723617,-0.25770875811576843,1.009359359741211,-0.13038836419582367,-0.08099954386171915,0.48582756671543526,0.005447110573016863,0.8702763804102452
2.2666667,68,1,0.10894888891383704,-0.017320460336140316,0.11889538333546072,-0.2623107135295868,1.0707185864448547,-0.13038836419582367,-0.0792929025191883,0.5120221583757744,0.011023913596157599,0.8552335460395133,0.11910985601644414,-0.018655429966134788,0.13413054967347254,-0.25617480278015126,1.0062913894653325,-0.1303883641958236,-0.08051324791674516,0.48450828961058146,0.004855404179348361,0.8710601352712573
2.3,69,1,0.11093903715585958,-0.017581433132647487,0.12162966400973765,-0.26231071352958674,1.067650556564331,-0.13038836419582356,-0.07948015399988898,0.5107229505837368,0.010801173180643548,0.8559955067201683,0.12196622177198099,-0.019238215461100557,0.13752398854620845,-0.25617480278015137,1.0032233595848088,-0.13192234933376318,-0.0803236502455864,0.4832455615233899,0.00396765249448962,0.8717832851189861
2.3333333,70,1,0.11356173593349518,-0.017925353761243434,0.12447127849268415,-0.2623107135295867,1.0676506757736206,-0.13038836419582361,-0.07948014672780293,0.5107230010882419,0.010801181835791323,0.855995477153061,0.12417368738760459,-0.01953175624564043,0.13932883035730015,-0.2546408176422118,1.0047574043273926,-0.131922349333763,-0.07956425293031683,0.4839108711075713,0.003706327747602974,0.8714849749790179
2.3666666,71,1,0.11557574900067438,-0.01818945600812409,0.12677488042738896,-0.2623107135295867,1.0661166310310364,-0.1303883641958236,-0.07957370417912159,0.5100729337046745,0.010689799900353016,0.8563757096527264,0.12656082150612946,-0.019850977536711202,0.14064230534292677,-0.24850489199161532,1.009359359741211,-0.13192234933376315,-0.0766210826310848,0.48590640021685216,0.0025435396171535236,0.8706421252908434
2.4,72,1,0.11773629907495539,-0.018675035698296472,0.12915933512046993,-0.26077672839164723,1.0645825862884521,-0.13192234933376304,-0.07861931375946968,0.5094909802393146,0.009530510619949317,0.8568238523326107,0.1296476479926774,-0.020263576596935742,0.1421214342818936,-0.2408349812030792,1.015495240688324,-0.1319223493337631,-0.07292777128398452,0.4885587591094268,0.0010990558938675655,0.8694772401559171
2.4333334,73,1,0.12084767968560323,-0.019089792735308794,0.1307227120303469,-0.2561748027801513,1.0707184672355647,-0.13192234933376312,-0.07627595854663086,0.5121121727692991,0.008796850537741742,0.8554798162843569,0.1322490804856381,-0.020610523517376928,0.14359272764731681,-0.23623304069042206,1.0185632109642029,-0.13192234933376312,-0.07075141661501524,0.48988185196795453,0.00018133209192799455,0.8689130999576932
2.4666667,74,1,0.12311859289252097,-0.019393607039490134,0.13171782927077563,-0.2500388622283935,1.078388512134552,-0.13192234933376307,-0.07319133626613303,0.5153824834221543,0.007763963228538245,0.8537936782104776,0.1348693263708836,-0.020729849102775092,0.14465359476906436,-0.23623304069042206,1.0231651663780217,-0.13038836419582367,-0.07086505551237329,0.491808267232946,0.0011565943681009975,0.8678141704754672
2.5,75,1,0.12586879957136657,-0.01976036160788794,0.13313054869301005,-0.24543692171573644,1.0814564228057861,-0.13192234933376312,-0.07104419482841329,0.5166956035553015,0.006790360600439373,0.8531894670298744,0.13878526170296315,-0.02147782913274798,0.14620182688018962,-0.23623304069042206,1.02776712179184,-0.13192234933376312,-0.07022385302523255,0.4938404949455166,0.0008006394548642856,0.8667119100339634
2.5333333,76,1,0.12930054378271838,-0.020217518291572596,0.1354492799823903,-0.24083498120307925,1.0829904079437256,-0.13192234933376315,-0.06899047091667967,0.5173579694365857,0.0057060958800845074,0.8529645284845994,0.14197001765218978,-0.02190100162849404,0.14734220729951275,-0.2346990555524826,1.0323690772056584,-0.13192234933376312,-0.06929558015429778,0.4958166054593311,0.000730000197633458,0.8656578327616384
2.5666666,77,1,0.13203756825055518,-0.02058070232999409,0.1365787403557926,-0.2408349812030792,1.0875923633575435,-0.1319223493337631,-0.06871910565513717,0.5193004696814585,0.006020035757889377,0.8518030675432252,0.14506138392198195,-0.022311204350207545,0.14827778021408983,-0.2346990555524827,1.0369710326194768,-0.1319223493337632,-0.06903172258300118,0.49778962204726734,0.0010381292636609213,0.8645455660327536
2.6,78,1,0.13526556127543687,-0.021009034468252072,0.13735719667714963,-0.24083498120307925,1.0952622294425964,-0.13192234933376315,-0.06826602593666933,0.5225318300813862,0.0065431931725745945,0.8498572955959828,0.14926873667139703,-0.02286949068653834,0.14935638314772864,-0.23469905555248272,1.0431069731712346,-0.13192234933376323,-0.06867934419249828,0.500416209290712,0.0014489591864890064,0.8630554244529598
2.6333334,79,1,0.13956621514493117,-0.021344008484449443,0.1364004836727027,-0.24083498120307917,1.1136700510978703,-0.13038836419582367,-0.06758122502982665,0.5302040326675195,0.008446584492461806,0.8451302366954928,0.15215077448697195,-0.02325191698379802,0.14988192400214542,-0.23469905555248255,1.0477088689804077,-0.13192234933376307,-0.0684146394227386,0.5023830345902786,0.0017570688993468967,0.8619325010564357
2.6666667,80,1,0.14235281274029382,-0.021709421548585257,0.13627915307520072,-0.24083498120307917,1.1228739023208623,-0.13038836419582367,-0.06703629655067163,0.5340495635891177,0.009072098284600219,0.8427424847530578,0.15499029939981276,-0.02362870211566753,0.15057333561441044,-0.2346990555524826,1.0507768392562866,-0.13192234933376312,-0.06823796597162637,0.5036927913906937,0.001962472967562273,0.8611813401374637
2.7,81,1,0.1451657284788106,-0.022078285772425044,0.1368586849152476,-0.2408349812030791,1.1259418725967412,-0.13038836419582361,-0.06685433649166952,0.5353289062072516,0.009280562191310049,0.8419425936705064,0.1585712007587826,-0.023838508859299244,0.15147595604010927,-0.2346990555524826,1.0523107945919037,-0.13038836419582367,-0.06853638120459588,0.5042947942479582,0.002725401676398475,0.860803169796377
2.7333333,82,1,0.1489556143989471,-0.022825608941015502,0.1394182222645159,-0.2408349812030791,1.1228739023208618,-0.13192234933376307,-0.06662666482612331,0.5341008228406917,0.00842571845615842,0.8427491951010936,0.16129679634395044,-0.024195922587075615,0.15195004333812884,-0.2346990555524826,1.0538447797298431,-0.13038836419582367,-0.06844844589318436,0.5049489993217464,0.0028278117251948043,0.8604262442647956
2.7666667,83,1,0.15210067079727982,-0.023242935967950185,0.14102953660815606,-0.2408349812030792,1.1198059320449834,-0.1319223493337631,-0.06680944929792154,0.5328203633629054,0.00821662127366792,0.8435469429766046,0.16389463429661283,-0.024263034891234485,0.15232948584729805,-0.23469905555248255,1.0538447499275208,-0.12885437905788416,-0.06883571955111273,0.5048963386441064,0.003487749380229206,0.8604238295990628
2.8,84,1,0.15517103422881398,-0.023390304930773795,0.14166356198450364,-0.2408349812030791,1.1213399171829224,-0.13038836419582356,-0.06712721745300299,0.5334094208377813,0.008967858295217918,0.8431416867621461,0.1680144456351276,-0.024516990584541425,0.15269070754003594,-0.2346990555524826,1.0507768094539642,-0.12732040882110596,-0.06939676812631733,0.503534431886905,0.003944016694402117,0.8611745521148823
2.8333333,85,1,0.15880527052416965,-0.02360126270578325,0.14158355177725512,-0.24083498120307917,1.1244079768657684,-0.12885437905788422,-0.06735541399736965,0.5346379256145526,0.009822406889934328,0.8423354777181711,0.17116243094821307,-0.024920546805358,0.15232076513877982,-0.2331650853157044,1.0507768988609318,-0.127320408821106,-0.0687362346670385,0.5035373469506362,0.0035578180624545024,0.8612275031606613
2.8666666,86,1,0.1613141594240211,-0.023926345185415664,0.14132923529055325,-0.24083498120307914,1.1259419322013855,-0.1288543790578842,-0.06726490656237341,0.5352774968175877,0.009926327148965387,0.8419352123383272,0.17459117676015967,-0.025360606487541577,0.15225468839954753,-0.23009711503982538,1.0492428541183472,-0.1273204088211059,-0.06750103198672253,0.5028870220989212,0.0026850622883670986,0.8617082128689004
2.9,87,1,0.1638993506799551,-0.024261314336043588,0.14074948520977232,-0.2408349812030792,1.1290099024772644,-0.1288543790578842,-0.06708376951827831,0.5365557190301756,0.0101341541257136,0.8411331803961761,0.1790500039732696,-0.025636120240199203,0.15200951411618518,-0.22549517452716825,1.04924288392067,-0.12578642368316648,-0.06590378345188314,0.5028414820177252,0.0021889706951961916,0.8618598167313759
2.9333334,88,1,0.1677982174332358,-0.024488152362235924,0.1402505281764136,-0.23776702582836146,1.1290098428726196,-0.1273204088211059,-0.06620493734253935,0.5365199880935071,0.009956286034360993,0.8412277224485744,0.1820452810483952,-0.026016527945644727,0.15210573100060282,-0.220893234014511,1.0492428839206696,-0.1257864236831664,-0.0639204969358483,0.5028451876322371,0.0010319426276838132,0.8620091777011355
2.9666667,89,1,0.17149134651159428,-0.024962652232096334,0.14044678747615794,-0.23316508531570432,1.1259418725967407,-0.12732040882110593,-0.06444620275485752,0.5352623308644129,0.008519436421770875,0.8421807070404372,0.184834602072192,-0.02606340539125037,0.1524075387448547,-0.22089323401451105,1.04770889878273,-0.12425244599580765,-0.06438936316440332,0.5021399698079397,0.001596357483288265,0.8623844341564553
3.0,90,1,0.17480495601632212,-0.025388535473783596,0.1398262971509584,-0.22856314480304707,1.1274758577346802,-0.12732040882110585,-0.06242060392824509,0.5359204785650785,0.007387476426386572,0.8419253732082553,0.18793926771371539,-0.026451705330592858,0.15206336837900164,-0.21935924887657163,1.0492428541183472,-0.12425244599580762,-0.06364498367480798,0.502797151378305,0.0013074505459668903,0.8620572087697922
3.0333333,91,1,0.17942253204119998,-0.025682672934486808,0.1393716733730394,-0.22702915966510767,1.127475947141647,-0.12578642368316645,-0.0621858631052508,0.5358784858963365,0.007622217952664112,0.8419673797581394,0.18947727353522553,-0.026643795875686833,0.1519470095566321,-0.21935924887657157,1.0507768094539638,-0.12425244599580756,-0.06356202807290127,0.5034529604805097,0.0014036808967462528,0.8616803437763972
3.0666666,92,1,0.18167160636501611,-0.025967077505838203,0.13847440494933877,-0.2270291596651078,1.1336118578910828,-0.1257864236831666,-0.061838306055601124,0.5384357361662685,0.008017712018049067,0.8403562924243848,0.19066859605129358,-0.02647831203272481,0.1518368408624764,-0.2178252786397934,1.0507768094539642,-0.1227184608578682,-0.06328724029368403,0.5034054962334223,0.001678478846999201,0.8617278075394523
3.1,93,1,0.18353161578002367,-0.025898470473471814,0.138703052852722,-0.22702915966510775,1.1336118876934052,-0.12425244599580768,-0.06225126034892645,0.5383881609164202,0.008662255412293186,0.8403498879045425,0.19140728798831214,-0.02657100759824648,0.15256292969943425,-0.21322332322597506,1.0477088540792465,-0.12271846085786822,-0.061466815802477905,0.5020953832662918,0.00033229035547286496,0.8626250322364285
3.1333334,94,1,0.1853919161449595,-0.02613136915370255,0.13959027786695402,-0.22549517452716825,1.1290099024772644,-0.12425244599580762,-0.06186502710417562,0.5364767351764315,0.007955094515568889,0.8416068841847036,0.19163966930422002,-0.026284508698360836,0.15322853096949485,-0.21015536785125732,1.0446408987045288,-0.12118448317050932,-0.060688831879288856,0.5007347913168496,3.851400899689666e-05,0.8634706323707076
3.1666667,95,1,0.18614068305101436,-0.0259182273038696,0.13972430513986195,-0.22242721915245062,1.1274759173393254,-0.12271846085786825,-0.06107034110330726,0.5358015430117992,0.007680926887010879,0.8420974547555984,0.19169214355050232,-0.026608204733809596,0.15356034031901727,-0.20708741247653953,1.0431069135665894,-0.12271846085786811,-0.05906014252376503,0.5001220033301255,-0.0014838583620341603,0.8639373122596894
3.2,96,1,0.18648893079495152,-0.02596226322855522,0.1406942656377424,-0.21935924887657157,1.122873991727829,-0.12271846085786811,-0.0600312232382908,0.5338899355648007,0.006571556681878733,0.8433946902737202,0.1916900220701722,-0.02660844968699515,0.15355913065766086,-0.20555342733860013,1.0431069135665894,-0.12271846085786817,-0.05839749171829628,0.5001207181166211,-0.0018674477480967698,0.8639823568282138
3.2333333,97,1,0.1867546008381753,-0.02568803506323605,0.1413400498607134,-0.2147573083639145,1.11980602145195,-0.12118448317050934,-0.0586653972724219,0.5325749475868744,0.00580196648161896,0.8443273260712654,0.1916900220701722,-0.02660844968699515,0.15355913065766086,-0.20555342733860013,1.0431069135665894,-0.12271846085786817,-0.05839749171829628,0.5001207181166211,-0.0018674477480967698,0.8639823568282138
3.2666667,98,1,0.1867127568579599,-0.025991992419496145,0.14133900450342515,-0.213223323225975,1.11980602145195,-0.12271846085786817,-0.05760928793398372,0.5326235833412043,0.004745858304548929,0.8443759620225267,0.1916900220701722,-0.02660844968699515,0.15355913065766086,-0.20555342733860013,1.0431069135665894,-0.12271846085786817,-0.05839749171829628,0.5001207181166211,-0.0018674477480967698,0.8639823568282138
3.3,99,1,0.1867127568579599,-0.025991992419496145,0.14133900450342515,-0.213223323225975,1.11980602145195,-0.12271846085786817,-0.05760928793398372,0.5326235833412043,0.004745858304548929,0.8443759620225267,0.19160531097044034,-0.027231170632756388,0.15355792060935264,-0.20401944220066065,1.0431069135665894,-0.12578642368316645,-0.056967565469056,0.500207114363905,-0.003576434061425535,0.8640224235190128
3.3333333,100,1,0.1867127568579599,-0.025991992419496145,0.14133900450342515,-0.213223323225975,1.11980602145195,-0.12271846085786817,-0.05760928793398372,0.5326235833412043,0.004745858304548929,0.8443759620225267,0.19143529451673805,-0.027842311793803105,0.15387181358293034,-0.20401944220066068,1.04157292842865,-0.1288543790578842,-0.056281602058126726,0.4996360826914345,-0.0049938742922307185,0.8643906682525455
3.3666666,101,1,0.1867127568579599,-0.025991992419496145,0.14133900450342515,-0.213223323225975,1.11980602145195,-0.12271846085786817,-0.05760928793398372,0.5326235833412043,0.004745858304548929,0.8443759620225267,0.1912083799016024,-0.028761788061875196,0.15353744886634174,-0.20401944220066062,1.0431069135665894,-0.1334563344717025,-0.05504887929239515,0.5004219036616875,-0.006889887094362779,0.8640023545570296
3.4,102,1,0.1866726526294542,-0.02629563364627831,0.14133900450342515,-0.21322332322597495,1.11980602145195,-0.12425244599580756,-0.057200752698430675,0.5326676125673668,0.00409822688381768,0.8443793536965026,0.19080656822818884,-0.029656041249874823,0.15383002790570138,-0.20401944220066057,1.0415729135274887,-0.13805827498435966,-0.05398171577808555,0.4998897897748799,-0.008971689157984035,0.8643585374334732
3.4333334,103,1,0.18663208286536648,-0.0265992115222071,0.14133900450342515,-0.21322332322597495,1.11980602145195,-0.12578642368316642,-0.05679218579746206,0.5327113282255521,0.0034505961977605044,0.8443822486281877,0.1904390625232078,-0.03086889087406717,0.15380870474044941,-0.20401944220066073,1.041572943329811,-0.1441942006349564,-0.052447819164433335,0.5000530636045717,-0.011623460791904953,0.8643269375669117
3.4666667,104,1,0.18647503048313963,-0.026887876639904273,0.1410144687622043,-0.21322332322597498,1.1213400065898895,-0.1273204088211059,-0.05629919970085532,0.5333966955504237,0.002897740329566593,0.84398457828915,0.1899166907213222,-0.03300427328813333,0.1537883192119034,-0.20555342733860016,1.041572943329811,-0.15493206679821014,-0.05042518493009768,0.500339771009932,-0.015880032283176082,0.8642136534707027
3.5,105,1,0.18650757995283607,-0.027509568225193192,0.14133900450342513,-0.21322332322597504,1.11980602145195,-0.13038836419582367,-0.05556628361559428,0.5328405950306684,0.0015076903386042236,0.8443879530656258,0.18904757192561797,-0.03697884815860267,0.15441345939504914,-0.20555342733860008,1.0385049730539322,-0.17487381398677823,-0.045627474497472946,0.49950538005826156,-0.024698330923056924,0.8647557466206567
3.5333333,106,1,0.18620079077763949,-0.029631435908908016,0.14133900450342515,-0.21322332322597498,1.11980602145195,-0.1411262303590774,-0.052704711002150746,0.5331312455912383,-0.003025772026393444,0.8443838778163395,0.18843198630130964,-0.039724088867304684,0.1547258289688589,-0.2055534273386001,1.0369709879159927,-0.1886796355247497,-0.04227963257862388,0.49915253436188933,-0.030770695992094952,0.8649348786916167
3.5666666,107,1,0.18565733760869588,-0.03233644979920106,0.1410144687622043,-0.21322332322597498,1.1213400065898895,-0.1549320667982101,-0.04893008481288841,0.5341230958414659,-0.00875407243837457,0.8439441518872416,0.1877542150633387,-0.0424543377381899,0.155110010738292,-0.2055534273386002,1.0339030176401138,-0.20248545706272128,-0.03904454671709773,0.4981212307091259,-0.03695286342846392,0.8654393385864311
3.6,108,1,0.1851381555276757,-0.0353530473679238,0.14101446876220436,-0.21322332322597506,1.1213400065898895,-0.17027187347412107,-0.0448320132550059,0.5344826707186783,-0.01522672155301052,0.8438521862504587,0.1866962358611479,-0.046375772064410785,0.15638032045270042,-0.20401944220066076,1.0277671068906784,-0.22242721915245062,-0.03386026042861258,0.4958286512363206,-0.04639950684472169,0.8665186190391088
3.6333334,109,1,0.18421140006949868,-0.040162005336294895,0.1410144687622043,-0.21322332322597498,1.1213400065898895,-0.19481556117534632,-0.03826971424213683,0.5349925828297933,-0.025580937351032517,0.8436017904990329,0.18602953707130054,-0.04942260978250764,0.15743811219217935,-0.20555342733860016,1.0216311663389206,-0.2377670258283615,-0.03118934673812202,0.49349146742730315,-0.053113536787562386,0.867566912944709
3.6666667,110,1,0.18350592121245113,-0.043454306374060565,0.1410144687622043,-0.21322332322597498,1.1213400065898895,-0.21168935298919672,-0.033754729023545586,0.5352964159973567,-0.032697322971704655,0.8433559452327444,0.18529277943305086,-0.05277686724663846,0.15825724246650913,-0.20555342733860005,1.0154952257871628,-0.2546408176422118,-0.02751529813975055,0.49111360166968115,-0.06089265120545192,0.8685288847542639
3.7,111,1,0.18275118676241559,-0.04642151757015982,0.14132050687378883,-0.21322332322597504,1.1198060214519505,-0.22702915966510773,-0.02976437512006327,0.5349026019390798,-0.03927935552469723,0.8434752045211992,0.18522662506556437,-0.05730050526131529,0.15936277437441487,-0.2055534273386001,1.0016895085573196,-0.2761165499687195,-0.023406567109602244,0.4854733807536014,-0.07128584659331051,0.8710258648692858
3.7333333,112,1,0.1820633875711695,-0.049403523130940326,0.14195133492483328,-0.21322332322597506,1.1167380511760712,-0.2423689663410187,-0.025903148110960308,0.5338421090876255,-0.04598267760241795,0.8439355560961568,0.18539131873513412,-0.06095728066594509,0.16024812574666608,-0.2055534273386001,0.9878836423158646,-0.2929903268814086,-0.02052505454196111,0.47973306560306733,-0.07972594075705688,0.8735437494902787
3.7666667,113,1,0.18149186190296943,-0.05241807498050852,0.14178970244700229,-0.2132233232259749,1.1152040660381317,-0.25770875811576827,-0.021933901955692246,0.5333890322159384,-0.05257470942882757,0.8439496099798951,0.18623724078716608,-0.06387272452559188,0.1613874364858703,-0.2055534273386001,0.9710098057985306,-0.3052621781826019,-0.019109500444038405,0.47259201771205855,-0.08643956984878154,0.8768237066548681
3.8,114,1,0.18169506583126738,-0.055976866846487866,0.14236912267560897,-0.21322332322597495,1.1044661700725555,-0.27458256483078,-0.018352186553566633,0.5291016016567509,-0.060559031752090174,0.8461957787924809,0.18682857020831847,-0.06877896300031043,0.16287974216080767,-0.20708741247653945,0.9495341330766678,-0.32673791050910933,-0.01675210693631181,0.4635801683002135,-0.09726058616508977,0.8805414089358679
3.8333333,115,1,0.18225518572362442,-0.06130940151468755,0.14372144146776034,-0.21322332322597493,1.0845243632793427,-0.2991262674331664,-0.013665368142176343,0.5209973772128893,-0.0726032228461698,0.8503550803536006,0.1870804464690466,-0.07228288648566457,0.16362285321598224,-0.2070874124765396,0.9357282668352127,-0.34207770228385925,-0.014556484212866613,0.45772205454552956,-0.10516835778883106,0.8827333946724686
3.8666666,116,1,0.18273256411998545,-0.06473896307428555,0.14427059793045183,-0.21322332322597498,1.0707186162471771,-0.3144660592079162,-0.010963742686993058,0.5153273330948385,-0.08029731741469931,0.8531529036038369,0.18693877629371616,-0.07533932162635383,0.1647249959425381,-0.20708741247653956,0.9234565049409866,-0.3558835387229919,-0.012641985270654698,0.4524925326969309,-0.11230142045560396,0.8845784753347705
3.9,117,1,0.183602589390219,-0.0676841133472331,0.14526543113180881,-0.21168935298919664,1.0538447797298431,-0.3267379105091093,-0.008769576311755293,0.5082550706337772,-0.08737537974394383,0.8567178186083024,0.18687143654049276,-0.07915333423089128,0.1657450349300944,-0.21015536785125727,0.909650638699532,-0.3727573454380035,-0.011634922297100456,0.4467757315954258,-0.12026686950309176,0.8864490703590583
3.9333334,118,1,0.18427717969632823,-0.07196157964042932,0.1464809058873649,-0.21168935298919678,1.0339030921459202,-0.34514567255973816,-0.006084617612918774,0.49993723383408467,-0.09700510526486263,0.8605903492413688,0.18668770266406154,-0.08154841534619091,0.1663209271567193,-0.21322332322597498,0.9019807130098343,-0.38349521160125727,-0.011423553920972282,0.4436911522892396,-0.12501702141627294,0.8873434555752719
3.9666667,119,1,0.18440274587377342,-0.075080908700057,0.14749277079505674,-0.21168935298919667,1.0216312110424042,-0.35895150899887074,-0.0038955454484163087,0.4947960337010958,-0.1040342012714507,0.8627505982177786,0.18606445120169604,-0.08342236850021952,0.16643767397402065,-0.21475730836391443,0.9004467278718948,-0.3926990926265717,-0.010230766945963816,0.44317162912441116,-0.12889616772138374,0.8870625775522567
4.0,120,1,0.18410171000173886,-0.07772286968512826,0.14764069104848604,-0.21322332322597506,1.0154952704906468,-0.3712233603000641,-0.002168634849476193,0.49230602962072423,-0.10950105234013024,0.863504249994389,0.18539121645922663,-0.0863519009637902,0.16645692385060917,-0.21629129350185383,0.8973787575960159,-0.40650489926338185,-0.008198763672369774,0.44200435016866163,-0.13495616412666234,0.8867647762910079
4.0333333,121,1,0.1834690152531468,-0.08094680010392398,0.1480358785787194,-0.21475730836391438,1.0093593299388885,-0.38656315207481373,0.00027680999802981774,0.489809648636528,-0.11630942047570358,0.8640361972668692,0.18485378048963064,-0.08827477170230659,0.16669050054278828,-0.21782527863979345,0.894310787320137,-0.41570878028869623,-0.007198558235178691,0.4408139321415385,-0.13897982094575922,0.8867445333122355
4.0666666,122,1,0.18313089158850132,-0.08255787820401744,0.14823428018067258,-0.21475730836391443,1.0062913596630096,-0.39423304796218867,0.0018157910546231263,0.48851082076121183,-0.11990749266982681,0.8642777760093618,0.18449406426408937,-0.08992186363092261,0.16668411867366084,-0.21782527863979323,0.8912428021430969,-0.4233787059783934,-0.00586738633229616,0.43950864447106297,-0.14266478824833367,0.8868170518246109
4.1,123,1,0.1824919675377753,-0.08404632224482939,0.1482342801806726,-0.2147573083639145,1.0062913596630096,-0.401902973651886,0.00368919395715554,0.4885002650417841,-0.12322107596909333,0.8638115809243773,0.1843882071721381,-0.0916916852987294,0.16750972911709483,-0.21782527863979342,0.8835728913545609,-0.43104860186576843,-0.005092999500492263,0.43620275742502107,-0.1467823935996223,0.8877815861460868
4.133333,124,1,0.18172535416201557,-0.08618502247985617,0.1483364113702182,-0.21782527863979326,1.0047573745250702,-0.41264083981513955,0.004811620019512629,0.48802327367228443,-0.1272543295080287,0.8634908617283894,0.18460899027247782,-0.09289117631225573,0.1681014558564782,-0.21782527863979334,0.8759030848741531,-0.43565055727958674,-0.005008015094530372,0.43288390064613264,-0.1495438272491581,0.8889449319715346
4.1666665,125,1,0.1809239551172577,-0.0879574692018755,0.1483364113702182,-0.21782527863979334,1.0047573745250702,-0.42184472084045405,0.007057415216881364,0.4879959633270363,-0.13122670157649535,0.8628961035143964,0.18496285717201474,-0.09379181352808452,0.1686986295952187,-0.2178252786397934,0.8682331591844559,-0.4387184977531433,-0.005267756076900434,0.42955664761309315,-0.15162642145330155,0.8902037775445467
4.2,126,1,0.1802436845903086,-0.08942882184081413,0.1483364113702182,-0.21782527863979323,1.0047573745250702,-0.4295146167278288,0.008928797849794452,0.48796531014200495,-0.1345348901401461,0.8623865119550242,0.1851883781828469,-0.09574897273214111,0.1699045782701383,-0.21782527863979326,0.8559612780809402,-0.44638842344284047,-0.005118764250262066,0.42423119613071775,-0.15619422806114797,0.8919669576853354
4.233333,127,1,0.1806762200928998,-0.09070138431984823,0.1489388146115028,-0.21782527863979337,0.995553582906723,-0.43411657214164734,0.008952807721058756,0.4840748843578678,-0.1374199129831531,0.8641221679158156,0.18555710817288618,-0.09704549866390351,0.17099922676869084,-0.2162912935018539,0.8452233821153641,-0.4509903490543364,-0.00477890658816209,0.4194348162643859,-0.1595784436998004,0.8936365688933237
4.266667,128,1,0.18193477061668073,-0.09164638610071485,0.1499618256135397,-0.21782527863979328,0.9802137315273285,-0.4356505572795867,0.007487419727247674,0.4775988091545693,-0.13958052401213789,0.8673872222695365,0.18574685722956855,-0.09826297786295543,0.17207989440257304,-0.21629129350185392,0.8344856053590775,-0.4555923044681548,-0.005144588674197878,0.414750177089301,-0.16264115604323906,0.8952673780344538
4.3,129,1,0.18330878829747188,-0.09301569804093522,0.1512204791551564,-0.2178252786397934,0.961805909872055,-0.4387184977531433,0.006003498222620164,0.46979022037335855,-0.1427036096971005,0.8711468226596821,0.186327160735295,-0.09968133410618965,0.17344921860307244,-0.2162912935018539,0.8206797391176224,-0.4601942300796507,-0.005915004848835525,0.40871143634834406,-0.16599423352155754,0.8974218010240795
4.3333335,130,1,0.1839589723220741,-0.09479152884543829,0.15218644207709833,-0.2178252786397933,0.9480001628398895,-0.444854438304901,0.005764027513057487,0.4639012117716217,-0.1467211691194794,0.8736334129575531,0.18694420015156157,-0.09998719480639154,0.1745527518147273,-0.216291293501854,0.8099418431520462,-0.4601942300796508,-0.0072562892831753364,0.4039928058539736,-0.16699484939530915,0.899360817113749
4.366667,131,1,0.1840467734789753,-0.09631349088483168,0.1527311575953128,-0.21782527863979334,0.9403302371501923,-0.4509903490543365,0.0062433213825966866,0.4606144170686095,-0.15015021105525878,0.8747858559937511,0.18729882823969413,-0.10054459210877087,0.17647692354527894,-0.21475730836391443,0.7946019917726521,-0.4617282152175903,-0.008175564615746062,0.3971088346776956,-0.16941241607050192,0.901962952035887
4.4,132,1,0.18428533338145664,-0.09717330208655371,0.15317105003983086,-0.21782527863979345,0.9341942965984344,-0.4540583193302155,0.00619068293307423,0.45798703755308606,-0.15209188440534838,0.8758296681297113,0.1878004725302581,-0.10079421184036307,0.1807956624879506,-0.21475730836391443,0.7639224380254745,-0.4617282152175903,-0.012011677320896443,0.3835178448691818,-0.17221841838479499,0.9072544288367386
4.4333334,133,1,0.18548006957818267,-0.09775641724647995,0.1541741071182818,-0.21782527863979345,0.9203884303569794,-0.4540583193302155,0.004482266154892292,0.4520824779425135,-0.15343651127931845,0.8786686402927472,0.18807196644946692,-0.10092930804402091,0.18369604934818617,-0.21475730836391443,0.742446705698967,-0.4617282152175903,-0.014695333776009815,0.37395024611413824,-0.1741585513212673,0.9108315209730417
4.4666667,134,1,0.1863605358970476,-0.09780978731160479,0.15643502381138202,-0.21782527863979328,0.9019807577133179,-0.452524334192276,0.0018633968313902503,0.4441778950213059,-0.15454111738666818,0.8825075457827941,0.18862113695100585,-0.10120315914010472,0.18521344251890498,-0.21322332322597506,0.7271068543195729,-0.46172821521759044,-0.015910700969046197,0.36695502565906174,-0.1758135865329931,0.9133347915899386
4.5,135,1,0.1867285295437398,-0.09798869560755541,0.15937884459986904,-0.21782527863979334,0.8805049955844884,-0.45252433419227595,-0.0007876184313845627,0.4349044552761319,-0.1565995888925786,0.8867547931626042,0.1892987312649925,-0.10231239169973774,0.18633795133730777,-0.21168935298919678,0.7117671072483063,-0.46479618549346924,-0.016569178416044463,0.3599617999144057,-0.1788522156450325,0.9155134351214411
4.5333333,136,1,0.18710685937979976,-0.09817262907185609,0.1639747380366704,-0.21782527863979328,0.8498253226280217,-0.4525243341922759,-0.004574551389389256,0.4215699587720755,-0.1595088835179899,0.8926448114560128,0.1899897646438246,-0.10265947592599402,0.18743337571906404,-0.2101553678512574,0.6994952261447906,-0.46479618549346935,-0.017402197448569853,0.3543034499621871,-0.18020155591885134,0.9174386236219173
4.5666666,137,1,0.18781461083375045,-0.0988958373137092,0.16775099157037565,-0.21782527863979334,0.822213739156723,-0.4540583193302154,-0.007667807480073992,0.40949006303635477,-0.162783697882885,0.8976416660931601,0.19010433176181107,-0.10271749478226155,0.18880475411304723,-0.2086213827133178,0.6887573748826981,-0.46479618549346924,-0.018040034238704625,0.34932255592589007,-0.18140311089543765,0.9190980472417115
4.6,138,1,0.18842087386265288,-0.0991917362443891,0.17107967215186937,-0.2178252786397934,0.7976700067520142,-0.45405831933021545,-0.0107035898934681,0.3986837307213892,-0.16506008436649292,0.9020487151869312,0.1898974858158049,-0.10222658686512251,0.19182501585441858,-0.20862138271331782,0.6688156276941299,-0.46326220035552973,-0.020791008273447226,0.34028673383769936,-0.1824088161888653,0.9222254044026443
4.633333,139,1,0.18940320527951518,-0.09967118295640294,0.1735493962575,-0.21782527863979326,0.7761942148208618,-0.45405831933021534,-0.013358596065367042,0.38917887055845907,-0.16703154561137218,0.9057934739181336,0.18977452957027616,-0.10177881268979486,0.193757113300381,-0.20862138271331784,0.6565437465906143,-0.46172821521759033,-0.022574752475195484,0.3347007006653227,-0.1827437852898621,0.9241593642130985
4.6666665,140,1,0.1898757213519923,-0.0999018039804627,0.17455851115044196,-0.21782527863979334,0.7669904232025146,-0.4540583193302154,-0.014495987458305003,0.3850916113845097,-0.16787056430697297,0.9073664038458493,0.18970527998654707,-0.10097368527321245,0.1945414700019257,-0.2086213827133178,0.6488739103078842,-0.4586602449417114,-0.024034082086285945,0.33117660904113,-0.1819722079403412,0.9255433712471854
4.7,141,1,0.19022728182149473,-0.10007339017661163,0.17543965291557073,-0.21782527863979334,0.7593204975128174,-0.4540583193302154,-0.015443592408777056,0.3816792844625393,-0.1685670406364351,0.9086625182523763,0.1893841807430735,-0.10004804264471182,0.19488064186820836,-0.20862138271331782,0.6396699696779251,-0.45559230446815485,-0.025670300509218758,0.3269442470113878,-0.18132225009150282,0.9271303773686188
4.733333,142,1,0.19018800629940905,-0.10005422096385576,0.17650490422686377,-0.21782527863979345,0.7516506314277649,-0.4540583193302155,-0.0163909628701817,0.37826137079633515,-0.16926103248003666,0.9099452591135676,0.18914834075058304,-0.09955082233908918,0.19627770931546562,-0.20708741247653967,0.6243301928043365,-0.4540583193302155,-0.027081982790690264,0.3197762986344181,-0.1821295728092629,0.9294291278780279
4.766667,143,1,0.18964622534124168,-0.09978979381170913,0.1785737820061444,-0.21782527863979342,0.7393787503242493,-0.45405831933021557,-0.01790626018862797,0.37278111624281945,-0.17036624607982026,0.9119698171625445,0.18956415629700182,-0.09898945814128013,0.19794170742009137,-0.20708741247653956,0.604388415813446,-0.4509903490543365,-0.029989844386678025,0.31059016453427096,-0.18233158120327314,0.9324106141739011
4.8,144,1,0.1891357227952314,-0.09954122088646437,0.18136228986878916,-0.21629129350185383,0.7209709584712982,-0.45405831933021545,-0.01947616083919449,0.3644024574855161,-0.1722915688367003,0.9149574544454353,0.1894333682657241,-0.0981645878714851,0.2002384055930027,-0.20708741247653967,0.5783107578754425,-0.4479223787784576,-0.033604454685602816,0.2985347210706831,-0.1829973336497718,0.9360874621623808
4.8333335,145,1,0.18848788566696378,-0.09922503087590714,0.18444255738141588,-0.21629129350185383,0.6918253302574158,-0.45405831933021534,-0.023065889953690556,0.3512804815651616,-0.17485746141018466,0.9195079424241959,0.1896790724345438,-0.09676448994408424,0.20038661087177023,-0.2070874124765397,0.5660389363765717,-0.4417864680290222,-0.035977643117687884,0.29275671357403366,-0.1810955957140164,0.9381916121272952
4.866667,146,1,0.18821268453928808,-0.09871142193123483,0.18586608079061118,-0.21475730836391455,0.6718835830688477,-0.45252433419227606,-0.025074078429553576,0.3421044586848071,-0.17614654358600298,0.9226636576356457,0.18998025950654523,-0.0950188501173942,0.2008924437583633,-0.20708741247653956,0.5553010106086731,-0.4341165721416473,-0.03835517566333397,0.28763833458255333,-0.17833530408242754,0.940207204979965
4.9,147,1,0.18800598476580693,-0.0982320166968152,0.18770671044597292,-0.21475730836391446,0.6534757912158966,-0.45099034905433644,-0.02758396641464668,0.3337228255660546,-0.17701354392327087,0.9254914401337101,0.18992091521245197,-0.09311727186502106,0.20088929159341795,-0.20708741247653958,0.5460971593856812,-0.42644664645194996,-0.04051648166241603,0.2832113981947603,-0.17543905446131053,0.9420036394919021
4.9333334,148,1,0.18836583022027584,-0.09651676549127289,0.18826372703859795,-0.2147573083639145,0.6350680291652679,-0.44332045316696167,-0.031076539831467295,0.3252154831023124,-0.17501273210128362,0.9287839801725033,0.1894172075678852,-0.09251613481402844,0.20053606151067943,-0.20708741247653967,0.5445631444454193,-0.42491269111633295,-0.04090947902764999,0.2824665454159745,-0.17483445987496204,0.9423226500974503
4.9666667,149,1,0.18887381050092844,-0.09487751797158818,0.18776685212670197,-0.2147573083639145,0.6273981630802155,-0.4356505572795868,-0.03323133413205528,0.3215826244890157,-0.17208684697012733,0.9305194308333601,0.18875864420753238,-0.09221814940551235,0.19991600360901868,-0.20708741247653956,0.5460971891880035,-0.42491269111633295,-0.040733683126328135,0.28318025352476667,-0.17471650488369198,0.9421379166522487
5.0,150,1,0.18859645378102258,-0.09362817869091838,0.18752797996433532,-0.2147573083639144,0.6243301630020142,-0.4310486018657683,-0.03433097095110198,0.3200986092002565,-0.17019849996513212,0.9313381423689439,0.18864689433070472,-0.09179723196405651,0.19788582314629433,-0.20708741247653956,0.5537670850753784,-0.4233787059783936,-0.04007430422551709,0.28671548197228697,-0.1734032656613389,0.9413392534024186
5.0333333,151,1,0.18842033815056525,-0.0920622533504885,0.18703102598204846,-0.21475730836391443,0.6243301630020142,-0.42491269111633295,-0.035312856091641025,0.31999177703971554,-0.16734039960458097,0.9318559199156248,0.18862671164027353,-0.09178813701411123,0.1974912831638725,-0.2070874124765395,0.5553010702133179,-0.42337870597839355,-0.039898919597846354,0.28742829125292185,-0.173284843873129,0.9411511124608074
5.0666666,152,1,0.18803037604540232,-0.0918858040910725,0.18464256067014456,-0.21475730836391432,0.6335340440273285,-0.42491269111633284,-0.034246263118762534,0.3242128400749525,-0.1665835142024125,0.9305714161679954,0.18856285365087644,-0.09175936061191889,0.1963078811271497,-0.20708741247653956,0.5599029958248138,-0.4233787059783936,-0.03937262870673194,0.289565689055348,-0.17292896945756428,0.9405833718246182
5.1,153,1,0.1879088166732188,-0.09183080115383097,0.18347542154219276,-0.21475730836391438,0.6381359696388245,-0.4249126911163329,-0.03371269497502239,0.3263207955558137,-0.16620374877437477,0.9299217743867956,0.18851752327398513,-0.09173893332992533,0.1955191258146562,-0.2070874124765396,0.5629709661006927,-0.42337870597839367,-0.039021649858741056,0.2909897791284109,-0.17269120954524605,0.9402021088207048
5.133333,154,1,0.1879006561395438,-0.09182710869216781,0.18197260386192882,-0.21475730836391443,0.6442719101905823,-0.42491269111633295,-0.033000989011528356,0.3291287316052003,-0.1656960231085577,0.9290479216284924,0.18835726255666158,-0.091666714851065,0.19546185172266922,-0.20708741247653956,0.5629709661006927,-0.4233787059783936,-0.03902164985874108,0.29098977912841084,-0.17269120954524605,0.9402021088207048
5.1666665,155,1,0.1878568754693797,-0.0918072989036655,0.18158398047755783,-0.2147573083639145,0.6458058953285217,-0.424912691116333,-0.03282301372459637,0.3298302326020391,-0.16556884781714717,0.9288280917716808,0.18833377009057603,-0.0916561284129552,0.19506753219715423,-0.20708741247653967,0.5645049512386322,-0.4233787059783937,-0.03884612594978186,0.29170156760021615,-0.17257217716855658,0.9400106476128738
5.2,156,1,0.18799747218603635,-0.0915017640192839,0.18158398047755783,-0.21475730836391438,0.6458058953285217,-0.42337870597839344,-0.033075981382698794,0.3298049605810253,-0.16485639494253665,0.9289548086307914,0.18833377009057603,-0.0916561284129552,0.19506753219715423,-0.20708741247653967,0.5645049512386322,-0.4233787059783937,-0.03884612594978186,0.29170156760021615,-0.17257217716855658,0.9400106476128738
5.233333,157,1,0.1877391268201968,-0.09175402023460899,0.18192020458538927,-0.21475730836391443,0.6442719101905823,-0.42491269111633295,-0.033000989011528356,0.3291287316052003,-0.1656960231085577,0.9290479216284924,0.18833377009057603,-0.0916561284129552,0.19506753219715423,-0.20708741247653967,0.5645049512386322,-0.4233787059783937,-0.03884612594978186,0.29170156760021615,-0.17257217716855658,0.9400106476128738
5.266667,158,1,0.1877391268201968,-0.09175402023460899,0.18192020458538927,-0.21475730836391443,0.6442719101905823,-0.42491269111633295,-0.033000989011528356,0.3291287316052003,-0.1656960231085577,0.9290479216284924,0.18833377009057603,-0.0916561284129552,0.19506753219715423,-0.20708741247653967,0.5645049512386322,-0.4233787059783937,-0.03884612594978186,0.29170156760021615,-0.17257217716855658,0.9400106476128738
5.3,159,1,0.1877391268201968,-0.09175402023460899,0.18192020458538927,-0.21475730836391443,0.6442719101905823,-0.42491269111633295,-0.033000989011528356,0.3291287316052003,-0.1656960231085577,0.9290479216284924,0.18819293618565355,-0.09196217899150377,0.19506753219715428,-0.20708741247653967,0.5645049512386322,-0.42491269111633306,-0.038622381610859534,0.29173127648648667,-0.17329310751916785,0.9398780095547615
5.3333335,160,1,0.1877391268201968,-0.09175402023460899,0.18192020458538927,-0.21475730836391443,0.6442719101905823,-0.42491269111633295,-0.033000989011528356,0.3291287316052003,-0.1656960231085577,0.9290479216284924,0.18819293618565355,-0.09196217899150377,0.19506753219715428,-0.20708741247653967,0.5645049512386322,-0.42491269111633306,-0.038622381610859534,0.29173127648648667,-0.17329310751916785,0.9398780095547615
5.366667,161,1,0.1877391268201968,-0.09175402023460899,0.18192020458538927,-0.21475730836391443,0.6442719101905823,-0.42491269111633295,-0.033000989011528356,0.3291287316052003,-0.1656960231085577,0.9290479216284924,0.18819293618565355,-0.09196217899150377,0.19506753219715428,-0.20708741247653967,0.5645049512386322,-0.42491269111633306,-0.038622381610859534,0.29173127648648667,-0.17329310751916785,0.9398780095547615
5.4,162,1,0.1877391268201968,-0.09175402023460899,0.18192020458538927,-0.21475730836391443,0.6442719101905823,-0.42491269111633295,-0.033000989011528356,0.3291287316052003,-0.1656960231085577,0.9290479216284924,0.18832905867006813,-0.09202377141611842,0.19473052675464772,-0.20708741247653956,0.5660389363765717,-0.42491269111633295,-0.0384462890964328,0.29244275850443957,-0.1731738263837326,0.9396860867910328
5.4333334,163,1,0.1877391268201968,-0.09175402023460899,0.18192020458538927,-0.21475730836391443,0.6442719101905823,-0.42491269111633295,-0.033000989011528356,0.3291287316052003,-0.1656960231085577,0.9290479216284924,0.18841897460634038,-0.09206445639590205,0.1948870566841449,-0.20708741247653967,0.5645049512386322,-0.42491269111633306,-0.038622381610859534,0.29173127648648667,-0.17329310751916785,0.9398780095547615
5.4666667,164,1,0.1877391268201968,-0.09175402023460899,0.18192020458538927,-0.21475730836391443,0.6442719101905823,-0.42491269111633295,-0.033000989011528356,0.3291287316052003,-0.1656960231085577,0.9290479216284924,0.1885548445968253,-0.09212593457257745,0.1945496708711001,-0.2070874124765395,0.5660389363765717,-0.4249126911163329,-0.03844628909643279,0.2924427585044396,-0.17317382638373258,0.9396860867910328
5.5,165,1,0.1877391268201968,-0.09175402023460899,0.18192020458538927,-0.21475730836391443,0.6442719101905823,-0.42491269111633295,-0.033000989011528356,0.3291287316052003,-0.1656960231085577,0.9290479216284924,0.1890501892500459,-0.09235006711278915,0.1936922336420112,-0.20708741247653967,0.5691068470478058,-0.42491269111633306,-0.03809404316436904,0.2938651783806913,-0.17293496320494614,0.9393005904991114
5.5333333,166,1,0.1877391268201968,-0.09175402023460899,0.18192020458538927,-0.21475730836391443,0.6442719101905823,-0.42491269111633295,-0.033000989011528356,0.3291287316052003,-0.1656960231085577,0.9290479216284924,0.18967537126310408,-0.09263294819724281,0.19249270971209753,-0.20708741247653967,0.5737088024616241,-0.42491269111633306,-0.03756549618729309,0.2959975520556008,-0.1725758986544243,0.9387181908735508
5.5666666,167,1,0.1877391268201968,-0.09175402023460899,0.18192020458538927,-0.21475730836391443,0.6442719101905823,-0.42491269111633295,-0.033000989011528356,0.3291287316052003,-0.1656960231085577,0.9290479216284924,0.19034583970114582,-0.09293632039107387,0.19193993030805567,-0.20708741247653964,0.5737088024616241,-0.424912691116333,-0.037565496187293095,0.29599755205560074,-0.17257589865442427,0.9387181908735508
5.6,168,1,0.1877391268201968,-0.09175402023460899,0.18192020458538927,-0.21475730836391443,0.6442719101905823,-0.42491269111633295,-0.033000989011528356,0.3291287316052003,-0.1656960231085577,0.9290479216284924,0.19166146688402008,-0.09315569240183805,0.1907715637855882,-0.20708741247653956,0.5737088620662685,-0.4233787059783936,-0.03779250621255365,0.29596868015131717,-0.17185585343627166,0.9388502715999778
5.633333,169,1,0.1877391268201968,-0.09175402023460899,0.18192020458538927,-0.21475730836391443,0.6442719101905823,-0.42491269111633295,-0.033000989011528356,0.3291287316052003,-0.1656960231085577,0.9290479216284924,0.19359003095964056,-0.09402476353949438,0.18841864261853405,-0.20708741247653953,0.5783107578754425,-0.42337870597839355,-0.03726540163910522,0.29809986397203114,-0.17149633044806317,0.9382626335858107
5.6666665,170,1,0.18815919412066062,-0.09194409143150323,0.18202902742144278,-0.2147573083639145,0.6412039399147034,-0.424912691116333,-0.03335688123947983,0.32772514916716045,-0.16595008119085924,0.9294859415989492,0.19598134206233747,-0.09510236292381473,0.1846328782443693,-0.20708741247653956,0.5890486538410187,-0.4233787059783936,-0.03603471258253564,0.30306653337641687,-0.17065390486373447,0.9368721474091621
5.7,171,1,0.18931350388354218,-0.09246639116294,0.18220780368960324,-0.21475730836391455,0.6335340738296509,-0.42491269111633306,-0.03424625966393008,0.3242128537317579,-0.16658351174588443,0.9305714119768289,0.1996483389850784,-0.09636469972058953,0.1795519416019087,-0.2070874124765396,0.602854460477829,-0.4218447208404541,-0.034688211147014494,0.3094128524550659,-0.16884634404750964,0.9351744900524339
5.733333,172,1,0.19205424585998054,-0.09370651651253227,0.18045061125772424,-0.21475730836391443,0.630466103553772,-0.42491269111633295,-0.0346018735073819,0.3228065866635027,-0.1668362004805988,0.9310017723751308,0.20168380512394238,-0.09727819042419635,0.17581865984156664,-0.20708741247653967,0.6135922968387604,-0.42184472084045416,-0.03345900116451342,0.3143602606407825,-0.1679938293252604,0.9337216903765102
5.766667,173,1,0.1948603965900093,-0.0949762378817827,0.1764111659923282,-0.21475730836391438,0.6396700143814087,-0.4249126911163329,-0.03353479105837217,0.32702309583549416,-0.16607695890402935,0.9297041229875395,0.2031409234790136,-0.09793212617188472,0.17333195749288116,-0.2070874124765395,0.6197282373905182,-0.421844720840454,-0.03275615626005271,0.3171833074017427,-0.1675044995880938,0.932879427552404
5.8,174,1,0.1977968732345323,-0.0963049288554915,0.17108099752039954,-0.21475730836391432,0.6550098061561584,-0.42491269111633284,-0.03175476017835733,0.3340351494810739,-0.16480375328195976,0.927497642596115,0.20503157084726983,-0.09878062409662282,0.17130337796608772,-0.20708741247653967,0.6212622225284576,-0.42184472084045405,-0.032580396601211335,0.31788860365010396,-0.16738192062589266,0.9326674895557806
5.8333335,175,1,0.20133853707310007,-0.09751366405699291,0.16274482508984672,-0.2147573083639144,0.6826214790344238,-0.42337870597839355,-0.028811898657572527,0.3465850759381133,-0.16177931876029336,0.9235129190510403,0.20639549701482518,-0.09939273640381316,0.1705612011760616,-0.20708741247653967,0.6181942522525787,-0.42184472084045416,-0.03293189664918208,0.3164778245615554,-0.16762698001115467,0.9330908167569826
5.866667,176,1,0.20266722538456786,-0.09811241246106986,0.15821910054644187,-0.2147573083639144,0.6979612410068512,-0.42337870597839355,-0.027032240674333418,0.35354242645251566,-0.1604809701010392,0.9211530105783848,0.20815213482780662,-0.10018109258479996,0.1683296396952594,-0.2070874124765396,0.6212621927261357,-0.4218447208404541,-0.03258040001606326,0.3178885899493965,-0.1673819230083182,0.9326674936786502
5.9,177,1,0.20323130606920553,-0.0979704438746129,0.15566069679841646,-0.21322332322597506,0.7086991071701054,-0.4218447208404542,-0.025355079561685506,0.3582584027545951,-0.15913605722568763,0.919610652443092,0.2109401596184954,-0.10143232181386538,0.16405085590126733,-0.20708741247653967,0.6289321184158325,-0.42184472084045416,-0.03170131629724645,0.32141225781408683,-0.16676755264564777,0.93159957624317
5.9333334,178,1,0.20369850178563337,-0.09818011522977477,0.15560639529562692,-0.21322332322597515,0.7071651220321655,-0.4218447208404541,-0.02553251104677466,0.3575648207448231,-0.1592662604226971,0.9198531122610492,0.21346834027714823,-0.10256693637935592,0.16044238644342984,-0.2070874124765396,0.6335341036319733,-0.4218447208404541,-0.031173638030653674,0.32352420656522796,-0.16639775018464045,0.9309522440983553
5.9666667,179,1,0.20531951798252226,-0.09930818993921237,0.15612355254068583,-0.2132233232259751,0.6948933005332947,-0.4233787059783936,-0.026681410622579643,0.35202922146698384,-0.16101144765034975,0.9216500655270835,0.21609119386293796,-0.10332417087596243,0.15676540641705225,-0.2070874124765396,0.6381360590457916,-0.42031073570251465,-0.030895548280481074,0.325610827857439,-0.16531348718122998,0.9304270550851491
6.0,180,1,0.20772991108479866,-0.10079998168558463,0.15486122939120495,-0.21322332322597498,0.6872233748435974,-0.42491269111633295,-0.02730303735463584,0.3485715813042187,-0.162365953663963,0.9227078052932466,0.21994594412096452,-0.1029209777578457,0.15298949099251632,-0.2070874124765396,0.6381360292434692,-0.41264083981513977,-0.03214402196296355,0.3254899373047489,-0.16174414337258675,0.931054184594035
6.0333333,181,1,0.21183395047196857,-0.10265696907203255,0.1494283796264234,-0.21322332322597498,0.6887573897838593,-0.42491269111633295,-0.027124737924381196,0.3492676067872859,-0.16223661093995004,0.9224725846941657,0.22293774291099766,-0.10209172361656474,0.15099121398708387,-0.20708741247653956,0.636601984500885,-0.40497091412544245,-0.03356205659343325,0.3246595696799234,-0.15829422405046442,0.9318866298025354
6.0666666,182,1,0.21492065860419182,-0.10321647310988784,0.1437007673451446,-0.21322332322597504,0.699495255947113,-0.4218447208404541,-0.026419434190865985,0.35409379064482843,-0.15991586444710154,0.9210572822696464,0.22580216563905292,-0.10245760109532867,0.1495008477694845,-0.2070874124765396,0.6320000588893895,-0.401902973651886,-0.034566744585943505,0.32249176636091287,-0.1572284317667722,0.9327826226095285
6.1,183,1,0.21719731094350336,-0.10339497996037803,0.1362797847700081,-0.21322332322597495,0.7194370031356812,-0.4187767505645752,-0.02466962037051699,0.3630701371946775,-0.15681378994403425,0.9181399242989059,0.22927956290302962,-0.10349917883905774,0.1461029052632095,-0.2070874124765396,0.6335340738296509,-0.40036898851394653,-0.03464573700298187,0.3231708096599812,-0.1563919111502362,0.9326853010624799
6.133333,184,1,0.21961112077351658,-0.102349297479202,0.13019063944142029,-0.21322332322597495,0.7347767949104309,-0.4111068546772003,-0.024322817689433902,0.3698914362590275,-0.1519913549925952,0.9162354249478654,0.23189370393717554,-0.10460610311116687,0.14216129552503354,-0.20555342733860021,0.6396700143814087,-0.4003689885139466,-0.033257461833811265,0.32587177661278005,-0.15615683998641605,0.9318350539473496
6.1666665,185,1,0.22094533472831032,-0.10208204990107488,0.12724238606826707,-0.21322332322597493,0.7424466609954834,-0.4080388844013213,-0.024025465784809113,0.373306160588253,-0.14993414274591846,0.9151967221858516,0.2346241359115387,-0.10531615942335555,0.13863068815374405,-0.20555342733860005,0.6458058953285217,-0.39883500337600697,-0.03283634593260274,0.328664606881477,-0.15495840287803328,0.9310688717526368
6.2,186,1,0.22365067225865579,-0.10239510327091858,0.12598267241390934,-0.21322332322597498,0.736310750246048,-0.40497091412544234,-0.025285662127728013,0.3705062611311752,-0.1490499193057863,0.9164441430378059,0.23790981293570362,-0.10579961288396562,0.13512197651577773,-0.20555342733860016,0.6504078656435013,-0.3957670331001282,-0.032840218636655476,0.3307264440680233,-0.15316728091226478,0.9306349033278091
6.233333,187,1,0.2279895287029278,-0.1046908529314377,0.12486799902581686,-0.21322332322597504,0.7240388989448547,-0.40650489926338196,-0.026380164915119884,0.3649909413593261,-0.15078981352374482,0.9183398781290935,0.2403739753015663,-0.1063750071947693,0.13358014564913134,-0.20555342733860005,0.6504078358411789,-0.3942330479621886,-0.0330938769068883,0.3307011449093934,-0.152453448222625,0.9307521121071494
6.266667,188,1,0.23099994268988738,-0.10598678241757045,0.1220771302443976,-0.21322332322597498,0.7240389138460159,-0.4065048992633819,-0.026380163241635803,0.3649909480881347,-0.15078981226796168,0.918339875709022,0.24243718532305641,-0.10723332703269683,0.13144119170928129,-0.20555342733860005,0.6534758061170578,-0.3942330479621886,-0.03276135741519036,0.3321088199213451,-0.15221154715522225,0.9303021391480185
6.3,189,1,0.23329518724722614,-0.1069748442298746,0.118164453320149,-0.21322332322597498,0.7301748692989345,-0.4065048992633819,-0.025690937926416572,0.3677599946228273,-0.15027200081499179,0.9173390255704476,0.2457648006532857,-0.10815438884989025,0.12752524351924474,-0.20555342733860021,0.6611457169055939,-0.3926990926265718,-0.03218713187738478,0.33559998627193,-0.1508925345718443,0.9292836384905703
6.3333335,190,1,0.2352886822645418,-0.10648750736547971,0.11090689716687978,-0.213223323225975,0.7547185570001602,-0.4019029736518859,-0.02380324460638251,0.3787474773967275,-0.14608492774872572,0.9135879529615492,0.24793737595329685,-0.10905429903224659,0.12520897695485977,-0.20555342733860013,0.6642136722803116,-0.39269909262657166,-0.03185542524712926,0.33700515960106026,-0.1506497346490022,0.9288258242182834
6.366667,191,1,0.23690902061922503,-0.10672595684223765,0.10775145312167406,-0.21322332322597504,0.765456423163414,-0.4003689885139464,-0.022900226891209862,0.38354550112826485,-0.14447042792598483,0.9118644217357545,0.25052448052305165,-0.10965468202056308,0.12293573056425716,-0.20555342733860008,0.6657477021217346,-0.3911651074886322,-0.031948547909315325,0.33768306799945885,-0.14981592707718758,0.9287112704532888
6.4,192,1,0.23829134616829042,-0.1073109960422812,0.10430068900963144,-0.21322332322597498,0.7761942744255066,-0.4003689885139465,-0.021706061255324108,0.3883508306711294,-0.1435525230374811,0.9100028309579028,0.25395547232965276,-0.1086917742890595,0.12010685270345978,-0.2055534273386001,0.6688156351447105,-0.38349521160125727,-0.03291795492086468,0.3389635486355372,-0.14601206956797858,0.9288167722864976
6.4333334,193,1,0.2418956793993286,-0.10883645162805289,0.10294739014664576,-0.2132233232259749,0.7731263041496277,-0.4003689885139463,-0.022047318208555242,0.38697900988689793,-0.1438152060684138,0.9105373952618677,0.2567633168949889,-0.10839002726230056,0.11857494382810296,-0.20555342733860013,0.6672816351056099,-0.37889325618743896,-0.03385888665070905,0.3381838773141353,-0.1439946137380012,0.929381940933864
6.4666667,194,1,0.24500265986169614,-0.11015141348018911,0.10212482842205664,-0.21322332322597504,0.7654564306139946,-0.40036898851394653,-0.022900226062849444,0.3835455044663493,-0.14447042729052778,0.9118644204531814,0.25922666804895433,-0.10792830362691577,0.11779326725428628,-0.20555342733860021,0.6642137058079243,-0.37429130077362066,-0.03495578913234929,0.3366977110671871,-0.1420946556644225,0.9301730231520697
6.5,195,1,0.24765456452991277,-0.11033620172739546,0.10131581838724611,-0.21322332322597493,0.759320467710495,-0.3973010182380675,-0.024166422876767128,0.3807579847200319,-0.1435925101780709,0.9131377399374324,0.26257314663807585,-0.10778787657847584,0.11659030119276284,-0.20555342733860016,0.659611739218235,-0.3696893751621245,-0.03620367458171851,0.334502731734826,-0.14031014211817616,0.9311875645794984
6.5333333,196,1,0.25062305656735145,-0.10875156181521856,0.09876133726574814,-0.21322332322597493,0.7623884752392769,-0.3880971372127532,-0.02558581392391935,0.38202071717124153,-0.1391308662316759,0.9132623609015343,0.26473448116443954,-0.10765071776617999,0.11488330752655401,-0.20555342733860016,0.6596117177978158,-0.3666214048862457,-0.03671675619120207,0.3344467924512379,-0.13888155136221494,0.9314017057774261
6.5666666,197,1,0.25343864440201075,-0.10659250429107832,0.09738950149939136,-0.21322332322597498,0.7623884584754705,-0.37735927104949946,-0.02763648075312361,0.38187783582697143,-0.13422564143154725,0.9139961819493452,0.2666451504321935,-0.10740528184571031,0.11330297758085918,-0.20555342733860027,0.6611456996761267,-0.36355343461036693,-0.037074184052221265,0.3350953027763863,-0.13733470161150862,0.9313838213472154
6.6,198,1,0.2560650557654142,-0.10526321763238772,0.09592311958035667,-0.21322332322597504,0.7623884361237288,-0.36968937516212463,-0.029100757893202725,0.38176903346201857,-0.1307195370741249,0.9145042119130146,0.2687070852340449,-0.1072057540460565,0.11045802713057482,-0.20555342733860008,0.6657476834952831,-0.3604854941368103,-0.03712458079148847,0.3371532648468711,-0.13555260964620208,0.9309000652713783
6.633333,199,1,0.2592322630969865,-0.10458220707798095,0.09448840909439447,-0.2132233232259751,0.7593205198645596,-0.3635534346103669,-0.030587503287942682,0.38029604403801115,-0.12816469925966265,0.9154305726789604,0.2702086406844777,-0.10580005534091254,0.10756115181835402,-0.20555342733860016,0.673417579382658,-0.3543495535850525,-0.03739651715492468,0.34056150694175785,-0.13210930282872935,0.9301432645567819
6.6666665,200,1,0.2612486614750378,-0.10487017330136587,0.092828865283708,-0.213223323225975,0.7577865123748779,-0.36201947927474976,-0.031036434769978218,0.3795810371061489,-0.12758795764415473,0.9157927107432023,0.27166461447048224,-0.10436586487744444,0.10510730076549052,-0.20555342733860021,0.6795535050332551,-0.3482136428356171,-0.03783959913876438,0.3432624133812257,-0.12878718769692207,0.9295982683836238
6.7,201,1,0.2622338299757214,-0.10476288761230401,0.09012095342952314,-0.213223323225975,0.7639224231243134,-0.3604854941368103,-0.030700537725001028,0.38232194549561965,-0.12638424374152332,0.9148302738266392,0.27275266085008554,-0.10328133617255801,0.10107724860894882,-0.20555342733860016,0.6902913600206375,-0.3436116874217987,-0.037587070534370395,0.3480992205241123,-0.12583005553422288,0.9282138449319769
6.733333,202,1,0.26257199669025827,-0.10440994999834395,0.08547863908099711,-0.21322332322597493,0.7792622372508049,-0.35895150899887074,-0.029430242194042923,0.38919576531883876,-0.12442622775630009,0.9122382533903195,0.2733597785542008,-0.10251234068450817,0.09743360388920622,-0.2070874124765396,0.7010292261838913,-0.3405437469482422,-0.037795949435438125,0.3530521897819572,-0.12331648382803147,0.9266707410470719
6.766667,203,1,0.2632489757989189,-0.1032224997830595,0.08262690855110123,-0.21322332322597498,0.7884661257266998,-0.35434955358505243,-0.029396242439807655,0.3932566901174019,-0.12157332890620792,0.9108814205520874,0.27367793056579137,-0.1026250774622039,0.09414303030232857,-0.20708741247653956,0.708699114620686,-0.34054374694824213,-0.037054482521757595,0.35655718864951713,-0.12272674288336244,0.9254361583213823
6.8,204,1,0.2640762707367845,-0.10208773697254667,0.08013966688472739,-0.21322332322597498,0.7961360365152359,-0.34974762797355646,-0.029533918813277393,0.3966248216050297,-0.1188503756611473,0.9097752946368204,0.2742324102369905,-0.10232801044784415,0.09098576145593443,-0.20708741247653956,0.7148350477218628,-0.3390097618103027,-0.03673652766164484,0.3593293539198005,-0.12154457495167934,0.9245321839972688
6.8333335,205,1,0.2649773315350922,-0.10049656973127247,0.07572814735627376,-0.21322332322597504,0.8084078654646873,-0.3436116874217987,-0.029539171598905633,0.40202282135072837,-0.11505914233538035,0.9078912281873294,0.2747495657682115,-0.10251037144547664,0.08935802947744434,-0.2070874124765396,0.7148350551724434,-0.33900976181030273,-0.03673652694329898,0.35932935731850185,-0.12154457437745624,0.9245321827803614
6.866667,206,1,0.26558263578207086,-0.10023348046223549,0.0724339647979911,-0.21322332322597498,0.8130098432302475,-0.3420777022838592,-0.02939450462664236,0.4040554506749413,-0.11398747483385199,0.9071284426466995,0.2752549343732469,-0.10268857610040666,0.08772613995195325,-0.20708741247653958,0.7148350402712822,-0.3390097618103026,-0.036736528379990724,0.35932935052109904,-0.12154457552590239,0.924532185214176
6.9,207,1,0.26622890300543267,-0.09998335080910911,0.07003448938053707,-0.2132233232259751,0.8145437985658646,-0.34054374694824235,-0.029553889316568736,0.40471754569020085,-0.11316668533784535,0.9069308557803121,0.27655146667580455,-0.10314576336784047,0.08625080503593058,-0.20708741247653958,0.7102331072092056,-0.33900976181030273,-0.03718012497158794,0.35722915581487097,-0.1218989286656681,0.9252813732768287
6.9333334,208,1,0.266681220065508,-0.09966311456529503,0.06704830042371428,-0.2132233232259751,0.8191457092761998,-0.3390097618103028,-0.029414237840473496,0.40674797104592836,-0.11209627153710475,0.9061596529142998,0.2778098255306625,-0.10358948979499441,0.08580504061354174,-0.20708741247653953,0.7040972039103508,-0.3390097618103026,-0.0377712797621598,0.35442595946684236,-0.12237039468759736,0.9262726683785605
6.9666667,209,1,0.2668807782637112,-0.09973403216184604,0.06561423088893314,-0.21168935298919678,0.8206797391176224,-0.33900976181030273,-0.028569378525579312,0.4073459235209045,-0.11228367216568852,0.9058948427751157,0.27871219000081415,-0.10440842381947388,0.08449997044914367,-0.20862138271331798,0.7010292112827301,-0.3405437469482423,-0.03850668235856929,0.3531466610225677,-0.12304566295677088,0.9266414819388762
7.0,210,1,0.2675053224590684,-0.0999537121236083,0.06501564948793019,-0.21322332322597498,0.8160777688026428,-0.3390097618103027,-0.029714294026163598,0.4053794016443609,-0.11234618517225105,0.9067320089917575,0.27946529776173246,-0.10517840353621478,0.082566945150954,-0.20862138271331787,0.7010292112827301,-0.34207770228385925,-0.038235815456790466,0.3531760909150085,-0.12375634001870725,0.9265468361219102
7.0333333,211,1,0.2692921937098129,-0.10106937319758963,0.06526831878427744,-0.21168935298919678,0.805339902639389,-0.3405437469482423,-0.02975977474368151,0.40051787310816217,-0.11422297501679468,0.9086544453786776,0.27938692582310237,-0.10615814407446612,0.08109413000068835,-0.20862138271331793,0.7025632113218312,-0.3451456725597382,-0.0375439505256467,0.35393532158736307,-0.12505859481549295,0.9261104619723028
7.0666666,212,1,0.2707733953512927,-0.1015942351946684,0.06489511658562852,-0.21168935298919678,0.7992039918899536,-0.3405437469482422,-0.030360421519755352,0.397771326742608,-0.11471890426992216,0.9097778791714364,0.27934959275021315,-0.10664931897046422,0.08052576662882521,-0.20862138271331795,0.7040972039103508,-0.3466796576976775,-0.037121861657352415,0.3546646795316062,-0.12564970805980064,0.9257683745647841
7.1,213,1,0.2719233913698002,-0.1020017348827619,0.06401717169836213,-0.21168935298919672,0.7961360141634941,-0.34054374694824213,-0.03066064028700148,0.39639663793901314,-0.11496646607533675,0.9103363896088009,0.2790242991921221,-0.10754046944412907,0.08052942574317934,-0.21168935298919667,0.7040972039103508,-0.3497476279735564,-0.03799754184426477,0.3549157121777262,-0.12652538824671308,0.9255173419186641
7.133333,214,1,0.27231175748988834,-0.10263011048325618,0.06203193237926383,-0.21168935298919678,0.7976700067520142,-0.34207770228385925,-0.030205975931527705,0.3971073849152759,-0.11554067850836625,0.9099690519317682,0.27885899225129507,-0.10798561920311092,0.08052942574317934,-0.21168935298919667,0.7040972039103508,-0.35128161311149586,-0.03772531298055296,0.3549447516126257,-0.1272352158847936,0.9254200256650602
7.1666665,215,1,0.27208301405235047,-0.10254866036968811,0.060977834669502295,-0.21168935298919683,0.8022719621658325,-0.3420777022838593,-0.029753987868933716,0.3991680142551944,-0.11516838869178954,0.9091291651066954,0.27885899225129507,-0.10798561920311092,0.08052942574317934,-0.21168935298919667,0.7040972039103508,-0.35128161311149586,-0.03772531298055296,0.3549447516126257,-0.1272352158847936,0.9254200256650602
7.2,216,1,0.27208301405235047,-0.10254866036968811,0.060977834669502295,-0.21168935298919683,0.8022719621658325,-0.3420777022838593,-0.029753987868933716,0.3991680142551944,-0.11516838869178954,0.9091291651066954,0.27885899225129507,-0.10798561920311092,0.08052942574317934,-0.21168935298919667,0.7040972039103508,-0.35128161311149586,-0.03772531298055296,0.3549447516126257,-0.1272352158847936,0.9254200256650602
7.233333,217,1,0.27192537263625555,-0.10298316817774106,0.060977834669502295,-0.21168935298919672,0.8022719621658325,-0.34361168742179865,-0.029447820246445454,0.39919071792975436,-0.11586565006180279,0.9090405644069004,0.27885899225129507,-0.10798561920311092,0.08052942574317934,-0.21168935298919667,0.7040972039103508,-0.35128161311149586,-0.03772531298055296,0.3549447516126257,-0.1272352158847936,0.9254200256650602
7.266667,218,1,0.27205020068500424,-0.10302783236648749,0.0611069270463733,-0.21168935298919672,0.8007379770278931,-0.34361168742179865,-0.029599027160830724,0.39850419153871197,-0.11599002961849973,0.9093209664064222,0.27885899225129507,-0.10798561920311092,0.08052942574317934,-0.21168935298919667,0.7040972039103508,-0.35128161311149586,-0.03772531298055296,0.3549447516126257,-0.1272352158847936,0.9254200256650602
7.3,219,1,0.2719440246247015,-0.1034810572381556,0.06156938743847776,-0.21168935298919678,0.7992039918899536,-0.34514567255973827,-0.02944508492882946,0.39784013189592354,-0.11681196379873209,0.909511507096008,0.27888146021648985,-0.1079944005714749,0.08100246015343092,-0.21015536785125724,0.7025632187724113,-0.35128161311149597,-0.03716792318261409,0.3541468364850696,-0.12762769016848594,0.9256941916184663
7.3333335,220,1,0.2718918242650826,-0.10346228927557014,0.0611069270463733,-0.21168935298919672,0.8007379770278931,-0.3451456725597382,-0.029293368730963124,0.39852677655482804,-0.11668743785699374,0.9092317354577876,0.27888146021648985,-0.1079944005714749,0.08100246015343092,-0.21015536785125724,0.7025632187724113,-0.35128161311149597,-0.03716792318261409,0.3541468364850696,-0.12762769016848594,0.9256941916184663
7.366667,221,1,0.2718918242650826,-0.10346228927557014,0.0611069270463733,-0.21168935298919672,0.8007379770278931,-0.3451456725597382,-0.029293368730963124,0.39852677655482804,-0.11668743785699374,0.9092317354577876,0.27888146021648985,-0.1079944005714749,0.08100246015343092,-0.21015536785125724,0.7025632187724113,-0.35128161311149597,-0.03716792318261409,0.3541468364850696,-0.12762769016848594,0.9256941916184663
7.4,222,1,0.27192537263625555,-0.10298316817774106,0.060977834669502295,-0.21168935298919672,0.8022719621658325,-0.34361168742179865,-0.029447820246445454,0.39919071792975436,-0.11586565006180279,0.9090405644069004,0.27856416324218064,-0.10838415469741564,0.08109413000068835,-0.20862138271331782,0.7025632113218307,-0.352815568447113,-0.03618635424308076,0.35407669770095934,-0.1286092519154898,0.9256240598825831
7.4333334,223,1,0.2718918242650826,-0.10346228927557014,0.0611069270463733,-0.21168935298919672,0.8007379770278931,-0.3451456725597382,-0.029293368730963124,0.39852677655482804,-0.11668743785699374,0.9092317354577876,0.27856416324218064,-0.10838415469741564,0.08109413000068835,-0.20862138271331782,0.7025632113218307,-0.352815568447113,-0.03618635424308076,0.35407669770095934,-0.1286092519154898,0.9256240598825831
7.4666667,224,1,0.2718918242650826,-0.10346228927557014,0.0611069270463733,-0.21168935298919672,0.8007379770278931,-0.3451456725597382,-0.029293368730963124,0.39852677655482804,-0.11668743785699374,0.9092317354577876,0.27856416324218064,-0.10838415469741564,0.08109413000068835,-0.20862138271331782,0.7025632113218307,-0.352815568447113,-0.03618635424308076,0.35407669770095934,-0.1286092519154898,0.9256240598825831
7.5,225,1,0.2718918242650826,-0.10346228927557014,0.0611069270463733,-0.21168935298919672,0.8007379770278931,-0.3451456725597382,-0.029293368730963124,0.39852677655482804,-0.11668743785699374,0.9092317354577876,0.27856416324218064,-0.10838415469741564,0.08109413000068835,-0.20862138271331782,0.7025632113218307,-0.352815568447113,-0.03618635424308076,0.35407669770095934,-0.1286092519154898,0.9256240598825831
7.5333333,226,1,0.2717327815813195,-0.10389650272651124,0.0611069270463733,-0.2116893529891968,0.8007379770278931,-0.3466796576976776,-0.02898769306846375,0.39854912712657964,-0.11738477745088503,0.9091419696285152,0.27788288001438616,-0.10914365209284363,0.080332183098934,-0.20862138271331784,0.7056311741471295,-0.35588353872299183,-0.03533547503741671,0.3555315026766708,-0.12978831877193622,0.924934455579801
7.5666666,227,1,0.2717327815813195,-0.10389650272651124,0.0611069270463733,-0.2116893529891968,0.8007379770278931,-0.3466796576976776,-0.02898769306846375,0.39854912712657964,-0.11738477745088503,0.9091419696285152,0.2772093790818693,-0.11091576281927742,0.08033401056929526,-0.21015536785125732,0.7056311741471291,-0.36201947927474976,-0.03495364933736649,0.35573985554531395,-0.13235256405630164,0.9245053793041565
7.6,228,1,0.2717327815813195,-0.10389650272651124,0.0611069270463733,-0.2116893529891968,0.8007379770278931,-0.3466796576976776,-0.02898769306846375,0.39854912712657964,-0.11738477745088503,0.9091419696285152,0.2756560730640466,-0.11387101314410703,0.07957502161633459,-0.21168935298919667,0.7086991369724269,-0.37275734543800343,-0.03343141894781771,0.35742345716955465,-0.13679393404256307,0.9232649847694095
7.633333,229,1,0.2714126989208146,-0.10476419516753627,0.0611069270463733,-0.21168935298919667,0.8007379770278931,-0.3497476279735564,-0.028376290764867976,0.3985931248845339,-0.11877924906398349,0.908960833539601,0.2739661519536285,-0.11574389261133723,0.0779204720871282,-0.21475730836391443,0.7163690105080605,-0.38042724132537825,-0.03265950665913664,0.36124575140523474,-0.13915528155615964,0.9214503086610124
7.6666665,230,1,0.2709275905192237,-0.1060638739584126,0.0611069270463733,-0.21168935298919675,0.8007379770278931,-0.3543495535850524,-0.02745906850107047,0.398657362455334,-0.12087041785424227,0.9086851209329615,0.27300010780402156,-0.11688079136946833,0.07679129259224762,-0.2147573083639144,0.7225049510598183,-0.3850291669368743,-0.031168351070328042,0.3641001223819396,-0.14076762683680702,0.9201326589181295
7.7,231,1,0.2699412470286645,-0.10865660262273073,0.06110859729245477,-0.21322332322597504,0.8007379770278931,-0.3635534346103668,-0.026320693102795428,0.3988753004905369,-0.12474494338168514,0.9080993419631315,0.2716980075324015,-0.11838312509837914,0.07576082227417041,-0.2162912935018539,0.7286408841609955,-0.39116510748863215,-0.030087115550836357,0.3670783742838072,-0.1427964866493117,0.9186715386968297
7.733333,232,1,0.2684161947859581,-0.11252835465763704,0.06111026700011152,-0.21475730836391443,0.8007379770278931,-0.37735927104949946,-0.024262505696252476,0.39914785207926495,-0.1307043520765407,0.9071982668337172,0.2707280459298536,-0.11950758178615531,0.0747694941943632,-0.216291293501854,0.7317088395357132,-0.39576703310012823,-0.02890439283291983,0.36853171704438437,-0.14465125502873427,0.9178370901341318
7.766667,233,1,0.2677204671570973,-0.11424224070878208,0.061110267000111546,-0.21475730836391443,0.8007379770278931,-0.38349521160125727,-0.023037819686810054,0.3992204101323346,-0.1334869899042508,0.9067930009236678,0.26985969723495007,-0.12117979714255683,0.07429522905633479,-0.21782527863979337,0.7317088320851326,-0.4019029736518859,-0.028477237351321558,0.3687316542214647,-0.147183696275555,0.9173674147682618
7.8,234,1,0.26719178074539046,-0.11552482782219739,0.061110267000111546,-0.21475730836391452,0.8007379770278931,-0.3880971372127534,-0.022119168196336404,0.3992723624300255,-0.13557313166215904,0.9064834521209769,0.2690448150628867,-0.12287381710225363,0.07405737062185742,-0.21782527863979334,0.731708824634552,-0.40803888440132147,-0.027345853689287238,0.3688172823063726,-0.14999744211820376,0.9169115463970021
7.8333335,235,1,0.2668191163217547,-0.11587112750902964,0.060747663535314494,-0.2162912935018539,0.8022719547152519,-0.3896311223506926,-0.02234050295651147,0.40007616923914746,-0.135829697583026,0.9060851251339925,0.2684550221114776,-0.12364038954841947,0.07321432646311479,-0.2193592488765716,0.7347767949104309,-0.41110685467720026,-0.02713367503482232,0.37035599857345264,-0.1508558282961319,0.9161564915825535
7.866667,236,1,0.26612202514341865,-0.11658216216441822,0.06048324900266354,-0.21782527863979328,0.8038059324026108,-0.39269909262657166,-0.022252687686594393,0.40089706138843056,-0.1367791396384601,0.9055814877859453,0.26815334021381915,-0.12401982703746331,0.07307853850535476,-0.22089323401451114,0.7363107800483704,-0.41264083981513977,-0.02737671893033965,0.3711828663674911,-0.15114098651441718,0.9157675453799786
7.9,237,1,0.2655299009203021,-0.11783526049385462,0.06002175894757168,-0.21782527863979328,0.8053399175405502,-0.3973010182380675,-0.021159726465486278,0.40162854402792647,-0.13872836803964222,0.9049868609537771,0.2681442924114552,-0.12452749134808903,0.07345551854799362,-0.22242721915245062,0.7347767949104309,-0.4141748249530793,-0.027970504737327904,0.37063031572576444,-0.1516926579986375,0.9158821744302417
7.9333334,238,1,0.2652214984886001,-0.11870630898905077,0.06048491172193356,-0.21935924887657154,0.8038059324026108,-0.4003689885139463,-0.021409262402881806,0.4010869035852333,-0.139943396704099,0.9050341347013898,0.2679661461942736,-0.12444858417156726,0.0730820860308738,-0.22396118938922882,0.7363107800483704,-0.4141748249530792,-0.02849657272306608,0.37143624237590145,-0.15127373218684123,0.9156087161790092
7.9666667,239,1,0.2648578069559903,-0.11955413945860212,0.060486573888804795,-0.2208932340145111,0.8038059324026108,-0.40343695878982544,-0.021487958909726428,0.4012275554078027,-0.1410238433777769,0.9048021839066994,0.26778578657810526,-0.12436929741274115,0.07270718120642294,-0.22396118938922882,0.7378447577357292,-0.4141748249530792,-0.028320165099705488,0.37212571018497725,-0.15113903056510944,0.915356442872333
8.0,240,1,0.26467588854980195,-0.11997771894307871,0.06048823548321142,-0.22242721915245048,0.8038059324026108,-0.4049709141254424,-0.02187410713481385,0.4013524966193097,-0.14140997214150464,0.9046772444764158,0.26724155099954255,-0.1241300494259755,0.07158428441302267,-0.22396118938922874,0.7424466982483864,-0.4141748249530791,-0.027790841827939786,0.3741928018690124,-0.15073439189635063,0.9145963914424492
8.033334,241,1,0.2642967800758794,-0.12031642033318557,0.060126263657729745,-0.2239611893892287,0.8053399175405502,-0.40650489926338185,-0.02208561429681327,0.4021581604106694,-0.14165844537117656,0.904275358788052,0.2666925897228473,-0.12388872400471493,0.07046413354919392,-0.22396118938922882,0.7470486462116241,-0.4141748249530792,-0.027261370561289373,0.37625791574537976,-0.15032895451306402,0.9138314964746355
8.066667,242,1,0.2640997323293914,-0.1202315947955831,0.05976296301958267,-0.2239611893892289,0.8068738877773285,-0.40650489926338207,-0.021911166766806676,0.4028380483535697,-0.14152088347817837,0.9039984773821027,0.2661781242042373,-0.1236625630471516,0.06981265174143118,-0.22396118938922877,0.7501166015863419,-0.41417482495307917,-0.026908310501128456,0.3776335478347728,-0.1500582214945827,0.9133188799852874
8.1,243,1,0.2640246516234203,-0.12019927389183727,0.05952828608401044,-0.22396118938922865,0.8068738877773285,-0.4065048992633818,-0.02191116676680668,0.4028380483535697,-0.14152088347817832,0.9039984773821028,0.26580744078074253,-0.12349960923396514,0.06906866392774998,-0.2239611893892288,0.7531845569610596,-0.4141748249530792,-0.02655518712336965,0.37900829131954217,-0.14978713537603858,0.9128041143770794
8.133333,244,1,0.2636283568501338,-0.12002867606571535,0.05880291903612943,-0.22396118938922877,0.8099418580532078,-0.4065048992633819,-0.02156222975080131,0.404197126109093,-0.14124550734069657,0.9034431139531658,0.2656213150260681,-0.12341778765918185,0.06869713494580498,-0.22396118938922877,0.754718542098999,-0.41417482495307917,-0.026378601092333115,0.3796953321606293,-0.1496514594443577,0.9125459247763998
8.166667,245,1,0.26313210992959063,-0.11981505062432415,0.058070152834565375,-0.223961189389229,0.8114758133888249,-0.4065048992633821,-0.021387745554688663,0.4048762953236729,-0.1411076972723359,0.9031646403594225,0.26562353733645994,-0.12291116171216321,0.06832591828522848,-0.22396118938922882,0.7562525272369385,-0.41264083981513977,-0.02649374208986693,0.3803619410133532,-0.14881593406442206,0.9124016074225011
8.2,246,1,0.2633005489221506,-0.11988756060402081,0.05809221671032026,-0.22396118938922877,0.8084078729152679,-0.4065048992633819,-0.021736704652411912,0.40351770592153946,-0.14138323699573113,0.9037210614870501,0.2656218149260169,-0.12291100072166643,0.06832417724279823,-0.2224272191524505,0.7562525272369385,-0.4126408398151397,-0.025793935910905102,0.38024768954071136,-0.14910762221249044,0.9124216593589348
8.233334,247,1,0.2631004967803404,-0.11980144172785998,0.057730338008545365,-0.22396118938922888,0.8099418580532074,-0.406504899263382,-0.021562229750801323,0.404197126109093,-0.14124550734069663,0.9034431139531659,0.2656218149260169,-0.12291100072166643,0.06832417724279823,-0.2224272191524505,0.7562525272369385,-0.4126408398151397,-0.025793935910905102,0.38024768954071136,-0.14910762221249044,0.9124216593589348
8.266666,248,1,0.26282188760668307,-0.11968150545171533,0.05713527125485346,-0.22396118938922877,0.8114758282899857,-0.4065048992633819,-0.021387743859651594,0.40487630192010754,-0.14110769593321687,0.9031646376516911,0.2656218149260169,-0.12291100072166643,0.06832417724279823,-0.2224272191524505,0.7562525272369385,-0.4126408398151397,-0.025793935910905102,0.38024768954071136,-0.14910762221249044,0.9124216593589348
8.3,249,1,0.26282188760668307,-0.11968150545171533,0.05713527125485346,-0.22396118938922877,0.8114758282899857,-0.4065048992633819,-0.021387743859651594,0.40487630192010754,-0.14110769593321687,0.9031646376516911,0.26580859028741505,-0.12299276621688758,0.0686953913860041,-0.2224272191524505,0.754718542098999,-0.4126408398151397,-0.025969812053187928,0.3795606330411839,-0.1492426607772649,0.9126806248142995
8.333333,250,1,0.26294472917312484,-0.11973438655337251,0.05726315926490236,-0.22396118938922888,0.8099418431520462,-0.406504899263382,-0.02156223144571566,0.4041971195103463,-0.1412455086790088,0.9034431166557351,0.26580859028741505,-0.12299276621688758,0.0686953913860041,-0.2224272191524505,0.754718542098999,-0.4126408398151397,-0.025969812053187928,0.3795606330411839,-0.1492426607772649,0.9126806248142995
8.366667,251,1,0.26294472917312484,-0.11973438655337251,0.05726315926490236,-0.22396118938922888,0.8099418431520462,-0.406504899263382,-0.02156223144571566,0.4041971195103463,-0.1412455086790088,0.9034431166557351,0.26580859028741505,-0.12299276621688758,0.0686953913860041,-0.2224272191524505,0.754718542098999,-0.4126408398151397,-0.025969812053187928,0.3795606330411839,-0.1492426607772649,0.9126806248142995
8.4,252,1,0.26294472917312484,-0.11973438655337251,0.05726315926490236,-0.22396118938922888,0.8099418431520462,-0.406504899263382,-0.02156223144571566,0.4041971195103463,-0.1412455086790088,0.9034431166557351,0.265845324933054,-0.12351685668451232,0.06953225600842254,-0.2224272191524505,0.7516505718231201,-0.41417482495307917,-0.02603144495109653,0.37820592775332956,-0.15021284566370555,0.9130820012921145
8.433333,253,1,0.26294472917312484,-0.11973438655337251,0.05726315926490236,-0.22396118938922888,0.8099418431520462,-0.406504899263382,-0.02156223144571566,0.4041971195103463,-0.1412455086790088,0.9034431166557351,0.2660688320987191,-0.12361511126675465,0.07037011455047895,-0.22242721915245056,0.7485826164484024,-0.4141748249530792,-0.02638414267644051,0.37683053218043894,-0.1504827004825854,0.9135959631518218
8.466666,254,1,0.26294472917312484,-0.11973438655337251,0.05726315926490236,-0.22396118938922888,0.8099418431520462,-0.406504899263382,-0.02156223144571566,0.4041971195103463,-0.1412455086790088,0.9034431166557351,0.2660222147863076,-0.1241036308295884,0.07153868712451689,-0.22242721915245056,0.7455146610736847,-0.4157087802886963,-0.02644880545686265,0.3754746459709923,-0.15145325704306203,0.913991882816205
8.5,255,1,0.26294472917312484,-0.11973438655337251,0.05726315926490236,-0.22396118938922888,0.8099418431520462,-0.406504899263382,-0.02156223144571566,0.4041971195103463,-0.1412455086790088,0.9034431166557351,0.26603700559092647,-0.1246204938202371,0.07363886148363583,-0.2208932340145111,0.7393787354230881,-0.41724276542663574,-0.02616839741270987,0.3726234633363784,-0.15297957939585285,0.9149121366753865
8.533334,256,1,0.26276073587051296,-0.12015485615378053,0.05726315926490236,-0.22396118938922882,0.8099418431520462,-0.4080388844013214,-0.021252208946759596,0.4042135386899641,-0.14193840122224857,0.9033345166731382,0.26589522506292135,-0.12506782812637002,0.07513850371790501,-0.22089323401451105,0.7363107800483699,-0.41877675056457514,-0.026237819407352782,0.37126510993752787,-0.15394980477448558,0.9152995425464389
8.566667,257,1,0.26276073587051296,-0.12015485615378053,0.05726315926490236,-0.22396118938922882,0.8099418431520462,-0.4080388844013214,-0.021252208946759596,0.4042135386899641,-0.14193840122224857,0.9033345166731382,0.2659795518947434,-0.12612873032382668,0.07775673814970514,-0.2193592488765717,0.727106899023056,-0.42184472084045416,-0.026036933591273962,0.3670464997540893,-0.156440994305489,0.916583417048413
8.6,258,1,0.26276073587051296,-0.12015485615378053,0.05726315926490236,-0.22396118938922882,0.8099418431520462,-0.4080388844013214,-0.021252208946759596,0.4042135386899641,-0.14193840122224857,0.9033345166731382,0.2651880104088856,-0.12884959512268163,0.08454360322149025,-0.2208932340145111,0.7056311741471291,-0.43104860186576843,-0.027592844781042413,0.3576104643570602,-0.1622586629011202,0.9192526948629293
8.633333,259,1,0.2625760977905143,-0.12057504301660195,0.0572631592649024,-0.2239611893892288,0.8099418431520462,-0.40957286953926086,-0.020942173945605654,0.40422972007982266,-0.14263121026631026,0.903225385279105,0.2646992456775775,-0.13017024385638803,0.09235630140885531,-0.22089323401451116,0.681087464094162,-0.43565055727958685,-0.029697686863192168,0.34657204201075,-0.16651110276767261,0.9226483185626949
8.666667,260,1,0.26242589564590324,-0.1215113156381899,0.059099733122461764,-0.22396118938922888,0.8038059175014496,-0.41264083981513994,-0.02102822675505284,0.40154442630451487,-0.1445703926959073,0.9041124315808666,0.26442090355808523,-0.13055677148073572,0.10063452004584106,-0.22089323401451108,0.6550097912549973,-0.43718451261520386,-0.03254679527972684,0.33474518607986053,-0.16946547257151284,0.9263734776641076
8.7,261,1,0.2614751033793464,-0.12309921951238476,0.06099888645914665,-0.22396118938922882,0.7992039918899536,-0.4187767505645752,-0.020331954049520172,0.39956850338178035,-0.14776048038253345,0.9044879563525959,0.26370746282081764,-0.13125511466863526,0.11232671158362735,-0.22089323401451116,0.61666027083993,-0.4402524828910828,-0.036630723643380984,0.31727316196522504,-0.1741461906604096,0.9314875388648087
8.733334,262,1,0.2601046324064216,-0.1249973061745733,0.06602636962706636,-0.22396118938922888,0.7869321554899216,-0.42644664645195013,-0.020248482818113044,0.39420260066304735,-0.1523445326230644,0.906082475249309,0.26317001692940023,-0.13100192981802328,0.11939963729024858,-0.22089323401451116,0.5936505571007729,-0.4402524828910828,-0.03938284368379767,0.306703821874171,-0.1760714586704934,0.9345483394200639
8.766666,263,1,0.2595754389521047,-0.1272777090608116,0.07299595443610143,-0.22396118938922877,0.7639224380254745,-0.4341165721416473,-0.021490619661333744,0.38404623287850354,-0.15791133175194888,0.9094562417085982,0.26248022865807885,-0.13119168350549715,0.12592445283224257,-0.22089323401451105,0.5721748259384185,-0.44178646802902216,-0.041719135524597564,0.2968345365963331,-0.17856619900023435,0.937156808751518
8.8,264,1,0.2595182573645374,-0.12877201992134882,0.08172661908423468,-0.22396118938922882,0.7347768023610115,-0.4387184977531433,-0.024121177678996183,0.37107050065901925,-0.16263595158494992,0.9139334765616701,0.2614792109427681,-0.1312318138044592,0.13320696758921977,-0.22089323401451105,0.5491651184856892,-0.4433204531669616,-0.044249495130377535,0.28622411112137525,-0.18116924857034944,0.9398379880415243
8.833333,265,1,0.25947653913555546,-0.12976924127278833,0.09369591375751546,-0.2254951745271683,0.6948933079838753,-0.4417864680290222,-0.029085657472213516,0.35329320708750417,-0.16732264764522378,0.9199679700621252,0.260286884393082,-0.13169057149168278,0.1374941454280429,-0.22089323401451116,0.5353592857718472,-0.44638842344284063,-0.04547223897345652,0.2798905134462236,-0.1837323257245852,0.941188614704505
8.866667,266,1,0.25968559339347075,-0.12986811657331832,0.10436473310215419,-0.2254951745271682,0.658077772706747,-0.4417864680290221,-0.03353661419537183,0.33660874856987283,-0.1705586493197884,0.9254618268933323,0.25897230643133407,-0.13208438571837341,0.141850144411842,-0.22089323401451114,0.5230874530971055,-0.4494563639163971,-0.04652697495462173,0.2742611086301287,-0.18616764974376307,0.9423150699651515
8.9,267,1,0.2593894009218544,-0.1297280279669544,0.11311734480639357,-0.22549517452716833,0.628932137042284,-0.44178646802902216,-0.03705230389042575,0.3233190493472231,-0.17307955182693793,0.9295888273021605,0.2564507302693176,-0.1318845064868584,0.14723595239563236,-0.22089323401451122,0.5154175385832787,-0.4525243341922761,-0.04703837805110002,0.2707665494367182,-0.18823056083066395,0.9428903025621955
8.933333,268,1,0.2588962157253158,-0.1294947687403259,0.12139717616199863,-0.22549517452716827,0.6013204827904701,-0.4417864680290222,-0.04037571103266982,0.31066542682648607,-0.17543387889823922,0.9333165318733198,0.2538313606137297,-0.13162063507854282,0.15218269702927617,-0.22089323401451103,0.5108156129717827,-0.4555923044681548,-0.0471852231204526,0.26869797804422924,-0.19004675114503783,0.943110377258798
8.966666,269,1,0.2580842108666656,-0.12961791665998107,0.12577359610329875,-0.22549517452716825,0.5905826017260556,-0.44332045316696156,-0.041431601865519696,0.30576031015446237,-0.17705731615140657,0.9345826672362189,0.2507554239828207,-0.13061419756384782,0.15714971018436658,-0.2193592488765716,0.5108156353235245,-0.4571262896060943,-0.04625585678729303,0.26858770187603986,-0.19097611295309833,0.9430000882264786
9.0,270,1,0.2560876793337761,-0.12967898944384498,0.127643046641721,-0.22549517452716827,0.5967185199260712,-0.4463884234428406,-0.04021880768681137,0.3086440178387136,-0.1779714926546315,0.9335135058277997,0.2462018317803839,-0.12886655427843788,0.16392272155055945,-0.21935924887657177,0.5138835906982422,-0.45866024494171154,-0.045673106105661596,0.27004981294439745,-0.19145331344235417,0.9425140289031779
9.033334,271,1,0.2530961236675028,-0.1282472054917942,0.12992896776017857,-0.22549517452716825,0.6135923117399216,-0.44638842344284047,-0.03817166172711992,0.31638537447341814,-0.1765349295933718,0.9312779594158603,0.24272176787860789,-0.1271487575612259,0.1676753489325944,-0.21782527863979337,0.5230874568223953,-0.4586602449417114,-0.043820139504222234,0.2741797710014451,-0.1909229508346274,0.9415166888547563
9.066667,272,1,0.2503145299773809,-0.12741068219628449,0.13318581899177645,-0.22549517452716827,0.6227962225675587,-0.44792237877845753,-0.03680797640857887,0.3206268119769617,-0.17645930566265783,0.9298955499190478,0.23941045215736448,-0.1255142814377485,0.17064468603040997,-0.21629129350185408,0.5338252931833272,-0.45866024494171154,-0.04177936116150012,0.27901626015104397,-0.19027156603681486,0.9403197023939037
9.1,273,1,0.24702118233173853,-0.12582885121535003,0.13731601062622792,-0.2239611893892288,0.632000096142292,-0.44792237877845753,-0.034973925769799755,0.3246974286580255,-0.17591482273432874,0.9286562224426564,0.23516153204384488,-0.12341682974344186,0.17478604448918497,-0.21475730836391443,0.5430291891098022,-0.45866024494171137,-0.03992773840956996,0.28313557885286733,-0.18974588198654854,0.9392744646599819
9.133333,274,1,0.24247641272189224,-0.12364511117320097,0.1454602467898688,-0.22396118938922882,0.6335340887308121,-0.44792237877845764,-0.03478704863723574,0.32539777775279716,-0.17578273400730451,0.9284430935203132,0.23246473969272521,-0.12161923932297464,0.17846354649351262,-0.2147573083639145,0.543029174208641,-0.45712628960609436,-0.04014488713589066,0.2831048649920849,-0.1890254249087615,0.9394197209941476
9.166667,275,1,0.23885807843360768,-0.12190651886830411,0.15177785914665942,-0.22396118938922888,0.6320000737905502,-0.4479223787784576,-0.034973928492629,0.3246974184518756,-0.17591482465823427,0.9286562255441692,0.22958466470423988,-0.12020260321760315,0.1819026853950015,-0.2147573083639145,0.5399612486362457,-0.45712628960609436,-0.04052068476553439,0.281683477329443,-0.18927213568539755,0.9397811188563078
9.2,276,1,0.2356341763700856,-0.12082522537274357,0.15858403937577542,-0.2239611893892287,0.6212622076272964,-0.449456363916397,-0.03603618923825243,0.3198174205123035,-0.1775498895917877,0.9299969071496879,0.2260551191944928,-0.11846650897538723,0.18381590844706328,-0.2147573083639145,0.5414952188730244,-0.45712628960609436,-0.04033279690116724,0.2823942576733439,-0.18914883533232005,0.9396006954125125
9.233334,277,1,0.23232857900217718,-0.11923065560536178,0.16624667392843864,-0.22396118938922882,0.6059224009513855,-0.4494563639163971,-0.037907679858213555,0.31279185445273927,-0.17885935381994147,0.9320587938252054,0.22370188395644217,-0.11730901202965383,0.18472560256318035,-0.21475730836391443,0.5399612486362457,-0.4571262896060943,-0.04052068476553439,0.281683477329443,-0.18927213568539755,0.9397811188563079
9.266666,278,1,0.23009342719158488,-0.1181524524529512,0.17034164285793332,-0.22396118938922882,0.5967185348272324,-0.4494563639163971,-0.03902950869215856,0.3085676642236439,-0.17963998529277622,0.9332696125615707,0.22118299925172646,-0.1160700362973432,0.1858877005538369,-0.2147573083639145,0.5353592932224278,-0.45712628960609425,-0.041084210367959,0.27955012301097115,-0.18964137198238343,0.9403190769178468
9.3,279,1,0.22776460731058715,-0.11702906525160363,0.1719400843228478,-0.22396118938922882,0.5921165943145748,-0.4494563639163971,-0.0395901155418253,0.306453109549311,-0.1800288760491002,0.9338676127735882,0.2175348104744299,-0.11471249972226985,0.18796801815008818,-0.21629129350185383,0.5276893824338913,-0.4586602449417113,-0.04253301399989085,0.2761698016359411,-0.19076459525586917,0.9410260637098817
9.333333,280,1,0.22434157522275375,-0.11537844993052193,0.17188734890002091,-0.22242721915245056,0.5936505794525146,-0.4494563639163971,-0.03868714751402835,0.3070200737643229,-0.18013488397023072,0.9336987750340091,0.21488579077921194,-0.11340387396774032,0.18934967085468704,-0.21782527863979334,0.5215534865856171,-0.45866024494171137,-0.044008546848400755,0.2734673620281481,-0.19104613652248623,0.9416900888453108
9.366667,281,1,0.22194641455615288,-0.11422306094574664,0.17149194791473873,-0.22242721915245062,0.5951845645904541,-0.44945636391639715,-0.03850043086352993,0.3077250269595775,-0.1800057939230318,0.9334992976752521,0.21231584210633414,-0.11256309182494656,0.18988121893123194,-0.2178252786397933,0.5184855163097382,-0.46019423007965077,-0.04417662015461566,0.27207601120148767,-0.1920146507396622,0.941888233423546
9.4,282,1,0.21942034238543728,-0.11300452224749127,0.1716816562265333,-0.22242721915245064,0.5951845049858098,-0.4494563639163972,-0.03850043811904721,0.30772499957137606,-0.18000579894102237,0.9334993054368291,0.20932121403803297,-0.11107808850116815,0.18906212975510545,-0.21935924887657166,0.5200195014476776,-0.46019423007965077,-0.044709985435599196,0.2729357014640653,-0.1916822753709056,0.9416820192492259
9.433333,283,1,0.21651142878696172,-0.11160130668195198,0.1731188227734548,-0.22242721915245056,0.5890485942363739,-0.4494563639163971,-0.03924716409952,0.304904118451677,-0.1805215204932574,0.9342939148363075,0.207186262476944,-0.11043886897344152,0.18873381002374165,-0.21935924887657163,0.5200194716453552,-0.46172821521759033,-0.04450063633382144,0.27296989956825735,-0.1924044844357536,0.9415347267438373
9.466666,284,1,0.2138512051905056,-0.11074590751687194,0.17464110742417482,-0.22089323401451114,0.5813787579536442,-0.45099034905433655,-0.03923162779162197,0.3012651475160927,-0.1821121952448327,0.9351659417536732,0.2053420948718539,-0.11035358511063811,0.18805868895097247,-0.22089323401451114,0.5215534865856171,-0.46479618549346924,-0.04461292564276206,0.27389826061739697,-0.1935143841098281,0.9410322060583005
9.5,285,1,0.21126942699544193,-0.10949561148579405,0.17593113273083932,-0.2208932340145111,0.575242817401886,-0.45099034905433655,-0.039979090463797405,0.2984380135494754,-0.18262251533594853,0.935940938994925,0.20327466143862552,-0.11139077743822293,0.18795805734090823,-0.2208932340145111,0.5200194716453552,-0.4724660813808441,-0.04375577957405185,0.27335625259439805,-0.1972471198507211,0.9404548711299282
9.533334,286,1,0.20788185524319425,-0.10868827270591462,0.17653379028523059,-0.22242721915245056,0.5721748173236847,-0.45405831933021545,-0.04061493461750458,0.2972262081019056,-0.18408521054964339,0.9360126300217705,0.20231686960640136,-0.1121478933977764,0.18732471813555318,-0.22089323401451108,0.5230874717235565,-0.4770680367946625,-0.04273625488127532,0.2748773038350396,-0.1991589410800368,0.9396551476701336
9.566667,287,1,0.20617930155485423,-0.10868773216863509,0.1770873572807133,-0.22089323401451105,0.5691068470478058,-0.4571262896060943,-0.039819073487980805,0.2957316121222503,-0.1860040422411499,0.936140882158282,0.20193261952269437,-0.11278216942941362,0.1869203779558665,-0.22089323401451114,0.5246214568614964,-0.480135977268219,-0.04211821455918807,0.27565253390926847,-0.200473859990984,0.939176217763238
9.6,288,1,0.20496866697378974,-0.1093347880726378,0.1765684827335235,-0.22089323401451108,0.5706408023834229,-0.46172821521759033,-0.03894797187100743,0.2965291725286796,-0.18802956477659702,0.9355203835815205,0.20185320969821896,-0.11274081408812944,0.18704638623315153,-0.22089323401451105,0.5230874717235561,-0.48013597726821894,-0.04231455116321331,0.274942536550374,-0.20060010922722282,0.939348538367484
9.633333,289,1,0.20401495139060138,-0.11093415254677662,0.17576759317945762,-0.2224272191524505,0.5737087726593018,-0.46939811110496515,-0.03814063953698858,0.29823451159747283,-0.19112934210233815,0.9343827065477259,0.20159839730657547,-0.11302491334102546,0.18688588756554964,-0.2208932340145112,0.524621456861496,-0.48166996240615845,-0.041906778746190795,0.2756847571835845,-0.20119414213319697,0.9390221795692755
9.666667,290,1,0.20360732540900062,-0.11197817140689251,0.17539401771187968,-0.22089323401451105,0.5752427577972412,-0.4740000665187836,-0.03654304077301002,0.29887817912500125,-0.19337806512793101,0.9337780058136749,0.20177152534802112,-0.11269827421095016,0.18688588756554964,-0.22089323401451114,0.524621456861496,-0.4801359772682191,-0.0421182145591881,0.27565253390926836,-0.20047385999098408,0.939176217763238
9.7,291,1,0.20355099592741474,-0.11194927391130927,0.17499281496337596,-0.22089323401451116,0.5767767131328583,-0.4740000665187836,-0.036348091954947453,0.2995830171121013,-0.193248437512363,0.9335865645285794,0.2019718020124269,-0.11280257503093662,0.18732471813555313,-0.22089323401451108,0.5230874717235565,-0.4801359772682189,-0.04231455116321327,0.2749425365503741,-0.20060010922722274,0.9393485383674839
9.733334,292,1,0.2037224716572689,-0.11161964079069286,0.17499281496337596,-0.22089323401451116,0.5767767131328583,-0.47246608138084417,-0.03657785918894945,0.29955505027942403,-0.19253232678322524,0.9337345100255653,0.20243563679641005,-0.11220988623580062,0.18788782753650662,-0.21935924887657157,0.5200195014476776,-0.4770680367946625,-0.042405689369169525,0.2733031969085952,-0.19962023924663963,0.9400313187079362
9.766666,293,1,0.20372387986385915,-0.11161975450672218,0.17499482194726115,-0.2224272191524505,0.5767767131328583,-0.47246608138084406,-0.037294015790345005,0.29970263301811584,-0.19230251367696544,0.933706180434594,0.20277888720099108,-0.11155377799807595,0.18788782753650662,-0.21935924887657177,0.5200195014476776,-0.4740000665187837,-0.04282488235433321,0.2732378256806155,-0.1981780108758877,0.9403364270695588
9.8,294,1,0.2037224716572689,-0.11161964079069286,0.17499281496337596,-0.22089323401451116,0.5767767131328583,-0.47246608138084417,-0.03657785918894945,0.29955505027942403,-0.19253232678322524,0.9337345100255653,0.20336428463946207,-0.11060593129313087,0.18869502645966668,-0.21782527863979337,0.5169515609741211,-0.4693981111049651,-0.043116231379599974,0.2715645656535198,-0.19647088321694176,0.9411656970592324
9.833333,295,1,0.2037224716572689,-0.11161964079069286,0.17499281496337596,-0.22089323401451116,0.5767767131328583,-0.47246608138084417,-0.03657785918894945,0.29955505027942403,-0.19253232678322524,0.9337345100255653,0.20370131078258416,-0.10994692748598874,0.18869294286332483,-0.21629129350185394,0.5169515609741211,-0.4663301706314087,-0.04281064231278585,0.2713484431079629,-0.1952351121069459,0.9414990824893245
9.866667,296,1,0.2037224716572689,-0.11161964079069286,0.17499281496337596,-0.22089323401451116,0.5767767131328583,-0.47246608138084417,-0.03657785918894945,0.29955505027942403,-0.19253232678322524,0.9337345100255653,0.20470117060496118,-0.1083754889733139,0.18872715459425174,-0.2162912935018539,0.5169515609741211,-0.45866024494171137,-0.04385093615302464,0.27118227093755964,-0.19162307130353193,0.9422408767782541
9.9,297,1,0.2037224716572689,-0.11161964079069286,0.17499281496337596,-0.22089323401451116,0.5767767131328583,-0.47246608138084417,-0.03657785918894945,0.29955505027942403,-0.19253232678322524,0.9337345100255653,0.20693757195808016,-0.10410386371767302,0.18929113852314927,-0.2147573083639145,0.5138835906982426,-0.4387184977531433,-0.046190316250636576,0.26916139957213076,-0.18266607939839435,0.9444848855869835
9.933333,298,1,0.2038934415332628,-0.11128974501679001,0.17499281496337596,-0.22089323401451105,0.5767767131328583,-0.4709320962429046,-0.036807604905017256,0.2995269072252291,-0.1918161027916377,0.9338819062274807,0.20927500424176304,-0.0990563148016351,0.1892911385231493,-0.2147573083639145,0.5138835906982426,-0.4157087802886962,-0.04928385493362011,0.2686121850881749,-0.17178806505436947,0.9465238805069388
9.966666,299,1,0.2049086121546504,-0.10930490461115652,0.17499281496337596,-0.22089323401451116,0.5767767131328583,-0.4617282152175905,-0.03818561529633663,0.2993543497515863,-0.1875164178591887,0.9347547406151536,0.2118075513962459,-0.09368381831390338,0.18932508593418135,-0.2147573083639145,0.5138835310935974,-0.3911651074886322,-0.05257643237493564,0.2679871429387996,-0.16015983957824903,0.9485607180167713
10.0,300,1,0.20672072949383963,-0.10564202667507494,0.17499080728803007,-0.2193592488765716,0.5767767131328583,-0.44485443830490107,-0.039991695815341795,0.2988836739102043,-0.1798527106033558,0.9363344574586463,0.21497596723976142,-0.08694924758585326,0.19113667760292835,-0.21168935298919672,0.5062136352062225,-0.36048549413681025,-0.0559842995935988,0.2633134425344291,-0.14655861501239797,0.9518678277709199
10.033334,301,1,0.21001016470934974,-0.09856681099074531,0.17499080728803007,-0.21935924887657166,0.5767767131328583,-0.41264083981513966,-0.044800359609883426,0.29820079483977446,-0.16474868255402983,0.9391097301873,0.2173716359544785,-0.08227596386636551,0.19404150680043974,-0.2116893529891968,0.49547576904296875,-0.33900976181030285,-0.059819536390932355,0.2576226129416596,-0.13709416690115878,0.9545980315131405
10.066667,302,1,0.21264707392657614,-0.09242065247124776,0.17499080728803007,-0.2193592488765716,0.5767767131328583,-0.38502916693687433,-0.04891287079784626,0.2975538897990771,-0.15176819868788852,0.9412946550378289,0.2196411742160089,-0.07713757511705337,0.19772519807857486,-0.21015536785125732,0.48166996240615845,-0.3160000443458556,-0.06326706926398545,0.25027008933260214,-0.1272548423620162,0.9576890755498968
10.1,303,1,0.21524526062809848,-0.08585670404286204,0.17499080728803007,-0.21935924887657166,0.5767767131328583,-0.35588353872299194,-0.0532437211991108,0.29680952211328987,-0.13803525718562912,0.9434063183535761,0.22278803890446888,-0.06910928702325363,0.20144649493533626,-0.21015536785125732,0.46786412596702576,-0.28071847558021545,-0.06877398980084838,0.24253224383579847,-0.11126415882858695,0.9612848360330108
10.133333,304,1,0.21836968031387952,-0.07789246824562383,0.17659620978204127,-0.21935924887657166,0.5706408023834229,-0.3206019699573517,-0.05903177576947414,0.2929518812371475,-0.12182790109895228,0.9464948004310128,0.22500200763795009,-0.06272381053464364,0.20232313030108726,-0.2101553678512573,0.46479618549346924,-0.2531068325042724,-0.07233989704013175,0.24009201226643948,-0.09818242295165895,0.963059176149325
10.166667,305,1,0.22036967640350258,-0.07306146862729633,0.1791228362980251,-0.21782527863979334,0.562970906496048,-0.29912626743316645,-0.06210770369251575,0.2886134823054167,-0.11243650207637254,0.9487902423478086,0.22694762218271364,-0.055862105469253034,0.20316764560287065,-0.21015536785125727,0.4617282152175899,-0.22396118938922877,-0.07603353332239453,0.23754100439754883,-0.08433275298859001,0.9647181763674204
10.2,306,1,0.22244210526203484,-0.06784193795591713,0.1818074444807495,-0.21629129350185394,0.5537670254707341,-0.27611654996871954,-0.0654361167614545,0.2834646874550741,-0.10238081557431472,0.95125393780605,0.2296205792238735,-0.04720370412071294,0.20305194335537585,-0.21168935298919675,0.4617282450199127,-0.18714565038681027,-0.08113397646201949,0.2361522287020904,-0.0663800492389447,0.9660450775225405
10.233334,307,1,0.22495685124638432,-0.05962200601532893,0.18698544113258667,-0.216291293501854,0.5338252782821655,-0.24083498120307922,-0.07186016767888534,0.27282173858795167,-0.08693384073169458,0.9554302290542446,0.23133554714516688,-0.03985283666611536,0.2035184137917177,-0.21168935298919672,0.46019420027732805,-0.15646603703498835,-0.08482330700724042,0.2341410713089755,-0.051646143118183434,0.9671171807054494
10.266666,308,1,0.226775321596941,-0.053134870435212166,0.1887593777353954,-0.21629129350185397,0.5261553823947911,-0.21322332322597506,-0.07611905407260769,0.2681566475049058,-0.07423892935028055,0.9574896779469454,0.23266310902349824,-0.03242054314945283,0.20436134016506496,-0.21168935298919672,0.457126259803772,-0.12578642368316645,-0.08853499572784183,0.23133220509090116,-0.036984557087776225,0.9681317616710409
10.3,309,1,0.22866540859578693,-0.04549628900954285,0.19000025773018991,-0.2162912935018539,0.5215534269809723,-0.18100973963737482,-0.08069188260450744,0.26470122594765094,-0.059100319487984915,0.9591294142606457,0.23413157917345215,-0.021942457167961463,0.20465986972957,-0.21168935298919675,0.457126259803772,-0.08283495903015134,-0.09348222667131857,0.22937765339570454,-0.01618628822392454,0.9687027250363159
10.333333,310,1,0.23122823712479318,-0.03450955798414894,0.19011530016715927,-0.21629129350185394,0.5215534567832947,-0.13499030470848083,-0.08676068411150645,0.2627746370564332,-0.037017323659220044,0.9602352792735079,0.23488949377774238,-0.014415556909445449,0.2050951707835597,-0.2116893529891968,0.4555922895669937,-0.052155345678329496,-0.09702739373171367,0.22717453037432292,-0.0014086552845516092,0.969007447497245
10.366667,311,1,0.2327758838969416,-0.02711849398630188,0.18901445609324985,-0.21629129350185392,0.5261553823947906,-0.10431069135665891,-0.09060182356635718,0.2636160229584491,-0.022013285692416625,0.9601110963107578,0.2352260900119013,-0.006480411300055431,0.2050951707835597,-0.21168935298919678,0.4555922895669937,-0.019941750913858428,-0.10067370407018121,0.22558233019000568,0.01419845921783493,0.9689044438801364
10.4,312,1,0.23380228119130408,-0.019265025080480693,0.18732049062223244,-0.21629129350185394,0.5338253080844879,-0.07209710031747817,-0.09459494746722458,0.2657957638190631,-0.006111580031030841,0.9593576269770507,0.2352122582064109,0.0029727841029186905,0.2049288358560174,-0.21168935298919678,0.45712627470493317,0.018407769501209217,-0.10496892827802269,0.22435365361851328,0.032850560063118726,0.9682808491898034
10.433333,313,1,0.23464982546640378,-0.009487589810455374,0.1865659515146657,-0.2162912935018539,0.5368932783603668,-0.03221359476447101,-0.0998087469701898,0.26532646852518876,0.013185789818780703,0.9588880091413426,0.23493970710323053,0.010149937330682228,0.20476262550436145,-0.21168935298919678,0.4586602598428726,0.0475534051656723,-0.1082264065050396,0.2235432180272879,0.047031931526375935,0.96752440383998
10.466666,314,1,0.2348712888618708,-0.0019402676108402194,0.18696914379954643,-0.21629129350185386,0.5353592932224274,-0.0015339808305725178,-0.10388939222634115,0.26302900318053946,0.027812835002774056,0.9587748348167059,0.23426607376925138,0.017677147072976428,0.20497210142443922,-0.2101553678512573,0.45866025984287306,0.07823301851749417,-0.1109011725084466,0.22190419717366744,0.06169727264727868,0.9667744844382526
10.5,315,1,0.23468582106586905,0.005229105097698972,0.18734658890680317,-0.21629129350185394,0.5338253080844879,0.02761165425181389,-0.10772300968697564,0.2607515011164191,0.04170438048981708,0.958470214715864,0.23336598958547444,0.027452534433585758,0.20497210142443922,-0.21015536785125732,0.45866025984287306,0.11811652034521102,-0.11530398695236573,0.21964865895317182,0.08096290355209348,0.9653519904477208
10.533334,316,1,0.2342817430306348,0.015031127296523126,0.18734658890680317,-0.21629129350185394,0.5338253080844879,0.06749515235424043,-0.11290108747858166,0.2585516130226996,0.06080839409785704,0.9574480388286112,0.23220075204783158,0.03453058830057822,0.20477711894120815,-0.21015536785125732,0.4601942300796509,0.14726215600967413,-0.11852890060294256,0.21868714525971322,0.09508705038987991,0.9638907018268033
10.566667,317,1,0.23386516626382098,0.021812323505811866,0.1875041616552477,-0.21475730836391443,0.5322913229465485,0.0951068103313446,-0.1157127146640469,0.2562891806476918,0.07375376770757316,0.9568107468548569,0.23066766144126788,0.041917522755905906,0.20471847342570562,-0.21015536785125738,0.4601942300796509,0.17794176936149592,-0.12186944234820053,0.21684327704986334,0.10986118031021642,0.962318737883068
10.6,318,1,0.23298788648884988,0.02930917737435403,0.18734452489866016,-0.21475730836391446,0.5338253080844879,0.12578642368316648,-0.11965500237638076,0.2552196419670179,0.08848832408903838,0.9553614139478571,0.22854583031303194,0.051473034509903696,0.2045227723348712,-0.21015536785125732,0.46172821521759033,0.2178252786397934,-0.12623160918886925,0.2151102224471738,0.12908730265747795,0.959754990262063
10.633333,319,1,0.23156486744426405,0.03939686818677525,0.18734452489866016,-0.21475730836391452,0.5338253080844879,0.16720390319824222,-0.12491424554334395,0.25268719100857023,0.10825226740889893,0.953324216288125,0.22644537981853408,0.059088414469491216,0.20456705519665233,-0.21015536785125732,0.46326225996017456,0.25003886222839344,-0.12975411065320908,0.21378821321150035,0.1445843602961601,0.9573681807007056
10.666667,320,1,0.2302421119524249,0.04682662639630504,0.18734452489866016,-0.2147573083639145,0.5338253080844879,0.1978835165500641,-0.1287755697111771,0.25074137649184713,0.12286276691950455,0.9515515515543123,0.22414959491563607,0.06546466781891362,0.20370949604445393,-0.21015536785125738,0.47093212604522705,0.277650535106659,-0.13311440694681945,0.21566395789870021,0.1580528323549307,0.9543526151854189
10.7,321,1,0.2287749503157018,0.05384418539495754,0.18734452489866016,-0.21475730836391446,0.5338253080844879,0.2270291596651077,-0.13241577611037236,0.24883819537312238,0.13671602130426466,0.9496601204005922,0.2202298452772891,0.07442929653484988,0.20210821496616835,-0.20862138271331787,0.48780590295791626,0.31753402948379517,-0.13774169258008068,0.22118403904335163,0.17741588706868386,0.9490144624889948
10.733334,322,1,0.22578710491169635,0.06397499871906268,0.18654850477056395,-0.21475730836391455,0.5414952337741852,0.2699806094169616,-0.1381153493499252,0.24959448170711762,0.1573339104900851,0.9454484573921528,0.21698523122848346,0.0803950752101179,0.2016210358719741,-0.20708741247653967,0.49854379892349243,0.3451456725597382,-0.14081194465909697,0.22453241902484872,0.19063857234414594,0.9452058631762495
10.766666,323,1,0.22328954572084825,0.07029818557624516,0.18544020904508834,-0.2147573083639145,0.5522330701351166,0.29759228229522705,-0.14215622159192537,0.2527698824925275,0.1707054173339776,0.9416786371476491,0.21324105757003453,0.08570656815447292,0.20155074293057193,-0.2040194422006607,0.5092816352844238,0.3712233603000641,-0.14310196132495534,0.22809709310493176,0.20287923595789945,0.9414528986620467
10.8,324,1,0.21990768889518558,0.07707920875438694,0.18355521236201475,-0.2132233232259751,0.57064089179039,0.3282718956470488,-0.14646572868931235,0.2594210482631516,0.18545181460599636,0.9364059667136362,0.20876339164957186,0.09180948704779837,0.20086722896739234,-0.1978835165500642,0.526155412197113,0.401902973651886,-0.14511571844330662,0.2345359277536246,0.21696296418706582,0.936408777737902
10.833333,325,1,0.21552607853348493,0.08460617598500837,0.18107494812765673,-0.21015536785125732,0.5951845347881322,0.3635534346103667,-0.15133714483772776,0.26867015709348846,0.20212543572915292,0.9295475907725353,0.20588074497611245,0.09532363010299322,0.19970110940370714,-0.18714565038681025,0.541495218873024,0.4203107357025145,-0.14360126142999488,0.24164139744825747,0.2245729107461449,0.9330354336861871
10.866667,326,1,0.2118802631810623,0.08992936536158112,0.1789356007024946,-0.20555342733860027,0.6166602671146393,0.38963112235069275,-0.15434539441238612,0.2772318203587571,0.21402865435638954,0.9238569976563732,0.20337393213900518,0.09816524775039095,0.1984681884796263,-0.1764077842235565,0.5553010255098343,0.4356505572795867,-0.14171799482939917,0.24827187313953325,0.23059695642966363,0.9301086660356939
10.9,327,1,0.20869302984439964,0.0941728359606386,0.1776411542269442,-0.19941750168800354,0.6320001184940338,0.4111068546772003,-0.15573832781730035,0.2834021943877459,0.22332281011640606,0.9195410224381472,0.2011673837247428,0.10031383355137176,0.19672685199622655,-0.16260196268558502,0.5721748024225239,0.44792237877845753,-0.13843282356429396,0.25694064045355136,0.23470848694990382,0.9272161489086688
10.933333,328,1,0.20488516078786895,0.09806845970867804,0.17612763083808544,-0.1856116801500321,0.6519418060779572,0.43258258700370783,-0.15417515733398124,0.29258039963368093,0.23141765421682,0.9149167174819913,0.1999564403368872,0.10132492320295422,0.1963011676552199,-0.15646603703498838,0.5783108025789261,0.45405831933021545,-0.13697125699117405,0.2601153354781302,0.23679268688771288,0.9260173380903055
10.966666,329,1,0.20288177186523257,0.09993435480102511,0.17581036535960803,-0.17333982884883875,0.6596117615699768,0.4433204531669616,-0.15082563255259904,0.29674505637312454,0.23456792183997183,0.9133301101611051,0.19920711115125003,0.10175639393097874,0.19579811919295897,-0.1533980816602707,0.5829127430915833,0.45712628960609436,-0.13639892742119583,0.26242249818768754,0.23782967927534618,0.9251847430103171
11.0,330,1,0.20138065361363716,0.10121830084346031,0.17528451822659377,-0.1641359478235245,0.6672816276550293,0.45099034905433644,-0.14847019148024396,0.30080196844798507,0.2367147147723399,0.9118338235829415,0.19804329159097656,0.10197950960549072,0.19625190091903713,-0.15186409652233132,0.581378698348999,0.4601942300796509,-0.13594110868891576,0.26167924176274826,0.2390432085095706,0.9251498980513112
11.033334,331,1,0.2005981342756855,0.10203948123162238,0.17483902064495355,-0.15646603703498838,0.6718835830688477,0.4555923044681548,-0.14609782454491096,0.30349711887702124,0.23765343574925912,0.9110794526127588,0.19771835512235864,0.10181844161989276,0.19617986547564004,-0.15186409652233118,0.5813786685466766,0.4601942300796508,-0.13594110575778423,0.26167922782915715,0.23904320842640564,0.9251499024446238
11.066667,332,1,0.20023359139981056,0.1022617136317398,0.17454735382437664,-0.15493206679821023,0.6749515533447266,0.45712628960609425,-0.1459207405100503,0.30498254748133297,0.23811404204951483,0.91049134328649,0.19755596127198521,0.10173794449851885,0.19614342677875996,-0.1518640965223312,0.5813786685466766,0.46019423007965077,-0.13594110575778423,0.26167922782915715,0.2390432084264056,0.9251499024446238
11.1,333,1,0.200075285787084,0.1025849906843118,0.17454546032792975,-0.15339808166027072,0.6749515533447266,0.45866024494171154,-0.14545636963495126,0.30505361740545117,0.23857839481264145,0.9104202790849357,0.19736655436394585,0.10164405725568024,0.19571386108957325,-0.15186409652233115,0.5829126536846161,0.4601942300796509,-0.13609193695851565,0.26239634059146366,0.23904741877994892,0.924923497762778
11.133333,334,1,0.19970490080392042,0.10280357032975089,0.1752657729216378,-0.15339808166027075,0.6718835830688477,0.4601942300796507,-0.1453988675697418,0.3035275631355154,0.23928384191463375,0.9107543196301761,0.19736655436394585,0.10164405725568024,0.19571386108957325,-0.15186409652233115,0.5829126536846161,0.4601942300796509,-0.13609193695851565,0.26239634059146366,0.23904741877994892,0.924923497762778
11.166667,335,1,0.19938085266197442,0.10264252618912087,0.1763429617446502,-0.15186409652233127,0.6672816276550293,0.4601942300796509,-0.14426190017266163,0.301588071856727,0.23906238833552612,0.911637161131351,0.19727546335168794,0.1015989042880467,0.19555924775832056,-0.15186409652233118,0.5844466388225555,0.4601942300796507,-0.1362426880994129,0.26311329899188796,0.23905148850725708,0.9246965489691827
11.2,336,1,0.19917000348269964,0.10253801021184315,0.1765566164715336,-0.15186409652233127,0.6672816276550293,0.4601942300796509,-0.14426190017266163,0.3015880718567269,0.23906238833552612,0.911637161131351,0.19740323241799335,0.1012651646547836,0.19516660169404584,-0.1518640965223312,0.585980623960495,0.4586602449417114,-0.13619096326488414,0.26393463768861686,0.2383462864636407,0.9246521379860394
11.233334,337,1,0.19894346107868185,0.10242571524900665,0.17777912971474702,-0.15186409652233118,0.6611457467079163,0.4601942300796508,-0.14367620760929015,0.2987550429437768,0.23907564620654545,0.9126584284789118,0.19737765928826978,0.10125212509908377,0.19374832874096376,-0.1503301113843918,0.590582549571991,0.45866024494171154,-0.13593212729494739,0.2662671877355497,0.23815360096575444,0.9240709409193192
11.266666,338,1,0.19877719492652202,0.10194360158099983,0.17834954854408058,-0.15186409652233115,0.6596117615699768,0.4586602449417114,-0.14330093000654898,0.2981563368567648,0.23837834182167952,0.913095508915557,0.19731649908652277,0.10122192533815691,0.1910383186799923,-0.1503301113843918,0.6013204157352448,0.45866024494171154,-0.13698027407488864,0.2712779460041922,0.2381716119812209,0.9224526891783567
11.3,339,1,0.19866574479109103,0.10188856959370847,0.1787075703782603,-0.15186409652233127,0.6580777764320374,0.4586602449417114,-0.14315475323924337,0.2974473446737428,0.23838096968962005,0.9133489514207521,0.1974544065167962,0.10049747518682957,0.18589147967960534,-0.15033011138439184,0.6197282671928406,0.45559230446815496,-0.13833845792825344,0.2800621187970947,0.23677557099404642,0.9199809833107193
11.333333,340,1,0.19876685647838077,0.1019384966491438,0.1788542856161544,-0.15186409652233124,0.6565437912940979,0.45866024494171154,-0.14300849225720708,0.2967381775091191,0.23838345732338254,0.9136018566232436,0.19765475067860805,0.09980468562684203,0.18141828992854117,-0.15033011138439176,0.6366020441055298,0.452524334192276,-0.13951296213124487,0.28811544221193347,0.23536817776331914,0.9176750221362475
11.366667,341,1,0.19876975820210557,0.10154085520766136,0.17831868680655683,-0.1518640965223313,0.6596117615699768,0.4571262896060943,-0.1430722086283607,0.29826615776314486,0.2376779479128348,0.9132780711959295,0.19762891378798975,0.09939798657766673,0.17695366732599874,-0.1518640965223312,0.6534758508205418,0.45099034905433644,-0.1415821398970051,0.2958644681064204,0.23488071835496424,0.9150135312219955
11.4,342,1,0.198540628945685,0.10103010412843884,0.17610165708869496,-0.15186409652233127,0.6672816574573517,0.4555923044681548,-0.14356757876671064,0.3019192282221258,0.23696411407875717,0.9121848160300029,0.197105185329917,0.0983589820014272,0.1703722856829985,-0.1518640965223312,0.6795535087585454,0.44792237877845753,-0.1435412553718121,0.3081321955281409,0.233443610401825,0.911018407524158
11.433333,343,1,0.19757691626166402,0.10016229023970676,0.16986760053360234,-0.15186409652233124,0.6918253302574158,0.45405831933021545,-0.1456304281922808,0.3133398787995236,0.23620166996311845,0.908195281778686,0.19662115634001665,0.09812682239192112,0.16565393630104402,-0.15339808166027072,0.6964273154735565,0.44792237877845753,-0.14578619628987405,0.3157229473798209,0.2336431951604627,0.9080067526314655
11.466666,344,1,0.19678222927892108,0.09938090072933688,0.1644630816335152,-0.1518640965223312,0.7133010625839238,0.4525243341922761,-0.1473721709326752,0.32331116123263215,0.23542383338286693,0.9046142575331837,0.1960957224973026,0.09748444079255772,0.16080460166537924,-0.1533980816602707,0.7148350775241856,0.4463884234428407,-0.14721248372286108,0.3242865348717098,0.2328902060250525,0.9049468934001897
11.5,345,1,0.19557281481291588,0.09879250620103548,0.15757948339847586,-0.15033011138439173,0.7409127354621887,0.45252433419227595,-0.14920555700885912,0.33611332119421566,0.23502183710191757,0.8997390027995396,0.19577153734456323,0.09655236311146134,0.15586358291011976,-0.15339808166027064,0.7317088544368748,0.44332045316696184,-0.14822150110111157,0.33223772175053984,0.23143729291391718,0.9022667356752225
11.533334,346,1,0.19454213190860992,0.09751459286456982,0.15063986997655787,-0.15033011138439187,0.7700583636760712,0.4494563639163971,-0.15130625650114624,0.3495991654169545,0.2334386387367344,0.8946469930805773,0.19567590056176004,0.0961195133130453,0.15260565790076258,-0.1533980816602707,0.7409126758575444,0.441786468029022,-0.14878076803368234,0.3365560195224488,0.23070437800420832,0.9007606889491815
11.566667,347,1,0.19351183299988764,0.09701759238073457,0.1464689561442076,-0.15033011138439176,0.7869321703910828,0.4494563639163971,-0.15280640457283112,0.35724073605621576,0.23329860342697537,0.8914039605378474,0.19539136665031676,0.09598493879499682,0.14935012293964398,-0.15339808166027066,0.7501165866851807,0.4417864680290221,-0.1495917594539198,0.34075364355030735,0.23065867676285076,0.8990583044189522
11.6,348,1,0.1929900212854834,0.09638125550280946,0.1435773870840232,-0.15033011138439176,0.7976700365543365,0.44792237877845764,-0.15347762102611603,0.362208166074085,0.23251868264762351,0.8894857651998853,0.19574964416332327,0.09615439143913299,0.142691505796989,-0.15339808166027075,0.7700583636760712,0.44178646802902205,-0.15133801394862906,0.34982360720939487,0.23054290118167056,0.8953045404150647
11.633333,349,1,0.19250406248225177,0.09500000258641814,0.14100778236055975,-0.15033011138439167,0.8068738877773289,0.4433204531669618,-0.15344094063298577,0.36671130727324824,0.23038782762333793,0.8882005087471009,0.1967568446909515,0.09663076181233818,0.13725474046569633,-0.15339808166027064,0.7853981852531438,0.44178646802902216,-0.1526710568821524,0.3567768803207027,0.23043824591216786,0.8923564427290458
11.666667,350,1,0.1923140947430406,0.09452867610194067,0.1386644762858777,-0.15033011138439178,0.8145437836647034,0.4417864680290222,-0.15381879594920256,0.37028260265930213,0.22963432267298411,0.8868475912078191,0.19809423033757134,0.09687188223479458,0.13303233386286106,-0.1533980816602707,0.7946020662784576,0.44025248289108276,-0.1531896931430026,0.3610563921388018,0.22968582309439914,0.8907388069910915
11.7,351,1,0.19244308135747387,0.09458968222730552,0.13445579951111358,-0.15033011138439176,0.8252816498279572,0.4417864680290222,-0.154737825710532,0.37510864919512255,0.22952757743688237,0.8846845753088179,0.1999044341072905,0.09693630981139294,0.12881106495691938,-0.1518640965223314,0.8007379174232483,0.4371845126152037,-0.15247523839973892,0.3642374776884727,0.22799373904104608,0.890000683415561
11.733334,352,1,0.19400897747178708,0.09533029593422299,0.12758504790388397,-0.1503301113843918,0.8421554565429688,0.4417864680290222,-0.15617299484833574,0.3826705448378196,0.2293464685206438,0.8812340478957548,0.20140380590023038,0.09684616965646299,0.12695721117997216,-0.1533980816602707,0.7976699769496918,0.43411657214164734,-0.1523404006850472,0.3629112620030609,0.2269301251563942,0.890836986505931
11.766666,353,1,0.1957242622625399,0.09575459545449018,0.12259400746111036,-0.15033011138439178,0.8528933525085449,0.44025248289108276,-0.15678327271371126,0.387588885993215,0.22854845836063162,0.879181132095483,0.20262497890813413,0.09661831201630788,0.12458373463030406,-0.15186409652233127,0.7976700067520142,0.43104860186576854,-0.1510999475645405,0.36331743487064544,0.22528473231241491,0.8913001945203036
11.8,354,1,0.1968671110993011,0.09590442334772604,0.11739934202242644,-0.15033011138439178,0.8651651442050934,0.4387184977531433,-0.15750915753390668,0.3931802760859459,0.22772849996718916,0.8767781167961665,0.20419264295710685,0.09654206973309404,0.12015658060411019,-0.15186409652233118,0.802271962165833,0.42798063158988947,-0.1509247970141742,0.36562827284388244,0.22388460215819528,0.890737535225667
11.833333,355,1,0.19724214104711482,0.09569169113618903,0.11236956910771297,-0.15033011138439187,0.877437025308609,0.43718451261520375,-0.15822064551256154,0.3987582367434914,0.22690381270703955,0.8743413267951016,0.2055751980053229,0.09717276255148874,0.11621082957407415,-0.15186409652233115,0.8068738877773289,0.4279806315898895,-0.1513063460289887,0.36770580403168046,0.22385079264611593,0.8898256312134849
11.866667,356,1,0.19796383325372396,0.09563948103641927,0.11058615491358732,-0.15033011138439176,0.8789709806442265,0.4356505572795869,-0.15804045498114933,0.39956066161669657,0.22621378021859975,0.8741863748177444,0.2066365893913481,0.09765694719609716,0.11197898931117797,-0.1518640965223312,0.8145438432693481,0.4279806315898895,-0.15194048643832092,0.3711640601852204,0.22379180922946823,0.8882953085148597
11.9,357,1,0.1993356373759128,0.09588652152312768,0.10963812137275729,-0.15033011138439178,0.8728350698947911,0.43411657214164745,-0.15723269663019737,0.39695516679428644,0.2256188778408919,0.8756715118282273,0.2081002786793883,0.09791964789959333,0.10674657283447085,-0.15186409652233124,0.8252816498279572,0.42644664645194996,-0.15253608469018337,0.37611348248262694,0.22302398277721036,0.8863022589773596
11.933333,358,1,0.2023338847127509,0.09648403384085337,0.10786501732785327,-0.1503301113843917,0.8590292930603032,0.43104860186576854,-0.1554998029354579,0.3910457149684498,0.22443332996524706,0.8789384167804694,0.20894326609202823,0.09830264006165755,0.10417676609933936,-0.15186409652233124,0.8298836350440979,0.42644664645194996,-0.15291202702843168,0.37818148562081016,0.22298496630815903,0.8853668057501604
11.966666,359,1,0.2042731750146047,0.09697687003554224,0.10413767811157207,-0.15033011138439178,0.8605632185935974,0.429514616727829,-0.15532453111162697,0.3918492193829906,0.2237423469331785,0.8787877112777165,0.2095125548074892,0.09856128344435092,0.10097112809117445,-0.15186409652233124,0.8390874862670898,0.42644664645194996,-0.15366147122508395,0.38231142060050566,0.22290339284504798,0.8834818659132354
12.0,360,1,0.20542650112426034,0.09710452406698086,0.09891147656924862,-0.15033011138439187,0.8713011145591736,0.4279806315898894,-0.15589066299217139,0.3967530780316524,0.22294886632446956,0.876686317486993,0.2105451460251348,0.09903041778377847,0.09712564720468363,-0.15186409652233124,0.8467574417591095,0.42644664645194996,-0.15428352931842126,0.38574688755453795,0.2228318081276494,0.8818967720825386
12.033334,361,1,0.20578956682580113,0.0968694227318665,0.09197212436663332,-0.15033011138439176,0.8943108022212982,0.42644664645194996,-0.1574205684289524,0.4070884420751307,0.22200271638211186,0.8719016910657487,0.2116562069489053,0.09953520304984466,0.09449502687135752,-0.1518640965223312,0.8482913672924042,0.42644664645194996,-0.15440766363886727,0.3864332724439499,0.22281709851771245,0.8815782097840182
12.066667,362,1,0.20550567639964945,0.09674044357218883,0.0879705429779054,-0.15033011138439176,0.9111845791339874,0.4264466464519501,-0.1587524624326478,0.41454594578159965,0.2217833455714761,0.8681943688683617,0.21253790169214676,0.0999357810073935,0.09072737944386351,-0.15186409652233124,0.854427307844162,0.42644664645194996,-0.15490331114681138,0.3891766413680145,0.22275694710650767,0.8802987268677915
12.1,363,1,0.20561879614911605,0.09719224505237385,0.08503061854329297,-0.15033011138439173,0.9203884601593018,0.4279806315898896,-0.15979521057699764,0.4184788343359411,0.22232129617334964,0.8659758640731777,0.2139646884122598,0.10099987334644306,0.08766624895915383,-0.15186409652233118,0.8513593673706055,0.42798063158988947,-0.15495307012204218,0.38768669269696643,0.22346289309393952,0.8807683632916932
12.133333,364,1,0.20727475671311085,0.09794765977282494,0.08331916894345212,-0.15033011138439173,0.9157865345478058,0.4279806315898896,-0.15943321320161208,0.41645255712899687,0.22238582603648396,0.8670022275444277,0.21509065464863567,0.10151351569287512,0.08547334505452685,-0.15186409652233124,0.849825382232666,0.4279806315898895,-0.15482858663312135,0.3870008314761955,0.22347811055871092,0.8810879634287555
12.166667,365,1,0.20937562187555625,0.09849866529965984,0.08131829791465753,-0.15033011138439176,0.908116608858109,0.4264466464519501,-0.1585111367699098,0.41319221049125454,0.22182440600634923,0.8688730342283573,0.21603966640990852,0.10194643509321233,0.08366809635271062,-0.1518640965223311,0.8467573821544647,0.4279806315898895,-0.15457934405911775,0.38562841311055435,0.22350815136715793,0.8817256147263298
12.2,366,1,0.2109869118528371,0.09923071826137436,0.0792025594031472,-0.15033011138439176,0.9019806832075123,0.42644664645194996,-0.1580273682074268,0.41048183282512757,0.22190496065596652,0.8702242264234157,0.21667823169733852,0.10223773527787978,0.07960809773201638,-0.15186409652233115,0.8498253673315053,0.42798063158988964,-0.15482858542344385,0.38700082481262005,0.22347811070589518,0.8810879665308401
12.233334,367,1,0.2121809320359588,0.10018575477374231,0.07634282209891699,-0.15033011138439176,0.8989127278327942,0.4279806315898894,-0.15809867599397334,0.40900405664273976,0.2226123606739303,0.8707262642035757,0.21733949279835174,0.10253938882001609,0.07704300954174695,-0.15186409652233124,0.8498253375291824,0.4279806315898895,-0.15482858300408878,0.38700081148546883,0.22347811100026355,0.8810879727350094
12.266666,368,1,0.21242337221123686,0.10029635093238029,0.07393507108756825,-0.15033011138439173,0.9035146534442902,0.4279806315898897,-0.15846375904113993,0.4110383659028748,0.2225521496080028,0.8697167582214931,0.21838542036404218,0.10301692934673708,0.07469086073244609,-0.15339808166027072,0.8467573821544647,0.4279806315898895,-0.15525557551939614,0.3854568706078863,0.22380385972298147,0.8816067941800428
12.3,369,1,0.21288382066853873,0.10092083574019334,0.07186624753350393,-0.15033011138439187,0.9035146832466125,0.42951461672782887,-0.15877897814378256,0.41091671765227783,0.22321914997327308,0.8695458000236121,0.21946195412855,0.10350843587354729,0.07117792083108486,-0.15493206679821012,0.8452234417200089,0.4279806315898895,-0.15580745077400973,0.3845985564243132,0.22411320589104672,0.881805681329439
12.333333,370,1,0.21454488230690588,0.10126413965313809,0.06869949234804833,-0.1503301113843918,0.8973787426948547,0.4279806315898895,-0.15797679475040408,0.40832546741908443,0.22263216926043572,0.871061744187958,0.2203729059197136,0.10392399310819919,0.06945801503588125,-0.15493206679821014,0.8406214863061905,0.42798063158988964,-0.15543409564133848,0.38253750574664924,0.22415372443710577,0.8827572749234445
12.366667,371,1,0.21575357842017456,0.10181552164638588,0.06616781344031172,-0.15033011138439176,0.8927768170833588,0.42798063158988964,-0.15761059607576494,0.4062882732932904,0.22269080878071817,0.8720651023138055,0.2204733271417141,0.10397022150727214,0.06720240356933087,-0.1564660370349883,0.8406214267015457,0.4279806315898895,-0.15611110671805675,0.382365443967389,0.22444705954807664,0.8826378119472943
12.4,372,1,0.2168139087649803,0.10187848758790774,0.06339413509239289,-0.1518640965223312,0.8912428468465805,0.4264466464519501,-0.1578464072487729,0.40555898226341625,0.22235203070304121,0.8724482781611472,0.2204149534528712,0.10394401506696618,0.0643314244482462,-0.158000022172928,0.8421554416418076,0.42798063158988964,-0.15691209711147405,0.3828804578248131,0.2247279446213975,0.8822009406604501
12.433333,373,1,0.21605638785522405,0.10195447322318903,0.05906880796313173,-0.15339808166027083,0.8989127278327942,0.4279806315898895,-0.1594341706068579,0.4086620915081133,0.22323950465643838,0.8704827188220716,0.21990702599214315,0.10328586526154682,0.0617908947496891,-0.15953400731086723,0.8467574268579483,0.4264466464519501,-0.15766442010387674,0.38488949637148523,0.22430948814690432,0.881298621208207
12.466666,374,1,0.21527877920405358,0.10160015859636193,0.055638197795121594,-0.1549320667982101,0.9081166535615921,0.42798063158988947,-0.160826452170983,0.41255749250758283,0.22344063551061272,0.8683348720744571,0.21859796224753103,0.10311599861812845,0.059214776246012304,-0.16106797754764562,0.8528933227062225,0.4279806315898896,-0.15912757411394052,0.38733991141491964,0.22523243837522886,0.8797252735287553
12.5,375,1,0.2151851133018089,0.10155784849162464,0.05427065495688331,-0.15646603703498838,0.9096506237983708,0.42798063158988964,-0.16161259146085788,0.4130629459491332,0.22373834714142127,0.8678718367268027,0.21667901276029636,0.10224148726732638,0.05593264308457055,-0.16413594782352434,0.8605632334947586,0.42798063158988964,-0.16108758208102597,0.3904190951517934,0.22576864601279967,0.8778680080272265
12.533334,376,1,0.2144530829581495,0.10122433391570067,0.051858483617748016,-0.15800002217292786,0.9081166237592697,0.4279806315898895,-0.16215826641730577,0.4122142411462506,0.2240732267139729,0.8680871529395786,0.21519975323218676,0.10156712271894267,0.05320731539939538,-0.16566991806030276,0.8666991144418716,0.42798063158988964,-0.1622467089655376,0.39298181664997117,0.2260215727219672,0.8764448333332961
12.566667,377,1,0.21335229174693815,0.10072260239888985,0.04950113519203134,-0.1595340073108672,0.9096505790948868,0.42798063158988964,-0.16294369980586965,0.41271922906797653,0.22437171658768387,0.8676229143162402,0.21476264432326062,0.10136907575538118,0.05189113924917707,-0.17027187347412104,0.8636312037706375,0.4279806315898896,-0.16402171725327325,0.39109313103580684,0.22694556125425153,0.8767204522268711
12.6,378,1,0.21215737962750178,0.10017793896547916,0.04742253024246662,-0.1610679775476457,0.9111845791339879,0.4279806315898895,-0.1637284171539169,0.4132237799185707,0.2246709771764155,0.8671574627140541,0.2148193185585094,0.10139679046669547,0.05107139074075172,-0.17640778422355652,0.8544272929430008,0.42798063158988964,-0.16599059114108883,0.3862865606610694,0.22818957587149433,0.8781567822256237
12.633333,379,1,0.21084549851653478,0.0999919103516545,0.045148766198183296,-0.16720390319824216,0.9096506237983704,0.429514616727829,-0.16658562699019508,0.4117281133395079,0.22661772875431085,0.8668180862097944,0.21537013555053847,0.10164806170654285,0.051364015410903824,-0.17640778422355655,0.8452234119176865,0.42798063158988964,-0.1652669889463769,0.38216992118283516,0.2282299714304816,0.8800818449715602
12.666667,380,1,0.21089298525784672,0.10001502708694085,0.04503978788165021,-0.17180584371089938,0.9004467278718948,0.429514616727829,-0.16786962129327604,0.40714003684293204,0.22764479327540166,0.868466826505761,0.21589276401691704,0.10188647392807348,0.05176136589834757,-0.17640778422355663,0.8375535160303116,0.4279806315898895,-0.1646613132510749,0.37873320425258117,0.2282599422206866,0.8816718270946469
12.7,381,1,0.21147031142240894,0.10028039312501359,0.04529986533410668,-0.17487381398677826,0.8912428468465805,0.429514616727829,-0.1684910921937277,0.40271608112451185,0.22833829213881354,0.8702253353001224,0.21661838659639418,0.1022174878362226,0.05260567265746437,-0.17640778422355657,0.8298835903406143,0.4279806315898896,-0.16405321354597202,0.37529090397973586,0.228286556132703,0.8832488487421779
12.733334,382,1,0.21261497184482875,0.10039074201824161,0.04576288299332375,-0.17487381398677831,0.8789709806442261,0.42798063158988947,-0.16723339445469398,0.39739883775295126,0.22775349918678436,0.8730609939402514,0.21696930322933755,0.10237756869559828,0.05307754260813269,-0.17640778422355655,0.8268156200647359,0.42798063158988964,-0.1638092976009256,0.3739124356080921,0.2282962616478487,0.8838760215294522
12.766666,383,1,0.2130738670852944,0.10060008046948857,0.04649604867523968,-0.17487381398677831,0.8728350847959518,0.4279806315898896,-0.16675665002944282,0.3946700526247754,0.22779164884245626,0.8743790562163243,0.21719586691348874,0.10248092232964531,0.053424474673706854,-0.17640778422355644,0.825281634926796,0.42798063158988964,-0.16368719504451187,0.37322287127305775,0.22830091295447347,0.884188828068591
12.8,384,1,0.21325989381777605,0.10068494199045078,0.046357486715273385,-0.1748738139867784,0.8713010847568512,0.4279806315898895,-0.1666372164721539,0.3939872632997497,0.22780085141858872,0.8747072919193896,0.21808987879381259,0.10246524327944387,0.05485280588072386,-0.1764077842235565,0.8191457539796829,0.42644664645194996,-0.16291363744359422,0.3705875117782072,0.22763898592213605,0.8856096967272186
12.833333,385,1,0.21338837974399588,0.10074355459400403,0.04647705936746885,-0.17487381398677837,0.8697670996189117,0.4279806315898895,-0.16651768604562006,0.39330424883229065,0.22780991989454538,0.8750350098608173,0.21853797675411268,0.1026688263983121,0.05555084702680338,-0.17640778422355644,0.8160777837038045,0.4264466464519502,-0.1626694346066084,0.3692057904202651,0.22764633568348563,0.8862295894489166
12.866667,386,1,0.21338837974399588,0.10074355459400403,0.04647705936746885,-0.17487381398677837,0.8697670996189117,0.4279806315898895,-0.16651768604562006,0.39330424883229065,0.22780991989454538,0.8750350098608173,0.21884577151305995,0.10196061731134637,0.05619578444545782,-0.17640778422355652,0.8145437985658646,0.42337870597839355,-0.16198170815575963,0.36876351262870594,0.2262896183201927,0.8868869187315721
12.9,387,1,0.21338837974399588,0.10074355459400403,0.04647705936746885,-0.17487381398677837,0.8697670996189117,0.4279806315898895,-0.16651768604562006,0.39330424883229065,0.22780991989454538,0.8750350098608173,0.2186569387908351,0.1018750529904536,0.05632564899207773,-0.17487381398677826,0.8160777986049652,0.42337870597839355,-0.16142285437499596,0.36962834250900817,0.22600318560522117,0.8867018160552984
12.933333,388,1,0.21354265449947601,0.10039884426287977,0.04647705936746885,-0.17487381398677831,0.8697670996189113,0.42644664645195,-0.1662159756596882,0.3934318509615331,0.2271387076024638,0.8752094809776472,0.21824594277532877,0.10168984536407316,0.05610759420526988,-0.17487381398677834,0.8191457688808441,0.42337870597839367,-0.16166541278954474,0.3710104315224685,0.2259957267027492,0.8860820986348804
12.966666,389,1,0.21354265449947601,0.10039884426287977,0.04647705936746885,-0.17487381398677831,0.8697670996189113,0.42644664645195,-0.1662159756596882,0.3934318509615331,0.2271387076024638,0.8752094809776472,0.2178555344632189,0.10151344885587107,0.05579206185185545,-0.17333982884883886,0.8206797540187836,0.4233787059783936,-0.1611071217291392,0.37187437352761865,0.22570663936402677,0.8858952864693381
13.0,390,1,0.21354265449947601,0.10039884426287977,0.04647705936746885,-0.17487381398677831,0.8697670996189113,0.42644664645195,-0.1662159756596882,0.3934318509615331,0.2271387076024638,0.8752094809776472,0.21840016218158698,0.10133471931674519,0.05728945265246946,-0.16720390319824222,0.814543828368187,0.4218447208404541,-0.1576149278666014,0.3699219872204172,0.22390933408265418,0.8877949470430466
13.033334,391,1,0.21354265449947601,0.10039884426287977,0.04647705936746885,-0.17487381398677831,0.8697670996189113,0.42644664645195,-0.1662159756596882,0.3934318509615331,0.2271387076024638,0.8752094809776472,0.21861951879932875,0.10143271802461236,0.058828699773216864,-0.16566991806030276,0.8084079027175903,0.4218447208404541,-0.15644377834091489,0.36732568351126627,0.22365012519670494,0.8891444246863938
13.066667,392,1,0.21369337995159993,0.10005160983515819,0.04647394064852692,-0.17180584371089935,0.8697670996189117,0.424912691116333,-0.16457115349907564,0.3939061535780981,0.2258633945263487,0.8756369136932993,0.21864723716448348,0.1010229488674586,0.0598890810874676,-0.1656699180603028,0.8053399622440338,0.4203107357025146,-0.15591742259292754,0.36606012477331934,0.22297912616747007,0.8899269923294335
13.1,393,1,0.21329785564415488,0.09945824197989747,0.045417890351004755,-0.1687378883361817,0.8743690550327301,0.4233787059783935,-0.1632819189937107,0.3964263171919577,0.22455539147352774,0.875077177240684,0.21829755045332425,0.10086665803444528,0.0605936035745067,-0.1656699180603027,0.8038059026002888,0.42031073570251465,-0.15579499099250035,0.3653670402097921,0.2229844466460056,0.8902318705056327
13.133333,394,1,0.21300587271124413,0.0989133867437363,0.04458299224711029,-0.1656699180603028,0.8789710104465485,0.42184472084045405,-0.16199068812133144,0.3989416059251972,0.22324038105114893,0.8745103454459187,0.21820672230741506,0.10082562151267699,0.06148790622560406,-0.16413594782352445,0.8022719323635101,0.42031073570251454,-0.15498940113618465,0.36484470355349297,0.22270987071205922,0.8906553437283293
13.166667,395,1,0.21300587271124413,0.0989133867437363,0.04458299224711029,-0.1656699180603028,0.8789710104465485,0.42184472084045405,-0.16199068812133144,0.3989416059251972,0.22324038105114893,0.8745103454459187,0.21789785633949316,0.10068757531911145,0.062028321637083314,-0.16413594782352445,0.8022719323635101,0.42031073570251454,-0.15498940113618465,0.364844703553493,0.22270987071205922,0.8906553437283293
13.2,396,1,0.213152935739023,0.09897938671600567,0.045335187442602884,-0.1656699180603028,0.8759030401706696,0.42184472084045405,-0.16175366091264828,0.39757703922781784,0.22326397876464857,0.8751693818035322,0.21811108245279381,0.1007824384844811,0.06404400159485606,-0.16260196268558508,0.7961360216140747,0.4203107357025145,-0.15381338890861837,0.36224025503403195,0.222453673361264,0.8919853150323752
13.233334,397,1,0.2135676233392608,0.09957891165930696,0.048348796342803035,-0.16566991806030287,0.8636312037706375,0.42337870597839344,-0.16110245262750342,0.39198602002671,0.22402630386489258,0.8776133402801358,0.21804278029704297,0.10033138912692377,0.06480717739366663,-0.16260196268558505,0.7961360067129135,0.4187767505645752,-0.15353550691612397,0.3623581154552719,0.2217694619405968,0.8921556758942303
13.266666,398,1,0.21390472615292705,0.09973082070370098,0.05023609278864351,-0.16566991806030268,0.8559612929821014,0.4233787059783936,-0.16050180715078297,0.38856173279221146,0.22407898505218,0.8792312313429453,0.2180007071997732,0.09989278717407883,0.06493170304624837,-0.16260196268558508,0.797669991850853,0.4172427654266357,-0.15337981757243063,0.3631700713863086,0.22107985428913518,0.8920234463500419
13.3,399,1,0.21419114465242844,0.09944532136001155,0.05162558823995622,-0.16566991806030285,0.8513593524694443,0.421844720840454,-0.15984379364706675,0.38662712963090046,0.22343384247457773,0.8803673905267791,0.2184289073033362,0.09882401236435341,0.06502955269977992,-0.16260196268558508,0.7992039769887924,0.4126408398151397,-0.15266436560258598,0.3642163985504876,0.21902205856866336,0.8922271820351684
13.333333,400,1,0.21400063312635198,0.09935982226735758,0.053025228885072065,-0.16566991806030273,0.8498253673315048,0.4218447208404541,-0.15972362431265763,0.38594080780107193,0.22344334199465202,0.8806878729882375,0.2187764346935934,0.09813861805945118,0.06541313640668682,-0.16260196268558505,0.797669991850853,0.40957286953926086,-0.15198595480400812,0.36375560302434184,0.2176573735033827,0.8928647145958454
13.366667,401,1,0.21406261166757545,0.09938763742976667,0.05340292730561175,-0.1656699180603027,0.8482913821935658,0.4218447208404542,-0.15960336101642267,0.3852542589309222,0.22345271006801964,0.8810078373607724,0.2189891443810342,0.09823096032953094,0.06577030974014647,-0.1626019626855849,0.7961360663175583,0.40957286953926086,-0.1518663411864082,0.36306086425348816,0.2176614806296756,0.8931667834801411
13.4,402,1,0.21406261166757545,0.09938763742976667,0.05340292730561175,-0.1656699180603027,0.8482913821935658,0.4218447208404542,-0.15960336101642267,0.3852542589309222,0.22345271006801964,0.8810078373607724,0.21924523273833743,0.09834213429879815,0.06651221749029006,-0.16260196268558505,0.7930681109428406,0.40957286953926086,-0.15162683787476497,0.36167069914964295,0.21766931103119103,0.8937693653554674
13.433333,403,1,0.21454137284236713,0.09794728304137869,0.05328036629578993,-0.1656699180603027,0.8498253673315048,0.4157087802886962,-0.15853881954949456,0.38642901804285845,0.220740370443732,0.8813692447360805,0.21939581686131,0.097988442471152,0.0665122174902901,-0.16260196268558497,0.7930681109428406,0.40803888440132136,-0.151349394563967,0.3617868894147665,0.21698373261181583,0.8939360531909161
13.466666,404,1,0.21492728066270272,0.09687995133796762,0.05290288068785984,-0.1656699180603028,0.8513593524694443,0.4111068546772004,-0.1577657246545434,0.38747974380390776,0.2187040112934978,0.8815542976527415,0.21944589387095725,0.09801009084297319,0.0679195858310826,-0.162601962685585,0.788466140627861,0.4080388844013213,-0.15099106858382771,0.35969975472875065,0.21699382767841618,0.8948359974908588
13.5,405,1,0.21528596962395707,0.09621262272572322,0.053280366295789944,-0.16566991806030285,0.8498253673315048,0.4080388844013214,-0.15705572221382777,0.38703416310399263,0.21735875036276317,0.8822092894268473,0.21955107687823994,0.09763676659252728,0.07260243827585172,-0.16260196268558508,0.7700583189725876,0.406504899263382,-0.14928028088534448,0.35144690959833097,0.21633359768665214,0.8985545292215297
13.533334,406,1,0.2152844601909915,0.09621153126120979,0.05327876812128235,-0.16413594782352453,0.8498253673315048,0.40803888440132136,-0.1563790346885916,0.3872007601749803,0.21706183701606174,0.8823294893298048,0.21993601621697345,0.0973839646327504,0.07902669149554084,-0.16413594782352448,0.7455146312713627,0.4049709141254425,-0.1477792985322243,0.3401901052761398,0.21590817558242248,0.9032251274816276
13.566667,407,1,0.21547036607686126,0.09629233760892199,0.05441344021685299,-0.16566991806030285,0.8452234268188477,0.4080388844013213,-0.15670888259938837,0.38497140033098676,0.21737984421716944,0.8831677928739076,0.2207244163266749,0.09604587183378005,0.08558489514857563,-0.16413594782352453,0.7194369733333588,0.398835003376007,-0.14470655852814845,0.3286734607983112,0.21307976712723678,0.9086422733544831
13.6,408,1,0.21551406174349688,0.09589977688494106,0.057780157864546114,-0.16566991806030268,0.8329515308141708,0.4065048992633819,-0.1554888321947746,0.3795801105359372,0.21675107782400482,0.8858674466365513,0.22181107918124549,0.09357757075966325,0.09406740540713916,-0.16413594782352448,0.685689389705658,0.3880971372127533,-0.14036208990640647,0.31386036707834347,0.20803976236670685,0.9157017041422155
13.633333,409,1,0.21618277297997907,0.09577551862538011,0.0658959704778797,-0.16566991806030273,0.8022719323635101,0.4049709141254425,-0.1528709080402336,0.3658570370121472,0.2161528104088698,0.8922203071528881,0.2221420445818178,0.09246483560776302,0.10008552673053912,-0.16413594782352453,0.6626797020435333,0.38349521160125727,-0.13788358847437587,0.303500619960846,0.20578121686347695,0.9200704214890281
13.666667,410,1,0.21729352095518972,0.0954249936967168,0.07433819895392851,-0.16566991806030282,0.7700583040714264,0.401902973651886,-0.1498501663103442,0.35146036828307664,0.21480487116511246,0.8988211193039612,0.22240986925973544,0.09132800217907526,0.10701518586409929,-0.16413594782352448,0.6350680291652684,0.37889325618743874,-0.13508328504460437,0.29094102915593156,0.2034360824867752,0.925051125072382
13.7,411,1,0.21901146846620798,0.09408229817754117,0.08383286373060712,-0.16566991806030273,0.7317088544368744,0.3942330479621886,-0.14559008150546024,0.3344850977482289,0.2112811827287506,0.9067984943615265,0.22175939217096582,0.08983211390683958,0.11532661664279117,-0.16413594782352448,0.607456386089325,0.3742913007736206,-0.13231590471665708,0.27831472863700013,0.2010307494511375,0.9298494775810972
13.733334,412,1,0.2203438516535951,0.09173975099010774,0.09490784473573549,-0.16566991806030273,0.6872234046459198,0.3834952116012573,-0.140458400698133,0.31473513654173,0.2061827737304705,0.9158066910195574,0.22072503857389167,0.08860690490367878,0.12097700410802456,-0.16260196268558513,0.5921165645122528,0.371223360300064,-0.1300083913034517,0.27145850391841825,0.19922238332718498,0.9325870151479158
13.766666,413,1,0.22080215791831076,0.08986665034138688,0.10187505984836877,-0.1656699180603028,0.6611457467079167,0.37582528591156,-0.13731012401743883,0.3031579569553028,0.20247183988065173,0.9210028974071396,0.2196760159978861,0.08697999608757587,0.12628792371777364,-0.1626019626855851,0.579844743013382,0.3666214048862456,-0.12845764952802657,0.26597378156507157,0.19692888960445482,0.9348666173507677
13.8,414,1,0.22019388157450995,0.08799299153599904,0.10640282260324999,-0.1641359478235244,0.6504078209400177,0.3696893751621245,-0.13488075509189199,0.29872525779215264,0.19931953647288497,0.9234945179280099,0.21789124458863157,0.08508937860935942,0.1330810373251118,-0.1610679775476455,0.5629709362983708,0.3620194792747498,-0.12586351601811346,0.25844671363744015,0.1943590937133386,0.9378636437331893
13.833333,415,1,0.2183605463228268,0.08647530784405885,0.11248743759890563,-0.16413594782352442,0.6396699547767639,0.36662140488624567,-0.13363442500567052,0.2939164448510312,0.1978013949763666,0.9255428526248464,0.21608349570156338,0.08440434675180825,0.13838522181250518,-0.15953400731086725,0.5491650998592377,0.3620194792747498,-0.1241014938301115,0.2520599262703234,0.19398052475454325,0.9399128517121607
13.866667,416,1,0.21670651549105158,0.08664161677712053,0.11662470046754142,-0.16413594782352442,0.632000058889389,0.3696893751621246,-0.1335144611114148,0.2901243809135508,0.19914698198664843,0.9264675989149684,0.21450581132325797,0.0834116814513736,0.1430435922073508,-0.1580000221729279,0.5368932783603668,0.36048549413681036,-0.12225846414104465,0.2464826895056358,0.19290125072322625,0.9418536293869426
13.9,417,1,0.21517377499728696,0.08604767086905847,0.12146163410722784,-0.16413594782352436,0.6212621927261353,0.36968937516212463,-0.1327122253776696,0.2850958039423042,0.19903853353857645,0.9281656694667234,0.21274833069308008,0.0811860947123843,0.1490649621732573,-0.1549320667982101,0.5184854865074162,0.3543495535850523,-0.11867736987985858,0.23839502310841645,0.18937679644112015,0.9451031286612247
13.933333,418,1,0.2135497371835426,0.08462761915499219,0.12934265364666991,-0.1626019626855851,0.5967185199260712,0.3666214048862457,-0.1297293422380948,0.2739229970549529,0.19712924839342186,0.9323500141442311,0.21151598731654536,0.07879670386478724,0.1529786617516604,-0.15033011138439178,0.507747620344162,0.34667965769767756,-0.1147932570961399,0.23415659256362775,0.18505109070545764,0.9474963282846911
13.966666,419,1,0.2124327661034386,0.08341377189790304,0.13518131830917257,-0.16106797754764557,0.5767767429351807,0.3635534346103668,-0.1271018647217322,0.2648726198513519,0.1952528623649769,0.9357157319269688,0.21007666688853435,0.0767469702862966,0.15656287863920484,-0.14419420063495642,0.5000777244567871,0.34054374694824224,-0.11060539151393146,0.23140305656328147,0.18132095648639818,0.9493902166759873
14.0,420,1,0.21123729334920505,0.0817901830992171,0.13991980661074715,-0.1549320667982102,0.562970906496048,0.3589515089988709,-0.12258809137118967,0.25923012057239314,0.19212579529879276,0.9385411995340416,0.20744061945151562,0.07393200615102681,0.1619509499457613,-0.1334563344717026,0.48933988809585616,0.3328738212585448,-0.1038406586310291,0.2276394566910894,0.1763065376540845,0.952004937042287
14.033334,421,1,0.2097889368958057,0.07855498566204293,0.14541548346330815,-0.14879614114761355,0.5491651296615601,0.34821364283561707,-0.11730346672166755,0.2539135502951677,0.1861272578487365,0.9418728415010658,0.20503510868623098,0.07161891475211976,0.1652143364705446,-0.12271846085786821,0.4862719178199768,0.32673791050910944,-0.09780694812394458,0.22741487320107748,0.17212869560263877,0.9534610576713409
14.066667,422,1,0.20793636995769366,0.07636554755687994,0.14907517299245868,-0.1411262303590775,0.5445631742477413,0.34207770228385925,-0.11257587177198146,0.2527878801372541,0.1822118519598119,0.9435167204431871,0.20242407219737701,0.06891388780062938,0.16791638024092959,-0.11198059469461447,0.48473793268203735,0.31906801462173456,-0.09170226041116734,0.22795396918308,0.16723367098625888,0.9548091865171918
14.1,423,1,0.20597982563135225,0.07417207739332665,0.15215666205334796,-0.13345633447170263,0.5430291891098022,0.3359417915344238,-0.10806882328657869,0.25308878092127923,0.17833005754838602,0.9447039689659531,0.19893422029514696,0.06526965089431942,0.17098060875327797,-0.0966407880187035,0.4847378730773926,0.30833014845848083,-0.0831444063937616,0.2296795940837196,0.16034809159186855,0.9563591277704273
14.133333,424,1,0.20303796392640988,0.0709417988690668,0.15690440771173275,-0.12118448317050935,0.5368932485580444,0.32673791050910944,-0.10066826393020885,0.2517260081240971,0.17237765236548996,0.94698778367841,0.19596876225371046,0.062233340136556375,0.17371904191157883,-0.0828349590301514,0.48166996240615845,0.2991262674331665,-0.07527125235569929,0.22965699671492112,0.15434717445462573,0.9580025324426656
14.166667,425,1,0.20036725737837346,0.06859292836266262,0.16037075419317776,-0.10737865418195729,0.5322912931442261,0.3206019699573516,-0.09303105694204004,0.25100464108421394,0.16770702335570883,0.9487972633369046,0.19319458967561898,0.05830497719973558,0.17724162615363392,-0.06902913749217983,0.4740000367164616,0.28532043099403387,-0.06656382220264738,0.2274949593545797,0.14613986360419984,0.9604470007802505
14.2,426,1,0.1974236573822868,0.06549249464604337,0.16269156278885016,-0.09510681033134459,0.5322913527488713,0.3113980889320373,-0.08604685878520249,0.25242762921206546,0.161793133882044,0.950104842600122,0.18917895211948452,0.053477739970215044,0.1803180153289295,-0.0475534051656723,0.46786409616470337,0.2684466242790222,-0.05393031883475834,0.22655951844898356,0.1356003615878519,0.9630030359494148
14.233334,427,1,0.19364703363530283,0.06083036924758263,0.16663548701113373,-0.07669904083013533,0.526155412197113,0.2960582971572876,-0.07494300011161978,0.25156025551869876,0.15217137409339915,0.952861405181343,0.1861835116421514,0.05006052097765259,0.18240159331129122,-0.030679615214467063,0.4617282748222351,0.25617480278015137,-0.044035210294588276,0.22501023318841348,0.12781496417450372,0.9649324484894668
14.266666,428,1,0.19096885617338488,0.05697975481971641,0.1692396246815245,-0.06289321184158324,0.5200194716453552,0.2822524607181549,-0.06622646252646275,0.2501343396962427,0.14386606632407992,0.9551698397281978,0.1834044177140049,0.04616017365433184,0.1842930851827243,-0.016873788088560132,0.45405828952789307,0.2408349812030792,-0.03519839435462423,0.22245854037586665,0.11892523001716812,0.9670212306428743
14.3,429,1,0.18805889558772593,0.053169627542958536,0.1725139655670624,-0.04755340516567229,0.5092816352844234,0.2684466242790222,-0.056500487311756026,0.24648266515896322,0.13540371180036895,0.9579769441590706,0.17998580731536243,0.040381829919199426,0.1877707760070641,-0.007669903803616804,0.43718451261520386,0.21629129350185394,-0.027127943604467665,0.2151830542060859,0.10619250939434531,0.9704037710184691
14.333333,430,1,0.18439075036275593,0.04799382192674678,0.17636123943617749,-0.02914563566446307,0.4954758286476135,0.24850489199161532,-0.044405062272873955,0.24154444156158617,0.12368224416070749,0.9614505581019831,0.1775303120031691,0.036520862061874826,0.1905988977210782,-0.004601942375302315,0.4218447208404541,0.1994175016880035,-0.02307938710331285,0.2080975270267092,0.09781663981365042,0.9729309667760967
14.366667,431,1,0.18155328131082726,0.04414360884239346,0.1798110971417751,-0.019941750913858428,0.48013603687286377,0.2331650853157044,-0.037274582476493616,0.23501645074885297,0.11533183908463174,0.9644047077197269,0.17504538880653953,0.03276286920667572,0.19350133934922936,-0.004601942375302315,0.4049710035324099,0.18254370987415314,-0.020574251659084587,0.2000616290380863,0.08974363862388039,0.9754476531735787
14.4,432,1,0.1791197067852477,0.040191598143458324,0.18221415449553702,-0.012271846644580336,0.4663301706314087,0.21629129350185392,-0.030873751868958847,0.2290595826887509,0.106421728489998,0.9670847608814805,0.17136467677836809,0.028336638655529475,0.19535048833497784,-0.006135923322290168,0.3911651372909546,0.16260196268558502,-0.01878192271228002,0.19345079620629294,0.08025699577231904,0.9776414697914482
14.433333,433,1,0.17616405966856408,0.034455665604654864,0.18730838392585863,-0.010737865231931182,0.43718451261520386,0.19021362066268924,-0.02581052933176669,0.2153747413750481,0.09386139605308631,0.9716674203060484,0.1681593912574615,0.024433843737605744,0.19610206132666863,-0.006135923322290168,0.3850291371345518,0.14419420063495636,-0.016785611183266824,0.19061275333157243,0.0712890322191918,0.9789294639604083
14.466666,434,1,0.17354075653705958,0.03044042294721279,0.18906899011105416,-0.010737865231931223,0.424912691116333,0.17180584371089935,-0.023319941411051617,0.20963081317744656,0.08499494939528689,0.9738002675479405,0.1650836381634619,0.020959966775480898,0.19504436469972272,-0.007669903803616762,0.3880971074104309,0.12732040882110598,-0.01602275460208915,0.19220162094087373,0.06316076692734279,0.9791897291964473
14.5,435,1,0.17059010318677342,0.02678116483687922,0.18940688511143824,-0.010737865231931182,0.42031079530715965,0.15493206679821017,-0.021378979925389514,0.2075769072137098,0.0768014817440602,0.9749647681895266,0.16071906374831435,0.015862181826759858,0.1929582111524078,-0.009203884750604623,0.3973010182380676,0.10124272853136063,-0.014491224896852438,0.19686339696744146,0.0505111276058705,0.9790216715289871
14.533334,436,1,0.16605607892666796,0.022743176191165438,0.18823982775682027,-0.010737865231931237,0.42337876558303833,0.13652428984642026,-0.01956817792618591,0.20926147394222966,0.0678110174231996,0.9753093805824924,0.1574237436108186,0.012659068779531381,0.19078658144272104,-0.010737865231931203,0.40650492906570435,0.08436894416809079,-0.013766247943599675,0.2014516652082012,0.042386047768534954,0.9784841030680884
14.566667,437,1,0.1627048923319561,0.01930225787595085,0.1874890654888031,-0.01073786523193121,0.4264466166496279,0.11965049803256991,-0.017889901082769454,0.21091595520855386,0.05956881541322473,0.9755234325775969,0.1541374116900005,0.009831019544788697,0.18813996856605708,-0.012271846644580364,0.41724282503128074,0.06902913749217988,-0.013146074546723063,0.20677701107285323,0.0350289176693306,0.9776724519708553
14.6,438,1,0.15948188831125415,0.015472209539536153,0.18500805075839916,-0.010737865231931217,0.43718451261520386,0.09970875084400177,-0.016041201216573472,0.21632184935943072,0.04980999728879869,0.9749187153416099,0.15001223300739425,0.006568394750956486,0.18363620820998863,-0.01380582712590694,0.43411654233932495,0.05062136426568031,-0.012188867876118715,0.21511315113878365,0.026199652926796362,0.976161534733651
14.633333,439,1,0.1549905017785449,0.01065838158411624,0.18224504775728476,-0.010737865231931217,0.44792240858078003,0.07363107800483704,-0.013405804976530461,0.22174725794222402,0.03707905003908262,0.9743067186652441,0.14715847775007307,0.004963449083927381,0.18030418547754254,-0.015339807607233524,0.44485437870025635,0.041417479515075684,-0.01204711627795647,0.22038896992555487,0.021888123452741066,0.9750920361567188
14.666667,440,1,0.15171915214175585,0.007657144327581463,0.17918825375121694,-0.010737865231931203,0.4601942300796509,0.05675728991627694,-0.011696715058236471,0.22782863506124879,0.02885060245403265,0.973203443603142,0.14468513025991758,0.003185005926744966,0.17622467363906497,-0.016873788088560104,0.457126259803772,0.03067961521446705,-0.011691818012573246,0.22641748792904043,0.01685111615903241,0.9738143880820711
14.7,441,1,0.1484062284251603,0.005996206888385999,0.17646032827546695,-0.01073786523193121,0.47093212604522705,0.0475534051656723,-0.01076569212334472,0.2331027892948818,0.02437028149492911,0.9720870737109455,0.1416781992968449,0.0009807662651449365,0.17077291660716165,-0.01840776950120926,0.46939814090728715,0.016873788088560104,-0.010913005458314704,0.23245666934400483,0.01034540627528503,0.9724905016288633
14.733334,442,1,0.14510626516778546,0.004158009934761722,0.17215589300409442,-0.013805827125906944,0.48013603687286377,0.036815539002418525,-0.011080201162136585,0.2375993333071733,0.01951943783718392,0.9711038963472001,0.13978429448948637,-0.00044128769962626594,0.16623711161072008,-0.019941750913858417,0.47860199213028,0.007669903803616763,-0.010595439274894465,0.2369729268543941,0.006088752621932994,0.9714393937328992
14.766666,443,1,0.14287128331479754,0.0028927436392641452,0.16894821405670485,-0.015339807607233519,0.4862719178199768,0.029145635664463036,-0.010951593943562167,0.2406064054020715,0.015989578403323736,0.9704292625699584,0.13795791776983996,-0.0018284022569557492,0.16127181658999873,-0.02454369328916072,0.4878059625625606,-0.0015339808305725438,-0.011723124286335556,0.24148279889828775,0.0022192430028119014,0.9703317479881357
14.8,444,1,0.1408184387449206,0.00119951368008723,0.1646805236340315,-0.016873788088560104,0.4954758286476135,0.01840776950120926,-0.010435655549708265,0.2451171728866042,0.010991154670153623,0.969374985837959,0.13572273425000403,-0.0038542189813146124,0.15330543910755157,-0.029145635664463047,0.5046796202659611,-0.015339807607233528,-0.012195669709402541,0.24974472523071778,-0.003787978615735433,0.9682274986168175
14.833333,445,1,0.13830171311492057,-0.0011408182150576603,0.15705546345017377,-0.021475730463862416,0.5138835310935979,0.0030679616611450876,-0.010774945835182924,0.2540930272364995,0.004212229307886982,0.9671105889071312,0.13407270922723413,-0.004943851580757323,0.14822594118565796,-0.03528155758976936,0.5108155608177185,-0.023009711876511567,-0.014160433145269834,0.25278031157516423,-0.006673424992799163,0.9673970547877262
14.866667,446,1,0.13639181154534932,-0.002731985856634931,0.1522872103158096,-0.024543693289160725,0.5184854865074162,-0.007669903803616759,-0.010878381899808626,0.25637297352407584,-0.0005607468846385513,0.9665165517551143,0.13237489204816677,-0.005566066240141138,0.14276119199952692,-0.03988350182771683,0.5184854865074158,-0.02761165425181389,-0.01573398117724646,0.2565393647305309,-0.00823020427091937,0.9663706638333082
14.9,447,1,0.134675988154273,-0.003838087423775731,0.1480203846631205,-0.03067961521446705,0.5215534567832947,-0.015339807607233526,-0.012842863945639911,0.25790685084294335,-0.0034548318884367055,0.9660782480061189,0.13041820598297887,-0.006382209485461499,0.13461960950759608,-0.04295146092772483,0.5307573676109314,-0.0337475761771202,-0.016295054499505152,0.2625265543825549,-0.010647257979599268,0.9647284153275456
14.933333,448,1,0.13265138700885748,-0.004690054952004903,0.14110378996179843,-0.03834952041506767,0.5292232632637024,-0.021475730463862416,-0.015697413989916573,0.26166999794653,-0.005347756561336961,0.9650149246868945,0.12896005161499893,-0.006979218944348692,0.1282570274234249,-0.044485442340374,0.541495144367218,-0.03834952041506768,-0.016299996918609172,0.2677474431609942,-0.012523272100528593,0.963269839887609
14.966666,449,1,0.13097292578668446,-0.005527345791755045,0.13364031923030645,-0.03988350182771683,0.5445631146430974,-0.02761165425181389,-0.015492050062711668,0.2691156879811905,-0.007932090447207513,0.9629505827447234,0.12774976078099232,-0.007360102929991157,0.121797402134325,-0.04448544234037401,0.5522330403327946,-0.0414174795150757,-0.015750001148697543,0.2729385616246312,-0.013855929471610687,0.9618027304289435
15.0,450,1,0.1294616392848308,-0.006133853995959704,0.1257005930069214,-0.04141747951507568,0.5629709362983704,-0.03221359476447105,-0.015416680467716121,0.2780077620896644,-0.009717531717538514,0.9604059452953067,0.12613355565653941,-0.00813821087392357,0.1129210491030725,-0.04448544234037401,0.5706408619880676,-0.047553405165672316,-0.014645666999890417,0.2818231701474783,-0.016549393106172938,0.9592118237354933
15.033334,451,1,0.12754771272237286,-0.0071385760965134515,0.11750621879014989,-0.04141747951507569,0.5783107876777649,-0.039883501827716834,-0.014159002132850063,0.2854207315185898,-0.013205153551055653,0.9582067379212525,0.12504922834156462,-0.008506019715742219,0.10702021471063422,-0.04448544234037399,0.5829127430915833,-0.05062136426568031,-0.01402570037086372,0.28772352192129064,-0.017845839255795602,0.9574445052761918
15.066667,452,1,0.126314259246611,-0.007300825008399934,0.11184604985862279,-0.041417479515075684,0.5844467282295223,-0.041417479515075684,-0.01386102817977097,0.288369127080702,-0.01386102817977097,0.9573186461896127,0.12402220582249089,-0.008870383706654779,0.10149840726904849,-0.044485442340373986,0.5967184901237488,-0.053689327090978615,-0.013362475089696594,0.2943443439853548,-0.019113835428898412,0.9554148380250881
15.1,453,1,0.12498786568111755,-0.007664813752099997,0.10664858177386703,-0.041417479515075684,0.59211665391922,-0.04448544234037399,-0.013314029828511258,0.2920580986569199,-0.01522881555495856,0.9561866380552614,0.12265412917491982,-0.009209202022749705,0.09556599914409628,-0.044485442340374,0.6120582818984985,-0.05675728991627694,-0.012652474196168379,0.30168061852572897,-0.020351857066372003,0.9531078224506391
15.133333,454,1,0.12338512028195166,-0.00821475532189081,0.09878693625422766,-0.04141747951507568,0.6120582818984985,-0.04908738657832145,-0.012347134581740391,0.3016039114967781,-0.017159268736951002,0.9531989238002093,0.1216930418381826,-0.009359344603699443,0.09165706513112501,-0.04448544234037398,0.6227962970733643,-0.058291271328926086,-0.01223579125439507,0.3068009223040815,-0.020921631718497275,0.9514650623180965
15.166667,455,1,0.12243927264109589,-0.008785526412653845,0.09301248102597354,-0.041417479515075684,0.6273981332778931,-0.05368932709097862,-0.011408683948332542,0.30893065371843065,-0.019138536698465887,0.9508235427968281,0.12058475306534179,-0.00929455655378219,0.08763691489379212,-0.046019423753023155,0.636601984500885,-0.05829127132892611,-0.012725171698101561,0.31337442869309134,-0.02047308810405559,0.949323648767909
15.2,456,1,0.12118746555952514,-0.008922147255840566,0.08760430356904976,-0.04141747951507568,0.645805835723877,-0.05522330850362777,-0.01087082714617064,0.31767395795104936,-0.019607355855164627,0.9479349308645831,0.11932580987066121,-0.009221087923235727,0.08290711544217973,-0.04601942375302314,0.653475821018219,-0.05829127132892609,-0.012430546913334043,0.3213690059503275,-0.020211153798174328,0.9466567238339778
15.233334,457,1,0.11964580300949099,-0.009239980552274507,0.08318707274987007,-0.042951460927724845,0.6626797318458553,-0.05829127132892609,-0.01081957556503073,0.32568891237260306,-0.0205672977113183,0.9451913326977758,0.11868446991822751,-0.009183661001815339,0.08027934170955409,-0.04601942375302315,0.6611457467079167,-0.0582912713289261,-0.012296332791013916,0.3249953767250235,-0.02009161603766424,0.9454221978948072
15.266666,458,1,0.11893230874517108,-0.009198235444442007,0.08120936332489584,-0.04448544234037399,0.6672816872596741,-0.058291271328926086,-0.011464462814146615,0.3278776015154652,-0.020247257998919736,0.9444336361335157,0.11804268371780044,-0.009146208038529766,0.0776394829255338,-0.04601942375302314,0.6703495979309082,-0.05829127132892609,-0.012135038353112412,0.3293406796685968,-0.0199477817716196,0.9439224245466293
15.3,459,1,0.1183709627635109,-0.009165476761834568,0.07856615578602777,-0.04448544234037397,0.6718836426734924,-0.05829127132892608,-0.011384339650351388,0.3300488755842777,-0.02017691748155471,0.9436795157982512,0.11749581109271662,-0.009312622879913615,0.07496408485418088,-0.04601942375302313,0.6780195236206055,-0.05982524901628495,-0.011745051592061496,0.33296557114109,-0.020550598026678323,0.9426418488050132
15.333333,460,1,0.11732198324646259,-0.009104261062099696,0.07414401720687201,-0.04448544234037399,0.6872234344482422,-0.058291271328926086,-0.011116830549035464,0.3372737428551702,-0.019941680577356347,0.9411297295456983,0.11703296427556086,-0.009284899871819576,0.07240964375120056,-0.04601942375302314,0.6872233152389526,-0.05982524901628495,-0.0115799667942834,0.33729786358017305,-0.020404814192611885,0.9411055727977914
15.366667,461,1,0.11676664936583206,-0.009071853229976393,0.0718334704343016,-0.044485442340373986,0.6964272260665894,-0.05829127132892609,-0.010956011633032213,0.341599127599417,-0.019799975740408152,0.9395732876115058,0.11667051154006106,-0.009263190140332781,0.0698171473640555,-0.04601942375302315,0.6948933601379395,-0.059825249016284957,-0.011442204721861646,0.34090275728474523,-0.02028299396503844,0.9398100798472929
15.4,462,1,0.11640557370767401,-0.00924743245938802,0.07024628282176834,-0.044485442340373986,0.7010291814804077,-0.05982524901628495,-0.010611851312562528,0.3437673811215049,-0.02044899870815853,0.9387721846861546,0.11617076873759245,-0.00923325718358715,0.06671652098984407,-0.04601942375302314,0.7040972709655762,-0.05982524901628495,-0.011276670852099173,0.345221939798104,-0.02013641836260723,0.938237269368497
15.433333,463,1,0.11607508406135111,-0.009227637212234095,0.0680401643175034,-0.04448544234037398,0.7071652412414546,-0.05982524901628494,-0.01050222265406689,0.34664453826435726,-0.02035334400850446,0.9377169129318754,0.11571774344111957,-0.009206122452407406,0.06462037304340951,-0.04601942375302313,0.7102330923080444,-0.059825249016284936,-0.011166184193897657,0.34809728289590175,-0.020038466091564892,0.9371777087872586
15.466666,464,1,0.11556105214728947,-0.009196848384514168,0.06461962345240134,-0.044485442340373986,0.7209711074829097,-0.05982524901628495,-0.010255203110134337,0.35310604529326634,-0.020137426041563055,0.9353103418967098,0.11521750551547147,-0.009176044844395716,0.061964304539493587,-0.0475534051656723,0.7179029583930969,-0.059825249016284957,-0.011745704500275784,0.35170206485121347,-0.019646012795261156,0.9358321057681412
15.5,465,1,0.11437048803666047,-0.009125537494491704,0.05990272307698219,-0.044485442340374,0.7439807057380681,-0.05982524901628496,-0.009842426987534987,0.3638375985394876,-0.01977543834521198,0.9312004405917496,0.11436030314380102,-0.009124582468016226,0.058712685520307964,-0.04908738657832144,0.7301748394966125,-0.05982524901628494,-0.012238600275688552,0.3574493616700372,-0.019170520278114105,0.9336555369392083
15.533334,466,1,0.11266761190858562,-0.009023540792922335,0.05376792593454881,-0.044485442340373986,0.7746602892875671,-0.05982524901628495,-0.009290039667445009,0.378071235609534,-0.019288722916082333,0.9255289196648174,0.11381569042905466,-0.009091713124727313,0.056679549473764336,-0.05215534567832948,0.7378447651863098,-0.059825249016284957,-0.013527907190238268,0.36105403336593866,-0.018487741636470812,0.9322634735558522
15.566667,467,1,0.11154331622733564,-0.008956199164728965,0.05086580879473883,-0.044485442340373986,0.7915340065956116,-0.05982524901628495,-0.00898528750156968,0.3858620045616006,-0.019019088291442877,0.9223166768115926,0.11308792911414389,-0.009047285740475211,0.05451595443107713,-0.0613592304289341,0.7485826015472412,-0.059825249016284957,-0.01760865323323102,0.36613136712091304,-0.01661434195536187,0.9302482039664862
15.6,468,1,0.11073646726392705,-0.008907645332694064,0.04861704042759461,-0.04755340516567229,0.803805828094482,-0.05982524901628493,-0.010174404956861458,0.39153922336040037,-0.018221546321273638,0.9199247215418064,0.1121658164525602,-0.008990544830923349,0.05185768080903984,-0.07516505569219586,0.7623884677886963,-0.05982524901628492,-0.023742223524128667,0.37264333067614863,-0.013769527531112177,0.9275686794174794
15.633333,469,1,0.1096847811242435,-0.008844021297558588,0.04674571037071855,-0.05522330850362777,0.8176116943359375,-0.059825249016284936,-0.01343741817085496,0.3979422459141089,-0.016463444565468242,0.9171643035480482,0.11138460643259457,-0.009131537633901772,0.04965455866578167,-0.08436894416809082,0.7746603488922124,-0.0613592304289341,-0.027453412519691307,0.37840188442824885,-0.012455568842238321,0.9251503568647585
15.666667,470,1,0.10942586411452249,-0.00882763096826808,0.04650281993247275,-0.06442718952894208,0.8206796646118164,-0.05982524901628493,-0.01759626850617406,0.39941895870090594,-0.0145684099634979,0.916483839571696,0.11064490338420757,-0.00927353152724637,0.04801261473779751,-0.08743690699338916,0.785398125648499,-0.06289321184158328,-0.028337142017710547,0.3833982747883569,-0.012303603033986187,0.9230662980652916
15.7,471,1,0.10860948559046832,-0.008962402739396021,0.045758891683682315,-0.073631078004837,0.8298835754394531,-0.061359230428934056,-0.02131014540242472,0.4037071490971062,-0.013221352341354653,0.9145444829602768,0.109865399681077,-0.009784447048455547,0.046193053635329565,-0.08897088468074799,0.7961359024047856,-0.06749515235424045,-0.027903910400228327,0.3884172595950131,-0.013843484637971032,0.9209569817131279
15.733334,472,1,0.10780192147949091,-0.008911430541841372,0.04502393418491475,-0.0843689441680908,0.8390873670578003,-0.06135923042893408,-0.02601239733286955,0.4079712759822747,-0.010819203770918311,0.9125599914461267,0.10958445419981229,-0.009765455742729107,0.04532181274941642,-0.08897088468074799,0.800737857818604,-0.06749515235424042,-0.027792697145720403,0.39053265425019923,-0.013719110728312901,0.9200671703470812
15.766666,473,1,0.10765257897094258,-0.00908529897488013,0.04490188085948826,-0.08590292185544965,0.8406213521957397,-0.06289321184158322,-0.026363968735821287,0.40869876345817113,-0.011166317794856712,0.9122201353002262,0.10930025191513162,-0.00974624428414922,0.0444520513868035,-0.08897088468074799,0.8053398132324219,-0.06749515235424042,-0.027681336742886635,0.39264598123178135,-0.013594664182876937,0.9191724876890156
15.8,474,1,0.1073650757366956,-0.009249828692802387,0.04465676579725844,-0.08743690699338912,0.8436893224716187,-0.0644271895289421,-0.026677708507921095,0.4101248889149251,-0.011471159789811726,0.9115669409617504,0.10971071888738719,-0.009773770505027889,0.04519807514682629,-0.09050486981868743,0.7976700067520142,-0.0674951523542404,-0.028572984621486625,0.3891331466018574,-0.013503573327313601,0.9206392519727538
15.833333,475,1,0.1070747621978126,-0.00941354076688888,0.044410867211104044,-0.08743690699338912,0.8467572927474976,-0.06596117466688155,-0.026289567742054324,0.41154125270386693,-0.012088484585316266,0.9109316793762847,0.10989733757801806,-0.009786385524113034,0.045813519663857744,-0.09050486981868745,0.7930680513381962,-0.06749515235424043,-0.028684779406984842,0.38701647575140363,-0.013629521956866087,0.9215257278332294
15.866667,476,1,0.10707660397126953,-0.009413445753858496,0.04441248670052733,-0.08897088468074796,0.8467572927474976,-0.06596117466688153,-0.026988234376281926,0.41155040338670323,-0.011772833511068665,0.9109112476353629,0.10992138170853644,-0.0097880108552326,0.04525941434364297,-0.09050486981868747,0.7930680513381958,-0.06749515235424045,-0.028684779406984842,0.3870164757514036,-0.013629521956866088,0.9215257278332294
15.9,477,1,0.1070620247447833,-0.009594944977657602,0.04441248670052733,-0.08897088468074794,0.8467572927474976,-0.06749515235424038,-0.026672571901011622,0.4115709820075908,-0.01247148874427356,0.9109019500725609,0.10927112563068639,-0.009743830739478598,0.04265214260027421,-0.09203884750604628,0.8038059473037724,-0.0674951523542404,-0.029128888920877772,0.39196228052716164,-0.013034903889908064,0.9194276316028156
15.933333,478,1,0.1070620247447833,-0.009594944977657602,0.04441248670052733,-0.08897088468074794,0.8467572927474976,-0.06749515235424038,-0.026672571901011622,0.4115709820075908,-0.01247148874427356,0.9109019500725609,0.10847445987448959,-0.009689749889177576,0.04090635895944211,-0.09357282519340514,0.8145438432693481,-0.0674951523542404,-0.029568937048255074,0.39689609913307394,-0.012432340190454711,0.9173028951072673
15.966666,479,1,0.1067871685810148,-0.00957614483963189,0.04416904585224156,-0.09050486981868741,0.849825263023376,-0.06749515235424039,-0.027295553299574008,0.41297529605985733,-0.012071326237672372,0.9102530640965768,0.10762036311367737,-0.00963178306925935,0.04020593413788444,-0.09510681033134459,0.8237477540969849,-0.0674951523542404,-0.030043158352626487,0.4011167342274623,-0.011865608137899598,0.9154572526898306
16.0,480,1,0.1060921529680216,-0.009529163290287926,0.04356012802801612,-0.09050486981868743,0.8574951887130737,-0.0674951523542404,-0.027106108399976937,0.4164582112967998,-0.011859984939162894,0.9086732954632932,0.10621197019596454,-0.009536343274929353,0.03901596753274672,-0.09664078801870345,0.8390874862670898,-0.0674951523542404,-0.030359299514946817,0.4081250974380729,-0.011114844992611806,0.9123533734222259
16.033333,481,1,0.10497237409673961,-0.009453244451150812,0.04259860112212001,-0.0920388475060463,0.8697670698165894,-0.06749515235424042,-0.027497142887628882,0.42202682749156295,-0.011197790810845182,0.9060970552271872,0.10519914720215226,-0.009467878635328575,0.03821137871152637,-0.09664078801870343,0.8498253822326656,-0.06749515235424039,-0.03008803661583698,0.41301044096966605,-0.010804276648150476,0.910165014329136
16.066668,482,1,0.10355769863502656,-0.009357155754270437,0.04141731609832258,-0.09510681033134458,0.8851068019866943,-0.06749515235424039,-0.028498247269874964,0.42896997227069844,-0.010110718149681343,0.9028124867164382,0.10454780086844653,-0.0094238490346334,0.037837375618869504,-0.09664078801870347,0.8559613227844238,-0.0674951523542404,-0.02993263934069378,0.41579672965054587,-0.010626668618399993,0.9089027399167006
16.1,483,1,0.10197667955454037,-0.009250282290487782,0.04013978402549283,-0.0951068103313446,0.9019806385040283,-0.06749515235424042,-0.028068629864975058,0.43655997979644623,-0.009626382136072878,0.8991856698283174,0.10432121449483897,-0.009230293238575878,0.038120092860935734,-0.09664078801870349,0.8559613227844243,-0.06596117466688159,-0.0302515419580417,0.4157736493516034,-0.009929547299558363,0.9089106231112257
16.133333,484,1,0.10095946729169589,-0.009181520945811946,0.03934080228681393,-0.09510681033134455,0.9127185344696045,-0.06749515235424036,-0.027794194776005685,0.44137383912353634,-0.009317809365465904,0.8968443540005885,0.1041269291428584,-0.00921745933022057,0.03834491441208375,-0.09664078801870349,0.8559614419937134,-0.06596117466688156,-0.030251538977726367,0.4157737034480957,-0.009929543866879708,0.9089105985019262
16.166666,485,1,0.10052090994598212,-0.009151875419592653,0.03900174157129756,-0.09510681033134459,0.9173204898834229,-0.0674951523542404,-0.02767633401584417,0.44343303502464104,-0.009185481151745363,0.895833015087237,0.10356163315153102,-0.009180117570420573,0.03814930610865161,-0.09664078801870349,0.8605632781982422,-0.06596117466688156,-0.03013640988501686,0.41786088787507797,-0.009797006004272095,0.9079582005009075
16.2,486,1,0.10008080046013723,-0.009122124972063973,0.03866470726614163,-0.09510681033134458,0.9219224452972412,-0.06749515235424039,-0.02755832672344092,0.4454898831712836,-0.009053104305530952,0.8948169331895064,0.10280410705370023,-0.009130077665624842,0.03789043838175349,-0.09664078801870346,0.86669921875,-0.06596117466688156,-0.029982652359856782,0.4206404292114119,-0.00962020371155862,0.9066808267250693
16.233334,487,1,0.09906166241288147,-0.008883098444361867,0.037886222966830654,-0.09510681033134459,0.9326602220535278,-0.06596117466688155,-0.027627764745920384,0.4502588933537104,-0.008059558656482585,0.8924341315107231,0.10190087929191938,-0.009070413145368973,0.03751482194055615,-0.09664078801870346,0.8743691444396973,-0.06596117466688153,-0.029790058765805698,0.42410928512364615,-0.009399073705481336,0.9050721098808197
16.266666,488,1,0.0980203693145856,-0.008814313741561022,0.037118891176112154,-0.09510681033134456,0.943398118019104,-0.06596117466688152,-0.027354725734464024,0.45503624579764335,-0.007752094477318968,0.8900188981260981,0.10072026117350388,-0.008819772363313577,0.03690828259283788,-0.09664078801870347,0.8851069211959839,-0.0644271895289421,-0.0298486920236817,0.4289323719690409,-0.008396822001149412,0.9028042806953058
16.3,489,1,0.09666958851962425,-0.00872508520861236,0.03614886411582566,-0.09510681033134458,0.9572039842605591,-0.06596117466688153,-0.027002518047272644,0.4611592633916318,-0.007356456284019205,0.8868759103494331,0.09903243809141823,-0.008710879958193949,0.03601939308820261,-0.09664078801870349,0.9004467725753784,-0.06442718952894211,-0.029466273433361074,0.43583390962079677,-0.007956305984674972,0.8995094436133951
16.333334,490,1,0.09469517714113869,-0.008594661507448876,0.03478092644521519,-0.09510681033134456,0.9771456718444824,-0.06596117466688152,-0.026491509533565858,0.46996469929728746,-0.00678436840032171,0.8822614996034065,0.09801027040221974,-0.008644933296311084,0.03549578718552547,-0.09664078801870346,0.9096505641937256,-0.06442718952894208,-0.02923599177713811,0.4399624979959094,-0.0076917734787506865,0.8975071552710642
16.366667,491,1,0.09284880498110501,-0.00847269569350512,0.03355345717780703,-0.09510681033134458,0.9955534934997559,-0.06596117466688153,-0.02601746775918919,0.4780513924295738,-0.006255684167684272,0.8779241561679114,0.0973249130548697,-0.008600716452311571,0.03515079406805996,-0.09664078801870346,0.9157865047454838,-0.06442718952894211,-0.029082124408679088,0.4427097549321527,-0.00751532534756905,0.8961617168863617
16.4,492,1,0.0914621482219776,-0.008222706936101876,0.032655328829137464,-0.09510681033134458,1.0093592405319214,-0.06442718952894208,-0.026031776665965543,0.484069998021535,-0.005187993703481279,0.8746265879450367,0.0965760533397924,-0.008718906554824404,0.034587582855799714,-0.09510681033134459,0.9234564304351811,-0.06596117466688155,-0.02786116160531061,0.4461537376461898,-0.008322911398731396,0.8944838328355558
16.433332,493,1,0.09005036487187662,-0.008131623642993708,0.03177663969701454,-0.09510681033134455,1.0231651067733765,-0.06442718952894205,-0.025678187936971013,0.4900856855920039,-0.004793415703958581,0.8712827753421837,0.09658930114434221,-0.008553492798114447,0.03458758285579969,-0.0951068103313446,0.9234564304351811,-0.06442718952894211,-0.028203349978103958,0.4461322371132521,-0.007636846565057769,0.8944899533437362
16.466667,494,1,0.08924833692272643,-0.008234859559044214,0.031296943914798134,-0.09510681033134458,1.0308350324630737,-0.06596117466688153,-0.02510276483079044,0.49343706063281295,-0.005240933219694914,0.8694033879683736,0.09658930114434221,-0.008553492798114447,0.03458758285579969,-0.0951068103313446,0.9234564304351811,-0.06442718952894211,-0.028203349978103958,0.4461322371132521,-0.007636846565057769,0.8944899533437362
16.5,495,1,0.08909001068023295,-0.008224401001743382,0.03120173372007716,-0.09510681033134459,1.0323690176010132,-0.06596117466688155,-0.025062815732450672,0.49410255620944715,-0.005196774181831816,0.8690267618163173,0.09644205375553241,-0.008543992914811945,0.03447591584917886,-0.0951068103313446,0.9249904155731206,-0.06442718952894211,-0.02816501613279702,0.44681712669080026,-0.007593226988335301,0.8941496127975006
16.533333,496,1,0.08909001068023295,-0.008224401001743382,0.03120173372007716,-0.09510681033134459,1.0323690176010132,-0.06596117466688155,-0.025062815732450672,0.49410255620944715,-0.005196774181831816,0.8690267618163173,0.09653840432066581,-0.00855020911417749,0.03464168902864856,-0.09510681033134458,0.9234564304351807,-0.06442718952894211,-0.028203349978103958,0.44613223711325195,-0.007636846565057777,0.8944899533437362
16.566668,497,1,0.08910250872865189,-0.008070471300524486,0.031201733720077146,-0.09510681033134458,1.0323690176010132,-0.06442718952894208,-0.02544178131226919,0.49408318788318156,-0.00453023565006149,0.8690304920886299,0.09653840432066581,-0.00855020911417749,0.03464168902864856,-0.09510681033134458,0.9234564304351807,-0.06442718952894211,-0.028203349978103958,0.44613223711325195,-0.007636846565057777,0.8944899533437362
16.6,498,1,0.08910250872865189,-0.008070471300524486,0.031201733720077146,-0.09510681033134458,1.0323690176010132,-0.06442718952894208,-0.02544178131226919,0.49408318788318156,-0.00453023565006149,0.8690304920886299,0.09653840432066581,-0.00855020911417749,0.03464168902864856,-0.09510681033134458,0.9234564304351807,-0.06442718952894211,-0.028203349978103958,0.44613223711325195,-0.007636846565057777,0.8944899533437362
16.633333,499,1,0.08910250872865189,-0.008070471300524486,0.031201733720077146,-0.09510681033134458,1.0323690176010132,-0.06442718952894208,-0.02544178131226919,0.49408318788318156,-0.00453023565006149,0.8690304920886299,0.09644205375553241,-0.008543992914811945,0.03447591584917886,-0.0951068103313446,0.9249904155731206,-0.06442718952894211,-0.02816501613279702,0.44681712669080026,-0.007593226988335301,0.8941496127975006
16.666666,500,1,0.08910250872865189,-0.008070471300524486,0.031201733720077146,-0.09510681033134458,1.0323690176010132,-0.06442718952894208,-0.02544178131226919,0.49408318788318156,-0.00453023565006149,0.8690304920886299,0.09644205375553241,-0.008543992914811945,0.03447591584917886,-0.0951068103313446,0.9249904155731206,-0.06442718952894211,-0.02816501613279702,0.44681712669080026,-0.007593226988335301,0.8941496127975006
16.7,501,1,0.08910250872865189,-0.008070471300524486,0.031201733720077146,-0.09510681033134458,1.0323690176010132,-0.06442718952894208,-0.02544178131226919,0.49408318788318156,-0.00453023565006149,0.8690304920886299,0.0965301183816943,-0.008383514295415288,0.03482533245864079,-0.0951068103313446,0.9234564304351807,-0.06289321184158325,-0.02854552009760804,0.4461104742370654,-0.0069507805710541815,0.894495547617645
16.733334,502,1,0.08910250872865189,-0.008070471300524486,0.031201733720077146,-0.09510681033134458,1.0323690176010132,-0.06442718952894208,-0.02544178131226919,0.49408318788318156,-0.00453023565006149,0.8690304920886299,0.09652815857657382,-0.008383622534298273,0.0348238588882538,-0.09357282519340514,0.9234564304351807,-0.06289321184158324,-0.027859440330530914,0.4461050118221482,-0.007292941911691566,0.8945171787114562
16.766666,503,1,0.08910250872865189,-0.008070471300524486,0.031201733720077146,-0.09510681033134458,1.0323690176010132,-0.06442718952894208,-0.02544178131226919,0.49408318788318156,-0.00453023565006149,0.8690304920886299,0.09652815857657382,-0.008383622534298273,0.0348238588882538,-0.09357282519340514,0.9234564304351807,-0.06289321184158324,-0.027859440330530914,0.4461050118221482,-0.007292941911691566,0.8945171787114562
16.8,504,1,0.08910250872865189,-0.008070471300524486,0.031201733720077146,-0.09510681033134458,1.0323690176010132,-0.06442718952894208,-0.02544178131226919,0.49408318788318156,-0.00453023565006149,0.8690304920886299,0.09651713145486474,-0.00854883666374388,0.03482533245864079,-0.0951068103313446,0.9234564304351807,-0.06442718952894211,-0.028203349978103965,0.44613223711325195,-0.007636846565057776,0.8944899533437362
16.833334,505,1,0.08910250872865189,-0.008070471300524486,0.031201733720077146,-0.09510681033134458,1.0323690176010132,-0.06442718952894208,-0.02544178131226919,0.49408318788318156,-0.00453023565006149,0.8690304920886299,0.09651713145486474,-0.00854883666374388,0.03482533245864079,-0.0951068103313446,0.9234564304351807,-0.06442718952894211,-0.028203349978103965,0.44613223711325195,-0.007636846565057776,0.8944899533437362
16.866667,506,1,0.08910250872865189,-0.008070471300524486,0.031201733720077146,-0.09510681033134458,1.0323690176010132,-0.06442718952894208,-0.02544178131226919,0.49408318788318156,-0.00453023565006149,0.8690304920886299,0.09651713145486474,-0.00854883666374388,0.03482533245864079,-0.0951068103313446,0.9234564304351807,-0.06442718952894211,-0.028203349978103965,0.44613223711325195,-0.007636846565057776,0.8944899533437362
16.9,507,1,0.08910250872865189,-0.008070471300524486,0.031201733720077146,-0.09510681033134458,1.0323690176010132,-0.06442718952894208,-0.02544178131226919,0.49408318788318156,-0.00453023565006149,0.8690304920886299,0.0965038908776647,-0.008714139718744384,0.03482533245864078,-0.0951068103313446,0.9234564304351807,-0.06596117466688156,-0.027861161605310613,0.44615373764618976,-0.008322911398731401,0.8944838328355558
16.933332,508,1,0.08910250872865189,-0.008070471300524486,0.031201733720077146,-0.09510681033134458,1.0323690176010132,-0.06442718952894208,-0.02544178131226919,0.49408318788318156,-0.00453023565006149,0.8690304920886299,0.09651713145486474,-0.00854883666374388,0.03482533245864079,-0.0951068103313446,0.9234564304351807,-0.06442718952894211,-0.028203349978103965,0.44613223711325195,-0.007636846565057776,0.8944899533437362
16.966667,509,1,0.08909001068023295,-0.008224401001743382,0.03120173372007716,-0.09510681033134459,1.0323690176010132,-0.06596117466688155,-0.025062815732450672,0.49410255620944715,-0.005196774181831816,0.8690267618163173,0.0965038908776647,-0.008714139718744384,0.03482533245864078,-0.0951068103313446,0.9234564304351807,-0.06596117466688156,-0.027861161605310613,0.44615373764618976,-0.008322911398731401,0.8944838328355558
17.0,510,1,0.08909001068023295,-0.008224401001743382,0.03120173372007716,-0.09510681033134459,1.0323690176010132,-0.06596117466688155,-0.025062815732450672,0.49410255620944715,-0.005196774181831816,0.8690267618163173,0.09651713145486474,-0.00854883666374388,0.03482533245864079,-0.0951068103313446,0.9234564304351807,-0.06442718952894211,-0.028203349978103965,0.44613223711325195,-0.007636846565057776,0.8944899533437362
17.033333,511,1,0.08909001068023295,-0.008224401001743382,0.03120173372007716,-0.09510681033134459,1.0323690176010132,-0.06596117466688155,-0.025062815732450672,0.49410255620944715,-0.005196774181831816,0.8690267618163173,0.09673857899432334,-0.008563123679625705,0.03528698323465737,-0.0951068103313446,0.9203884601593022,-0.06442718952894211,-0.028279967871981924,0.44476167101244757,-0.00772407221508827,0.8951690556111684
17.066668,512,1,0.08909001068023295,-0.008224401001743382,0.03120173372007716,-0.09510681033134459,1.0323690176010132,-0.06596117466688155,-0.025062815732450672,0.49410255620944715,-0.005196774181831816,0.8690267618163173,0.09651713145486474,-0.00854883666374388,0.03482533245864079,-0.0951068103313446,0.9234564304351807,-0.06442718952894211,-0.028203349978103965,0.44613223711325195,-0.007636846565057776,0.8944899533437362
17.1,513,1,0.08909001068023295,-0.008224401001743382,0.03120173372007716,-0.09510681033134459,1.0323690176010132,-0.06596117466688155,-0.025062815732450672,0.49410255620944715,-0.005196774181831816,0.8690267618163173,0.09651713145486474,-0.00854883666374388,0.03482533245864079,-0.0951068103313446,0.9234564304351807,-0.06442718952894211,-0.028203349978103965,0.44613223711325195,-0.007636846565057776,0.8944899533437362
17.133333,514,1,0.08910250872865189,-0.008070471300524486,0.031201733720077146,-0.09510681033134458,1.0323690176010132,-0.06442718952894208,-0.02544178131226919,0.49408318788318156,-0.00453023565006149,0.8690304920886299,0.09651713145486474,-0.00854883666374388,0.03482533245864079,-0.0951068103313446,0.9234564304351807,-0.06442718952894211,-0.028203349978103965,0.44613223711325195,-0.007636846565057776,0.8944899533437362
17.166666,515,1,0.08910250872865189,-0.008070471300524486,0.031201733720077146,-0.09510681033134458,1.0323690176010132,-0.06442718952894208,-0.02544178131226919,0.49408318788318156,-0.00453023565006149,0.8690304920886299,0.09659167417823421,-0.008553645897909487,0.03517486406446209,-0.0951068103313446,0.9219224452972412,-0.06442718952894211,-0.02824166723201266,0.4454470850861145,-0.007680461649194691,0.8948297676815938
17.2,516,1,0.08910250872865189,-0.008070471300524486,0.031201733720077146,-0.09510681033134458,1.0323690176010132,-0.06442718952894208,-0.02544178131226919,0.49408318788318156,-0.00453023565006149,0.8690304920886299,0.09651713145486474,-0.00854883666374388,0.03482533245864079,-0.0951068103313446,0.9234564304351807,-0.06442718952894211,-0.028203349978103965,0.44613223711325195,-0.007636846565057776,0.8944899533437362
17.233334,517,1,0.08910250872865189,-0.008070471300524486,0.031201733720077146,-0.09510681033134458,1.0323690176010132,-0.06442718952894208,-0.02544178131226919,0.49408318788318156,-0.00453023565006149,0.8690304920886299,0.09659167417823421,-0.008553645897909487,0.03517486406446209,-0.0951068103313446,0.9219224452972412,-0.06442718952894211,-0.02824166723201266,0.4454470850861145,-0.007680461649194691,0.8948297676815938
17.266666,518,1,0.08910250872865189,-0.008070471300524486,0.031201733720077146,-0.09510681033134458,1.0323690176010132,-0.06442718952894208,-0.02544178131226919,0.49408318788318156,-0.00453023565006149,0.8690304920886299,0.09659167417823421,-0.008553645897909487,0.03517486406446209,-0.0951068103313446,0.9219224452972412,-0.06442718952894211,-0.02824166723201266,0.4454470850861145,-0.007680461649194691,0.8948297676815938
17.3,519,1,0.08910250872865189,-0.008070471300524486,0.031201733720077146,-0.09510681033134458,1.0323690176010132,-0.06442718952894208,-0.02544178131226919,0.49408318788318156,-0.00453023565006149,0.8690304920886299,0.09651713145486474,-0.00854883666374388,0.03482533245864079,-0.0951068103313446,0.9234564304351807,-0.06442718952894211,-0.028203349978103965,0.44613223711325195,-0.007636846565057776,0.8944899533437362
17.333334,520,1,0.08910250872865189,-0.008070471300524486,0.031201733720077146,-0.09510681033134458,1.0323690176010132,-0.06442718952894208,-0.02544178131226919,0.49408318788318156,-0.00453023565006149,0.8690304920886299,0.09659167417823421,-0.008553645897909487,0.03517486406446209,-0.0951068103313446,0.9219224452972412,-0.06442718952894211,-0.02824166723201266,0.4454470850861145,-0.007680461649194691,0.8948297676815938
17.366667,521,1,0.08910250872865189,-0.008070471300524486,0.031201733720077146,-0.09510681033134458,1.0323690176010132,-0.06442718952894208,-0.02544178131226919,0.49408318788318156,-0.00453023565006149,0.8690304920886299,0.09659167417823421,-0.008553645897909487,0.03517486406446209,-0.0951068103313446,0.9219224452972412,-0.06442718952894211,-0.02824166723201266,0.4454470850861145,-0.007680461649194691,0.8948297676815938
17.4,522,1,0.08910250872865189,-0.008070471300524486,0.031201733720077146,-0.09510681033134458,1.0323690176010132,-0.06442718952894208,-0.02544178131226919,0.49408318788318156,-0.00453023565006149,0.8690304920886299,0.09659167417823421,-0.008553645897909487,0.03517486406446209,-0.0951068103313446,0.9219224452972412,-0.06442718952894211,-0.02824166723201266,0.4454470850861145,-0.007680461649194691,0.8948297676815938
17.433332,523,1,0.08910250872865189,-0.008070471300524486,0.031201733720077146,-0.09510681033134458,1.0323690176010132,-0.06442718952894208,-0.02544178131226919,0.49408318788318156,-0.00453023565006149,0.8690304920886299,0.09673857899432334,-0.008563123679625705,0.03528698323465737,-0.0951068103313446,0.9203884601593022,-0.06442718952894211,-0.028279967871981924,0.44476167101244757,-0.00772407221508827,0.8951690556111684
17.466667,524,1,0.08910250872865189,-0.008070471300524486,0.031201733720077146,-0.09510681033134458,1.0323690176010132,-0.06442718952894208,-0.02544178131226919,0.49408318788318156,-0.00453023565006149,0.8690304920886299,0.09651713145486474,-0.00854883666374388,0.03482533245864079,-0.0951068103313446,0.9234564304351807,-0.06442718952894211,-0.028203349978103965,0.44613223711325195,-0.007636846565057776,0.8944899533437362
17.5,525,1,0.08910250872865189,-0.008070471300524486,0.031201733720077146,-0.09510681033134458,1.0323690176010132,-0.06442718952894208,-0.02544178131226919,0.49408318788318156,-0.00453023565006149,0.8690304920886299,0.09659167417823421,-0.008553645897909487,0.03517486406446209,-0.0951068103313446,0.9219224452972412,-0.06442718952894211,-0.02824166723201266,0.4454470850861145,-0.007680461649194691,0.8948297676815938
17.533333,526,1,0.08910250872865189,-0.008070471300524486,0.031201733720077146,-0.09510681033134458,1.0323690176010132,-0.06442718952894208,-0.02544178131226919,0.49408318788318156,-0.00453023565006149,0.8690304920886299,0.09659167417823421,-0.008553645897909487,0.03517486406446209,-0.0951068103313446,0.9219224452972412,-0.06442718952894211,-0.02824166723201266,0.4454470850861145,-0.007680461649194691,0.8948297676815938
17.566668,527,1,0.08910250872865189,-0.008070471300524486,0.031201733720077146,-0.09510681033134458,1.0323690176010132,-0.06442718952894208,-0.02544178131226919,0.49408318788318156,-0.00453023565006149,0.8690304920886299,0.09660466839461601,-0.008388209177093065,0.03517486406446209,-0.09510681033134455,0.9219224452972412,-0.06289321184158322,-0.028583311836336736,0.44542529302255235,-0.006994135008581831,0.8948353953078308
17.6,528,1,0.08910250872865189,-0.008070471300524486,0.031201733720077146,-0.09510681033134458,1.0323690176010132,-0.06442718952894208,-0.02544178131226919,0.49408318788318156,-0.00453023565006149,0.8690304920886299,0.09660466839461601,-0.008388209177093065,0.03517486406446209,-0.09510681033134455,0.9219224452972412,-0.06289321184158322,-0.028583311836336736,0.44542529302255235,-0.006994135008581831,0.8948353953078308
17.633333,529,1,0.08909001068023295,-0.008224401001743382,0.03120173372007716,-0.09510681033134459,1.0323690176010132,-0.06596117466688155,-0.025062815732450672,0.49410255620944715,-0.005196774181831816,0.8690267618163173,0.09660466839461601,-0.008388209177093065,0.03517486406446209,-0.09510681033134455,0.9219224452972412,-0.06289321184158322,-0.028583311836336736,0.44542529302255235,-0.006994135008581831,0.8948353953078308
17.666666,530,1,0.08910250872865189,-0.008070471300524486,0.031201733720077146,-0.09510681033134458,1.0323690176010132,-0.06442718952894208,-0.02544178131226919,0.49408318788318156,-0.00453023565006149,0.8690304920886299,0.09660466839461601,-0.008388209177093065,0.03517486406446209,-0.09510681033134455,0.9219224452972412,-0.06289321184158322,-0.028583311836336736,0.44542529302255235,-0.006994135008581831,0.8948353953078308
17.7,531,1,0.08910250872865189,-0.008070471300524486,0.031201733720077146,-0.09510681033134458,1.0323690176010132,-0.06442718952894208,-0.02544178131226919,0.49408318788318156,-0.00453023565006149,0.8690304920886299,0.09660466839461601,-0.008388209177093065,0.03517486406446209,-0.09510681033134455,0.9219224452972412,-0.06289321184158322,-0.028583311836336736,0.44542529302255235,-0.006994135008581831,0.8948353953078308
17.733334,532,1,0.08911477057760211,-0.007916523356375153,0.031201733720077146,-0.09510681033134458,1.0323690176010132,-0.06289321184158322,-0.02582073008472829,0.4940635289950476,-0.003863697690657999,0.8690337111154012,0.0965301183816943,-0.008383514295415288,0.03482533245864079,-0.0951068103313446,0.9234564304351807,-0.06289321184158325,-0.02854552009760804,0.4461104742370654,-0.0069507805710541815,0.894495547617645
17.766666,533,1,0.08911477057760211,-0.007916523356375153,0.031201733720077146,-0.09510681033134458,1.0323690176010132,-0.06289321184158322,-0.02582073008472829,0.4940635289950476,-0.003863697690657999,0.8690337111154012,0.09660466839461601,-0.008388209177093065,0.03517486406446209,-0.09510681033134455,0.9219224452972412,-0.06289321184158322,-0.028583311836336736,0.44542529302255235,-0.006994135008581831,0.8948353953078308
17.8,534,1,0.08911477057760211,-0.007916523356375153,0.031201733720077146,-0.09510681033134458,1.0323690176010132,-0.06289321184158322,-0.02582073008472829,0.4940635289950476,-0.003863697690657999,0.8690337111154012,0.0965301183816943,-0.008383514295415288,0.03482533245864079,-0.0951068103313446,0.9234564304351807,-0.06289321184158325,-0.02854552009760804,0.4461104742370654,-0.0069507805710541815,0.894495547617645
17.833334,535,1,0.08911477057760211,-0.007916523356375153,0.031201733720077146,-0.09510681033134458,1.0323690176010132,-0.06289321184158322,-0.02582073008472829,0.4940635289950476,-0.003863697690657999,0.8690337111154012,0.09660466839461601,-0.008388209177093065,0.03517486406446209,-0.09510681033134455,0.9219224452972412,-0.06289321184158322,-0.028583311836336736,0.44542529302255235,-0.006994135008581831,0.8948353953078308
17.866667,536,1,0.08911477057760211,-0.007916523356375153,0.031201733720077146,-0.09510681033134458,1.0323690176010132,-0.06289321184158322,-0.02582073008472829,0.4940635289950476,-0.003863697690657999,0.8690337111154012,0.0965301183816943,-0.008383514295415288,0.03482533245864079,-0.0951068103313446,0.9234564304351807,-0.06289321184158325,-0.02854552009760804,0.4461104742370654,-0.0069507805710541815,0.894495547617645
17.9,537,1,0.08911477057760211,-0.007916523356375153,0.031201733720077146,-0.09510681033134458,1.0323690176010132,-0.06289321184158322,-0.02582073008472829,0.4940635289950476,-0.003863697690657999,0.8690337111154012,0.09660466839461601,-0.008388209177093065,0.03517486406446209,-0.09510681033134455,0.9219224452972412,-0.06289321184158322,-0.028583311836336736,0.44542529302255235,-0.006994135008581831,0.8948353953078308
17.933332,538,1,0.08911477057760211,-0.007916523356375153,0.031201733720077146,-0.09510681033134458,1.0323690176010132,-0.06289321184158322,-0.02582073008472829,0.4940635289950476,-0.003863697690657999,0.8690337111154012,0.0965301183816943,-0.008383514295415288,0.03482533245864079,-0.0951068103313446,0.9234564304351807,-0.06289321184158325,-0.02854552009760804,0.4461104742370654,-0.0069507805710541815,0.894495547617645
17.966667,539,1,0.08911477057760211,-0.007916523356375153,0.031201733720077146,-0.09510681033134458,1.0323690176010132,-0.06289321184158322,-0.02582073008472829,0.4940635289950476,-0.003863697690657999,0.8690337111154012,0.09659167417823421,-0.008553645897909487,0.03517486406446209,-0.0951068103313446,0.9219224452972412,-0.06442718952894211,-0.02824166723201266,0.4454470850861145,-0.007680461649194691,0.8948297676815938
18.0,540,1,0.08911477057760211,-0.007916523356375153,0.031201733720077146,-0.09510681033134458,1.0323690176010132,-0.06289321184158322,-0.02582073008472829,0.4940635289950476,-0.003863697690657999,0.8690337111154012,0.09659167417823421,-0.008553645897909487,0.03517486406446209,-0.0951068103313446,0.9219224452972412,-0.06442718952894211,-0.02824166723201266,0.4454470850861145,-0.007680461649194691,0.8948297676815938
18.033333,541,1,0.08910250872865189,-0.008070471300524486,0.031201733720077146,-0.09510681033134458,1.0323690176010132,-0.06442718952894208,-0.02544178131226919,0.49408318788318156,-0.00453023565006149,0.8690304920886299,0.09659167417823421,-0.008553645897909487,0.03517486406446209,-0.0951068103313446,0.9219224452972412,-0.06442718952894211,-0.02824166723201266,0.4454470850861145,-0.007680461649194691,0.8948297676815938
18.066668,542,1,0.08910250872865189,-0.008070471300524486,0.031201733720077146,-0.09510681033134458,1.0323690176010132,-0.06442718952894208,-0.02544178131226919,0.49408318788318156,-0.00453023565006149,0.8690304920886299,0.09651713145486474,-0.00854883666374388,0.03482533245864079,-0.0951068103313446,0.9234564304351807,-0.06442718952894211,-0.028203349978103965,0.44613223711325195,-0.007636846565057776,0.8944899533437362
18.1,543,1,0.08910250872865189,-0.008070471300524486,0.031201733720077146,-0.09510681033134458,1.0323690176010132,-0.06442718952894208,-0.02544178131226919,0.49408318788318156,-0.00453023565006149,0.8690304920886299,0.0965301183816943,-0.008383514295415288,0.03482533245864079,-0.0951068103313446,0.9234564304351807,-0.06289321184158325,-0.02854552009760804,0.4461104742370654,-0.0069507805710541815,0.894495547617645
18.133333,544,1,0.08910250872865189,-0.008070471300524486,0.031201733720077146,-0.09510681033134458,1.0323690176010132,-0.06442718952894208,-0.02544178131226919,0.49408318788318156,-0.00453023565006149,0.8690304920886299,0.09660466839461601,-0.008388209177093065,0.03517486406446209,-0.09510681033134455,0.9219224452972412,-0.06289321184158322,-0.028583311836336736,0.44542529302255235,-0.006994135008581831,0.8948353953078308
18.166666,545,1,0.08910250872865189,-0.008070471300524486,0.031201733720077146,-0.09510681033134458,1.0323690176010132,-0.06442718952894208,-0.02544178131226919,0.49408318788318156,-0.00453023565006149,0.8690304920886299,0.09659167417823421,-0.008553645897909487,0.03517486406446209,-0.0951068103313446,0.9219224452972412,-0.06442718952894211,-0.02824166723201266,0.4454470850861145,-0.007680461649194691,0.8948297676815938
18.2,546,1,0.08910250872865189,-0.008070471300524486,0.031201733720077146,-0.09510681033134458,1.0323690176010132,-0.06442718952894208,-0.02544178131226919,0.49408318788318156,-0.00453023565006149,0.8690304920886299,0.09651713145486474,-0.00854883666374388,0.03482533245864079,-0.0951068103313446,0.9234564304351807,-0.06442718952894211,-0.028203349978103965,0.44613223711325195,-0.007636846565057776,0.8944899533437362
18.233334,547,1,0.08910250872865189,-0.008070471300524486,0.031201733720077146,-0.09510681033134458,1.0323690176010132,-0.06442718952894208,-0.02544178131226919,0.49408318788318156,-0.00453023565006149,0.8690304920886299,0.09651713145486474,-0.00854883666374388,0.03482533245864079,-0.0951068103313446,0.9234564304351807,-0.06442718952894211,-0.028203349978103965,0.44613223711325195,-0.007636846565057776,0.8944899533437362
18.266666,548,1,0.08910250872865189,-0.008070471300524486,0.031201733720077146,-0.09510681033134458,1.0323690176010132,-0.06442718952894208,-0.02544178131226919,0.49408318788318156,-0.00453023565006149,0.8690304920886299,0.09659167417823421,-0.008553645897909487,0.03517486406446209,-0.0951068103313446,0.9219224452972412,-0.06442718952894211,-0.02824166723201266,0.4454470850861145,-0.007680461649194691,0.8948297676815938
18.3,549,1,0.08910250872865189,-0.008070471300524486,0.031201733720077146,-0.09510681033134458,1.0323690176010132,-0.06442718952894208,-0.02544178131226919,0.49408318788318156,-0.00453023565006149,0.8690304920886299,0.09659167417823421,-0.008553645897909487,0.03517486406446209,-0.0951068103313446,0.9219224452972412,-0.06442718952894211,-0.02824166723201266,0.4454470850861145,-0.007680461649194691,0.8948297676815938
18.333334,550,1,0.08910250872865189,-0.008070471300524486,0.031201733720077146,-0.09510681033134458,1.0323690176010132,-0.06442718952894208,-0.02544178131226919,0.49408318788318156,-0.00453023565006149,0.8690304920886299,0.09651713145486474,-0.00854883666374388,0.03482533245864079,-0.0951068103313446,0.9234564304351807,-0.06442718952894211,-0.028203349978103965,0.44613223711325195,-0.007636846565057776,0.8944899533437362
18.366667,551,1,0.08910250872865189,-0.008070471300524486,0.031201733720077146,-0.09510681033134458,1.0323690176010132,-0.06442718952894208,-0.02544178131226919,0.49408318788318156,-0.00453023565006149,0.8690304920886299,0.09659167417823421,-0.008553645897909487,0.03517486406446209,-0.0951068103313446,0.9219224452972412,-0.06442718952894211,-0.02824166723201266,0.4454470850861145,-0.007680461649194691,0.8948297676815938
18.4,552,1,0.08910250872865189,-0.008070471300524486,0.031201733720077146,-0.09510681033134458,1.0323690176010132,-0.06442718952894208,-0.02544178131226919,0.49408318788318156,-0.00453023565006149,0.8690304920886299,0.09659167417823421,-0.008553645897909487,0.03517486406446209,-0.0951068103313446,0.9219224452972412,-0.06442718952894211,-0.02824166723201266,0.4454470850861145,-0.007680461649194691,0.8948297676815938
18.433332,553,1,0.08910250872865189,-0.008070471300524486,0.031201733720077146,-0.09510681033134458,1.0323690176010132,-0.06442718952894208,-0.02544178131226919,0.49408318788318156,-0.00453023565006149,0.8690304920886299,0.09651713145486474,-0.00854883666374388,0.03482533245864079,-0.0951068103313446,0.9234564304351807,-0.06442718952894211,-0.028203349978103965,0.44613223711325195,-0.007636846565057776,0.8944899533437362
18.466667,554,1,0.08910250872865189,-0.008070471300524486,0.031201733720077146,-0.09510681033134458,1.0323690176010132,-0.06442718952894208,-0.02544178131226919,0.49408318788318156,-0.00453023565006149,0.8690304920886299,0.09651713145486474,-0.00854883666374388,0.03482533245864079,-0.0951068103313446,0.9234564304351807,-0.06442718952894211,-0.028203349978103965,0.44613223711325195,-0.007636846565057776,0.8944899533437362
18.5,555,1,0.08910250872865189,-0.008070471300524486,0.031201733720077146,-0.09510681033134458,1.0323690176010132,-0.06442718952894208,-0.02544178131226919,0.49408318788318156,-0.00453023565006149,0.8690304920886299,0.09659167417823421,-0.008553645897909487,0.03517486406446209,-0.0951068103313446,0.9219224452972412,-0.06442718952894211,-0.02824166723201266,0.4454470850861145,-0.007680461649194691,0.8948297676815938
18.533333,556,1,0.08910250872865189,-0.008070471300524486,0.031201733720077146,-0.09510681033134458,1.0323690176010132,-0.06442718952894208,-0.02544178131226919,0.49408318788318156,-0.00453023565006149,0.8690304920886299,0.09659167417823421,-0.008553645897909487,0.03517486406446209,-0.0951068103313446,0.9219224452972412,-0.06442718952894211,-0.02824166723201266,0.4454470850861145,-0.007680461649194691,0.8948297676815938
18.566668,557,1,0.08910250872865189,-0.008070471300524486,0.031201733720077146,-0.09510681033134458,1.0323690176010132,-0.06442718952894208,-0.02544178131226919,0.49408318788318156,-0.00453023565006149,0.8690304920886299,0.09651713145486474,-0.00854883666374388,0.03482533245864079,-0.0951068103313446,0.9234564304351807,-0.06442718952894211,-0.028203349978103965,0.44613223711325195,-0.007636846565057776,0.8944899533437362
18.6,558,1,0.08910250872865189,-0.008070471300524486,0.031201733720077146,-0.09510681033134458,1.0323690176010132,-0.06442718952894208,-0.02544178131226919,0.49408318788318156,-0.00453023565006149,0.8690304920886299,0.09660466839461601,-0.008388209177093065,0.03517486406446209,-0.09510681033134455,0.9219224452972412,-0.06289321184158322,-0.028583311836336736,0.44542529302255235,-0.006994135008581831,0.8948353953078308
18.633333,559,1,0.08910250872865189,-0.008070471300524486,0.031201733720077146,-0.09510681033134458,1.0323690176010132,-0.06442718952894208,-0.02544178131226919,0.49408318788318156,-0.00453023565006149,0.8690304920886299,0.09651713145486474,-0.00854883666374388,0.03482533245864079,-0.0951068103313446,0.9234564304351807,-0.06442718952894211,-0.028203349978103965,0.44613223711325195,-0.007636846565057776,0.8944899533437362
18.666666,560,1,0.08910250872865189,-0.008070471300524486,0.031201733720077146,-0.09510681033134458,1.0323690176010132,-0.06442718952894208,-0.02544178131226919,0.49408318788318156,-0.00453023565006149,0.8690304920886299,0.09651713145486474,-0.00854883666374388,0.03482533245864079,-0.0951068103313446,0.9234564304351807,-0.06442718952894211,-0.028203349978103965,0.44613223711325195,-0.007636846565057776,0.8944899533437362
18.7,561,1,0.08910250872865189,-0.008070471300524486,0.031201733720077146,-0.09510681033134458,1.0323690176010132,-0.06442718952894208,-0.02544178131226919,0.49408318788318156,-0.00453023565006149,0.8690304920886299,0.09651713145486474,-0.00854883666374388,0.03482533245864079,-0.0951068103313446,0.9234564304351807,-0.06442718952894211,-0.028203349978103965,0.44613223711325195,-0.007636846565057776,0.8944899533437362
18.733334,562,1,0.08910250872865189,-0.008070471300524486,0.031201733720077146,-0.09510681033134458,1.0323690176010132,-0.06442718952894208,-0.02544178131226919,0.49408318788318156,-0.00453023565006149,0.8690304920886299,0.09651713145486474,-0.00854883666374388,0.03482533245864079,-0.0951068103313446,0.9234564304351807,-0.06442718952894211,-0.028203349978103965,0.44613223711325195,-0.007636846565057776,0.8944899533437362
18.766666,563,1,0.08910250872865189,-0.008070471300524486,0.031201733720077146,-0.09510681033134458,1.0323690176010132,-0.06442718952894208,-0.02544178131226919,0.49408318788318156,-0.00453023565006149,0.8690304920886299,0.09659167417823421,-0.008553645897909487,0.03517486406446209,-0.0951068103313446,0.9219224452972412,-0.06442718952894211,-0.02824166723201266,0.4454470850861145,-0.007680461649194691,0.8948297676815938
18.8,564,1,0.08910250872865189,-0.008070471300524486,0.031201733720077146,-0.09510681033134458,1.0323690176010132,-0.06442718952894208,-0.02544178131226919,0.49408318788318156,-0.00453023565006149,0.8690304920886299,0.09651713145486474,-0.00854883666374388,0.03482533245864079,-0.0951068103313446,0.9234564304351807,-0.06442718952894211,-0.028203349978103965,0.44613223711325195,-0.007636846565057776,0.8944899533437362
18.833334,565,1,0.08910250872865189,-0.008070471300524486,0.031201733720077146,-0.09510681033134458,1.0323690176010132,-0.06442718952894208,-0.02544178131226919,0.49408318788318156,-0.00453023565006149,0.8690304920886299,0.09659167417823421,-0.008553645897909487,0.03517486406446209,-0.0951068103313446,0.9219224452972412,-0.06442718952894211,-0.02824166723201266,0.4454470850861145,-0.007680461649194691,0.8948297676815938
18.866667,566,1,0.08910250872865189,-0.008070471300524486,0.031201733720077146,-0.09510681033134458,1.0323690176010132,-0.06442718952894208,-0.02544178131226919,0.49408318788318156,-0.00453023565006149,0.8690304920886299,0.09651713145486474,-0.00854883666374388,0.03482533245864079,-0.0951068103313446,0.9234564304351807,-0.06442718952894211,-0.028203349978103965,0.44613223711325195,-0.007636846565057776,0.8944899533437362
18.9,567,1,0.08910250872865189,-0.008070471300524486,0.031201733720077146,-0.09510681033134458,1.0323690176010132,-0.06442718952894208,-0.02544178131226919,0.49408318788318156,-0.00453023565006149,0.8690304920886299,0.09659167417823421,-0.008553645897909487,0.03517486406446209,-0.0951068103313446,0.9219224452972412,-0.06442718952894211,-0.02824166723201266,0.4454470850861145,-0.007680461649194691,0.8948297676815938
18.933332,568,1,0.08910250872865189,-0.008070471300524486,0.031201733720077146,-0.09510681033134458,1.0323690176010132,-0.06442718952894208,-0.02544178131226919,0.49408318788318156,-0.00453023565006149,0.8690304920886299,0.09659167417823421,-0.008553645897909487,0.03517486406446209,-0.0951068103313446,0.9219224452972412,-0.06442718952894211,-0.02824166723201266,0.4454470850861145,-0.007680461649194691,0.8948297676815938
18.966667,569,1,0.08910250872865189,-0.008070471300524486,0.031201733720077146,-0.09510681033134458,1.0323690176010132,-0.06442718952894208,-0.02544178131226919,0.49408318788318156,-0.00453023565006149,0.8690304920886299,0.09651713145486474,-0.00854883666374388,0.03482533245864079,-0.0951068103313446,0.9234564304351807,-0.06442718952894211,-0.028203349978103965,0.44613223711325195,-0.007636846565057776,0.8944899533437362
19.0,570,1,0.08910250872865189,-0.008070471300524486,0.031201733720077146,-0.09510681033134458,1.0323690176010132,-0.06442718952894208,-0.02544178131226919,0.49408318788318156,-0.00453023565006149,0.8690304920886299,0.09651713145486474,-0.00854883666374388,0.03482533245864079,-0.0951068103313446,0.9234564304351807,-0.06442718952894211,-0.028203349978103965,0.44613223711325195,-0.007636846565057776,0.8944899533437362
19.033333,571,1,0.08910250872865189,-0.008070471300524486,0.031201733720077146,-0.09510681033134458,1.0323690176010132,-0.06442718952894208,-0.02544178131226919,0.49408318788318156,-0.00453023565006149,0.8690304920886299,0.09659167417823421,-0.008553645897909487,0.03517486406446209,-0.0951068103313446,0.9219224452972412,-0.06442718952894211,-0.02824166723201266,0.4454470850861145,-0.007680461649194691,0.8948297676815938
19.066668,572,1,0.08910250872865189,-0.008070471300524486,0.031201733720077146,-0.09510681033134458,1.0323690176010132,-0.06442718952894208,-0.02544178131226919,0.49408318788318156,-0.00453023565006149,0.8690304920886299,0.09651713145486474,-0.00854883666374388,0.03482533245864079,-0.0951068103313446,0.9234564304351807,-0.06442718952894211,-0.028203349978103965,0.44613223711325195,-0.007636846565057776,0.8944899533437362
19.1,573,1,0.08910250872865189,-0.008070471300524486,0.031201733720077146,-0.09510681033134458,1.0323690176010132,-0.06442718952894208,-0.02544178131226919,0.49408318788318156,-0.00453023565006149,0.8690304920886299,0.09651713145486474,-0.00854883666374388,0.03482533245864079,-0.0951068103313446,0.9234564304351807,-0.06442718952894211,-0.028203349978103965,0.44613223711325195,-0.007636846565057776,0.8944899533437362
19.133333,574,1,0.08910250872865189,-0.008070471300524486,0.031201733720077146,-0.09510681033134458,1.0323690176010132,-0.06442718952894208,-0.02544178131226919,0.49408318788318156,-0.00453023565006149,0.8690304920886299,0.09659167417823421,-0.008553645897909487,0.03517486406446209,-0.0951068103313446,0.9219224452972412,-0.06442718952894211,-0.02824166723201266,0.4454470850861145,-0.007680461649194691,0.8948297676815938
19.166666,575,1,0.08910250872865189,-0.008070471300524486,0.031201733720077146,-0.09510681033134458,1.0323690176010132,-0.06442718952894208,-0.02544178131226919,0.49408318788318156,-0.00453023565006149,0.8690304920886299,0.09659167417823421,-0.008553645897909487,0.03517486406446209,-0.0951068103313446,0.9219224452972412,-0.06442718952894211,-0.02824166723201266,0.4454470850861145,-0.007680461649194691,0.8948297676815938
19.2,576,1,0.08910250872865189,-0.008070471300524486,0.031201733720077146,-0.09510681033134458,1.0323690176010132,-0.06442718952894208,-0.02544178131226919,0.49408318788318156,-0.00453023565006149,0.8690304920886299,0.09651713145486474,-0.00854883666374388,0.03482533245864079,-0.0951068103313446,0.9234564304351807,-0.06442718952894211,-0.028203349978103965,0.44613223711325195,-0.007636846565057776,0.8944899533437362
19.233334,577,1,0.08910250872865189,-0.008070471300524486,0.031201733720077146,-0.09510681033134458,1.0323690176010132,-0.06442718952894208,-0.02544178131226919,0.49408318788318156,-0.00453023565006149,0.8690304920886299,0.09659167417823421,-0.008553645897909487,0.03517486406446209,-0.0951068103313446,0.9219224452972412,-0.06442718952894211,-0.02824166723201266,0.4454470850861145,-0.007680461649194691,0.8948297676815938
19.266666,578,1,0.08910250872865189,-0.008070471300524486,0.031201733720077146,-0.09510681033134458,1.0323690176010132,-0.06442718952894208,-0.02544178131226919,0.49408318788318156,-0.00453023565006149,0.8690304920886299,0.09659167417823421,-0.008553645897909487,0.03517486406446209,-0.0951068103313446,0.9219224452972412,-0.06442718952894211,-0.02824166723201266,0.4454470850861145,-0.007680461649194691,0.8948297676815938
19.3,579,1,0.08910250872865189,-0.008070471300524486,0.031201733720077146,-0.09510681033134458,1.0323690176010132,-0.06442718952894208,-0.02544178131226919,0.49408318788318156,-0.00453023565006149,0.8690304920886299,0.09651713145486474,-0.00854883666374388,0.03482533245864079,-0.0951068103313446,0.9234564304351807,-0.06442718952894211,-0.028203349978103965,0.44613223711325195,-0.007636846565057776,0.8944899533437362
19.333334,580,1,0.08910250872865189,-0.008070471300524486,0.031201733720077146,-0.09510681033134458,1.0323690176010132,-0.06442718952894208,-0.02544178131226919,0.49408318788318156,-0.00453023565006149,0.8690304920886299,0.09660466839461601,-0.008388209177093065,0.03517486406446209,-0.09510681033134455,0.9219224452972412,-0.06289321184158322,-0.028583311836336736,0.44542529302255235,-0.006994135008581831,0.8948353953078308
19.366667,581,1,0.08910250872865189,-0.008070471300524486,0.031201733720077146,-0.09510681033134458,1.0323690176010132,-0.06442718952894208,-0.02544178131226919,0.49408318788318156,-0.00453023565006149,0.8690304920886299,0.09660466839461601,-0.008388209177093065,0.03517486406446209,-0.09510681033134455,0.9219224452972412,-0.06289321184158322,-0.028583311836336736,0.44542529302255235,-0.006994135008581831,0.8948353953078308
19.4,582,1,0.08910250872865189,-0.008070471300524486,0.031201733720077146,-0.09510681033134458,1.0323690176010132,-0.06442718952894208,-0.02544178131226919,0.49408318788318156,-0.00453023565006149,0.8690304920886299,0.09660466839461601,-0.008388209177093065,0.03517486406446209,-0.09510681033134455,0.9219224452972412,-0.06289321184158322,-0.028583311836336736,0.44542529302255235,-0.006994135008581831,0.8948353953078308
19.433332,583,1,0.08910250872865189,-0.008070471300524486,0.031201733720077146,-0.09510681033134458,1.0323690176010132,-0.06442718952894208,-0.02544178131226919,0.49408318788318156,-0.00453023565006149,0.8690304920886299,0.09660466839461601,-0.008388209177093065,0.03517486406446209,-0.09510681033134455,0.9219224452972412,-0.06289321184158322,-0.028583311836336736,0.44542529302255235,-0.006994135008581831,0.8948353953078308
19.466667,584,1,0.08911477057760211,-0.007916523356375153,0.031201733720077146,-0.09510681033134458,1.0323690176010132,-0.06289321184158322,-0.02582073008472829,0.4940635289950476,-0.003863697690657999,0.8690337111154012,0.0965301183816943,-0.008383514295415288,0.03482533245864079,-0.0951068103313446,0.9234564304351807,-0.06289321184158325,-0.02854552009760804,0.4461104742370654,-0.0069507805710541815,0.894495547617645
19.5,585,1,0.08911477057760211,-0.007916523356375153,0.031201733720077146,-0.09510681033134458,1.0323690176010132,-0.06289321184158322,-0.02582073008472829,0.4940635289950476,-0.003863697690657999,0.8690337111154012,0.09660466839461601,-0.008388209177093065,0.03517486406446209,-0.09510681033134455,0.9219224452972412,-0.06289321184158322,-0.028583311836336736,0.44542529302255235,-0.006994135008581831,0.8948353953078308
19.533333,586,1,0.08911477057760211,-0.007916523356375153,0.031201733720077146,-0.09510681033134458,1.0323690176010132,-0.06289321184158322,-0.02582073008472829,0.4940635289950476,-0.003863697690657999,0.8690337111154012,0.09660466839461601,-0.008388209177093065,0.03517486406446209,-0.09510681033134455,0.9219224452972412,-0.06289321184158322,-0.028583311836336736,0.44542529302255235,-0.006994135008581831,0.8948353953078308
19.566668,587,1,0.08911477057760211,-0.007916523356375153,0.031201733720077146,-0.09510681033134458,1.0323690176010132,-0.06289321184158322,-0.02582073008472829,0.4940635289950476,-0.003863697690657999,0.8690337111154012,0.09660466839461601,-0.008388209177093065,0.03517486406446209,-0.09510681033134455,0.9219224452972412,-0.06289321184158322,-0.028583311836336736,0.44542529302255235,-0.006994135008581831,0.8948353953078308
19.6,588,1,0.08911477057760211,-0.007916523356375153,0.031201733720077146,-0.09510681033134458,1.0323690176010132,-0.06289321184158322,-0.02582073008472829,0.4940635289950476,-0.003863697690657999,0.8690337111154012,0.09660466839461601,-0.008388209177093065,0.03517486406446209,-0.09510681033134455,0.9219224452972412,-0.06289321184158322,-0.028583311836336736,0.44542529302255235,-0.006994135008581831,0.8948353953078308
19.633333,589,1,0.08911477057760211,-0.007916523356375153,0.031201733720077146,-0.09510681033134458,1.0323690176010132,-0.06289321184158322,-0.02582073008472829,0.4940635289950476,-0.003863697690657999,0.8690337111154012,0.09660466839461601,-0.008388209177093065,0.03517486406446209,-0.09510681033134455,0.9219224452972412,-0.06289321184158322,-0.028583311836336736,0.44542529302255235,-0.006994135008581831,0.8948353953078308
19.666666,590,1,0.08911477057760211,-0.007916523356375153,0.031201733720077146,-0.09510681033134458,1.0323690176010132,-0.06289321184158322,-0.02582073008472829,0.4940635289950476,-0.003863697690657999,0.8690337111154012,0.09660466839461601,-0.008388209177093065,0.03517486406446209,-0.09510681033134455,0.9219224452972412,-0.06289321184158322,-0.028583311836336736,0.44542529302255235,-0.006994135008581831,0.8948353953078308
19.7,591,1,0.08911477057760211,-0.007916523356375153,0.031201733720077146,-0.09510681033134458,1.0323690176010132,-0.06289321184158322,-0.02582073008472829,0.4940635289950476,-0.003863697690657999,0.8690337111154012,0.09660466839461601,-0.008388209177093065,0.03517486406446209,-0.09510681033134455,0.9219224452972412,-0.06289321184158322,-0.028583311836336736,0.44542529302255235,-0.006994135008581831,0.8948353953078308
19.733334,592,1,0.08911477057760211,-0.007916523356375153,0.031201733720077146,-0.09510681033134458,1.0323690176010132,-0.06289321184158322,-0.02582073008472829,0.4940635289950476,-0.003863697690657999,0.8690337111154012,0.09660466839461601,-0.008388209177093065,0.03517486406446209,-0.09510681033134455,0.9219224452972412,-0.06289321184158322,-0.028583311836336736,0.44542529302255235,-0.006994135008581831,0.8948353953078308
19.766666,593,1,0.08911477057760211,-0.007916523356375153,0.031201733720077146,-0.09510681033134458,1.0323690176010132,-0.06289321184158322,-0.02582073008472829,0.4940635289950476,-0.003863697690657999,0.8690337111154012,0.09660466839461601,-0.008388209177093065,0.03517486406446209,-0.09510681033134455,0.9219224452972412,-0.06289321184158322,-0.028583311836336736,0.44542529302255235,-0.006994135008581831,0.8948353953078308
19.8,594,1,0.08911477057760211,-0.007916523356375153,0.031201733720077146,-0.09510681033134458,1.0323690176010132,-0.06289321184158322,-0.02582073008472829,0.4940635289950476,-0.003863697690657999,0.8690337111154012,0.09660466839461601,-0.008388209177093065,0.03517486406446209,-0.09510681033134455,0.9219224452972412,-0.06289321184158322,-0.028583311836336736,0.44542529302255235,-0.006994135008581831,0.8948353953078308
19.833334,595,1,0.08911477057760211,-0.007916523356375153,0.031201733720077146,-0.09510681033134458,1.0323690176010132,-0.06289321184158322,-0.02582073008472829,0.4940635289950476,-0.003863697690657999,0.8690337111154012,0.09660466839461601,-0.008388209177093065,0.03517486406446209,-0.09510681033134455,0.9219224452972412,-0.06289321184158322,-0.028583311836336736,0.44542529302255235,-0.006994135008581831,0.8948353953078308
19.866667,596,1,0.08911477057760211,-0.007916523356375153,0.031201733720077146,-0.09510681033134458,1.0323690176010132,-0.06289321184158322,-0.02582073008472829,0.4940635289950476,-0.003863697690657999,0.8690337111154012,0.09660466839461601,-0.008388209177093065,0.03517486406446209,-0.09510681033134455,0.9219224452972412,-0.06289321184158322,-0.028583311836336736,0.44542529302255235,-0.006994135008581831,0.8948353953078308
19.9,597,1,0.08911477057760211,-0.007916523356375153,0.031201733720077146,-0.09510681033134458,1.0323690176010132,-0.06289321184158322,-0.02582073008472829,0.4940635289950476,-0.003863697690657999,0.8690337111154012,0.09660466839461601,-0.008388209177093065,0.03517486406446209,-0.09510681033134455,0.9219224452972412,-0.06289321184158322,-0.028583311836336736,0.44542529302255235,-0.006994135008581831,0.8948353953078308
19.933332,598,1,0.08911477057760211,-0.007916523356375153,0.031201733720077146,-0.09510681033134458,1.0323690176010132,-0.06289321184158322,-0.02582073008472829,0.4940635289950476,-0.003863697690657999,0.8690337111154012,0.0965301183816943,-0.008383514295415288,0.03482533245864079,-0.0951068103313446,0.9234564304351807,-0.06289321184158325,-0.02854552009760804,0.4461104742370654,-0.0069507805710541815,0.894495547617645
19.966667,599,1,0.08911477057760211,-0.007916523356375153,0.031201733720077146,-0.09510681033134458,1.0323690176010132,-0.06289321184158322,-0.02582073008472829,0.4940635289950476,-0.003863697690657999,0.8690337111154012,0.09660466839461601,-0.008388209177093065,0.03517486406446209,-0.09510681033134455,0.9219224452972412,-0.06289321184158322,-0.028583311836336736,0.44542529302255235,-0.006994135008581831,0.8948353953078308
