timestamp,frame_index,episode_index,ee_state_x,ee_state_y,ee_state_z,ee_state_roll,ee_state_pitch,ee_state_yaw,ee_state_qx,ee_state_qy,ee_state_qz,ee_state_qw,ee_action_x,ee_action_y,ee_action_z,ee_action_roll,ee_action_pitch,ee_action_yaw,ee_action_qx,ee_action_qy,ee_action_qz,ee_action_qw
0.0,0,0,0.046569070327356576,-0.0026451627798048166,0.01605938234860113,-0.15646603703498818,1.4879612922668457,-0.01840776950120908,-0.051287124881514067,0.6756514151333511,0.04617364990485464,0.7339841892739597,0.07761029869748469,-0.003353414482356073,0.029724382050775114,-0.15493206679821014,1.070718765258789,-0.0199417509138584,-0.06148616811146604,0.5092586107023823,0.03092789041261079,0.857856971849663
0.033333335,1,0,0.0463856639590535,-0.0026417862962741364,0.015795328226274094,-0.15646603703498846,1.4894952774047856,-0.018407769501209356,-0.05124133869362473,0.6762134295145987,0.04622250522639475,0.7334665656753454,0.07761029869748469,-0.003353414482356073,0.029724382050775114,-0.15493206679821014,1.070718765258789,-0.0199417509138584,-0.06148616811146604,0.5092586107023823,0.03092789041261079,0.857856971849663
0.06666667,2,0,0.0463856639590535,-0.0026417862962741364,0.015795328226274094,-0.15646603703498846,1.4894952774047856,-0.018407769501209356,-0.05124133869362473,0.6762134295145987,0.04622250522639475,0.7334665656753454,0.07761029869748469,-0.003353414482356073,0.029724382050775114,-0.15493206679821014,1.070718765258789,-0.0199417509138584,-0.06148616811146604,0.5092586107023823,0.03092789041261079,0.857856971849663
0.1,3,0,0.0463856639590535,-0.0026417862962741364,0.015795328226274094,-0.15646603703498846,1.4894952774047856,-0.018407769501209356,-0.05124133869362473,0.6762134295145987,0.04622250522639475,0.7334665656753454,0.07761029869748469,-0.003353414482356073,0.029724382050775114,-0.15493206679821014,1.070718765258789,-0.0199417509138584,-0.06148616811146604,0.5092586107023823,0.03092789041261079,0.857856971849663
0.13333334,4,0,0.0463856639590535,-0.0026417862962741364,0.015795328226274094,-0.15646603703498846,1.4894952774047856,-0.018407769501209356,-0.05124133869362473,0.6762134295145987,0.04622250522639475,0.7334665656753454,0.07760291419748935,-0.003490051456674045,0.02972321915062541,-0.15339808166027075,1.070718765258789,-0.021475730463862447,-0.06043754808789632,0.5093286871585624,0.02987927136301363,0.8579270483912219
0.16666667,5,0,0.0463856639590535,-0.0026417862962741364,0.015795328226274094,-0.15646603703498846,1.4894952774047856,-0.018407769501209356,-0.05124133869362473,0.6762134295145987,0.04622250522639475,0.7334665656753454,0.07759745598569509,-0.0036263460158412007,0.02972321915062541,-0.15339808166027075,1.0707187652587895,-0.023009711876511588,-0.06004687997974214,0.5093748923791198,0.029221240566099455,0.8579497131640272
0.2,6,0,0.04638324070909142,-0.0026421223472844254,0.015795131315740882,-0.1549320667982101,1.4894952774047856,-0.018407769501209217,-0.050678765736299064,0.6762486825880332,0.04570384604438503,0.7335056512789427,0.07759392559731909,-0.003762307504006298,0.029724382050775128,-0.15493206679821014,1.070718765258789,-0.024543693289160715,-0.060314216986961204,0.5093987403525865,0.02895390610572092,0.8579258650242858
0.23333333,7,0,0.04638324070909142,-0.0026421223472844254,0.015795131315740882,-0.1549320667982101,1.4894952774047856,-0.018407769501209217,-0.050678765736299064,0.6762486825880332,0.04570384604438503,0.7335056512789427,0.0775917887070843,-0.003762632041858939,0.029723219150625424,-0.15339808166027064,1.070718765258789,-0.024543693289160687,-0.05965617654752675,0.5094207979473077,0.028563192579068322,0.8579718732267099
0.26666668,8,0,0.04638324070909142,-0.0026421223472844254,0.015795131315740882,-0.1549320667982101,1.4894952774047856,-0.018407769501209217,-0.050678765736299064,0.6762486825880332,0.04570384604438503,0.7335056512789427,0.0775917887070843,-0.003762632041858939,0.029723219150625424,-0.15339808166027064,1.070718765258789,-0.024543693289160687,-0.05965617654752675,0.5094207979473077,0.028563192579068322,0.8579718732267099
0.3,9,0,0.04638324070909142,-0.0026421223472844254,0.015795131315740882,-0.1549320667982101,1.4894952774047856,-0.018407769501209217,-0.050678765736299064,0.6762486825880332,0.04570384604438503,0.7335056512789427,0.07759745598569509,-0.0036263460158412007,0.02972321915062541,-0.15339808166027075,1.0707187652587895,-0.023009711876511588,-0.06004687997974214,0.5093748923791198,0.029221240566099455,0.8579497131640272
0.33333334,10,0,0.0463856639590535,-0.0026417862962741364,0.015795328226274094,-0.15646603703498846,1.4894952774047856,-0.018407769501209356,-0.05124133869362473,0.6762134295145987,0.04622250522639475,0.7334665656753454,0.0775917887070843,-0.003762632041858939,0.029723219150625424,-0.15339808166027064,1.070718765258789,-0.024543693289160687,-0.05965617654752675,0.5094207979473077,0.028563192579068322,0.8579718732267099
0.36666667,11,0,0.04638324070909142,-0.0026421223472844254,0.015795131315740882,-0.1549320667982101,1.4894952774047856,-0.018407769501209217,-0.050678765736299064,0.6762486825880332,0.04570384604438503,0.7335056512789427,0.0775917887070843,-0.003762632041858939,0.029723219150625424,-0.15339808166027064,1.070718765258789,-0.024543693289160687,-0.05965617654752675,0.5094207979473077,0.028563192579068322,0.8579718732267099
0.4,12,0,0.04638324070909142,-0.0026421223472844254,0.015795131315740882,-0.1549320667982101,1.4894952774047856,-0.018407769501209217,-0.050678765736299064,0.6762486825880332,0.04570384604438503,0.7335056512789427,0.0775917887070843,-0.003762632041858939,0.029723219150625424,-0.15339808166027064,1.070718765258789,-0.024543693289160687,-0.05965617654752675,0.5094207979473077,0.028563192579068322,0.8579718732267099
0.43333334,13,0,0.04638324070909142,-0.0026421223472844254,0.015795131315740882,-0.1549320667982101,1.4894952774047856,-0.018407769501209217,-0.050678765736299064,0.6762486825880332,0.04570384604438503,0.7335056512789427,0.07758965140348142,-0.00376295284767707,0.029722055974633704,-0.15186409652233124,1.070718765258789,-0.024543693289160742,-0.058998101013701634,0.5094425558611989,0.02817246224933015,0.8580173767035236
0.46666667,14,0,0.046564223903173274,-0.0026458311664262326,0.016058981063759456,-0.1533980816602709,1.4879612922668461,-0.01840776950120944,-0.05016114961232094,0.675721449520962,0.04513716179076806,0.7340619989839646,0.07748560782895941,-0.0037603987212121628,0.02958575645260965,-0.15186409652233124,1.072252750396729,-0.024543693289160742,-0.058960331692552104,0.5100997704080272,0.028227280640497603,0.8576276139117868
0.5,15,0,0.046564223903173274,-0.0026458311664262326,0.016058981063759456,-0.1533980816602709,1.4879612922668461,-0.01840776950120944,-0.05016114961232094,0.675721449520962,0.04513716179076806,0.7340619989839646,0.07748774691381499,-0.0037600779591213333,0.029586916361706614,-0.1533980816602707,1.0722527503967285,-0.02454369328916073,-0.059618108292351056,0.5100779702555293,0.02861851503273578,0.8575821395184033
0.53333336,16,0,0.04638081692509542,-0.0026424546716696906,0.015794934356112456,-0.1533980816602709,1.4894952774047856,-0.018407769501209495,-0.050116157501040384,0.6762835381839192,0.04518515493764507,0.7335443057593942,0.07748774691381499,-0.0037600779591213333,0.029586916361706614,-0.1533980816602707,1.0722527503967285,-0.02454369328916073,-0.059618108292351056,0.5100779702555293,0.02861851503273578,0.8575821395184033
0.56666666,17,0,0.04638081692509542,-0.0026424546716696906,0.015794934356112456,-0.1533980816602709,1.4894952774047856,-0.018407769501209495,-0.050116157501040384,0.6762835381839192,0.04518515493764507,0.7335443057593942,0.07748774691381499,-0.0037600779591213333,0.029586916361706614,-0.1533980816602707,1.0722527503967285,-0.02454369328916073,-0.059618108292351056,0.5100779702555293,0.02861851503273578,0.8575821395184033
0.6,18,0,0.04638081692509542,-0.0026424546716696906,0.015794934356112456,-0.1533980816602709,1.4894952774047856,-0.018407769501209495,-0.050116157501040384,0.6762835381839192,0.04518515493764507,0.7335443057593942,0.07748774691381499,-0.0037600779591213333,0.029586916361706614,-0.1533980816602707,1.0722527503967285,-0.02454369328916073,-0.059618108292351056,0.5100779702555293,0.02861851503273578,0.8575821395184033
0.6333333,19,0,0.046564223903173274,-0.0026458311664262326,0.016058981063759456,-0.1533980816602709,1.4879612922668461,-0.01840776950120944,-0.05016114961232094,0.675721449520962,0.04513716179076806,0.7340619989839646,0.07748560782895941,-0.0037603987212121628,0.02958575645260965,-0.15186409652233124,1.072252750396729,-0.024543693289160742,-0.058960331692552104,0.5100997704080272,0.028227280640497603,0.8576276139117868
0.6666667,20,0,0.04638081692509542,-0.0026424546716696906,0.015794934356112456,-0.1533980816602709,1.4894952774047856,-0.018407769501209495,-0.050116157501040384,0.6762835381839192,0.04518515493764507,0.7335443057593942,0.07748560782895941,-0.0037603987212121628,0.02958575645260965,-0.15186409652233124,1.072252750396729,-0.024543693289160742,-0.058960331692552104,0.5100997704080272,0.028227280640497603,0.8576276139117868
0.7,21,0,0.04638081692509542,-0.0026424546716696906,0.015794934356112456,-0.1533980816602709,1.4894952774047856,-0.018407769501209495,-0.050116157501040384,0.6762835381839192,0.04518515493764507,0.7335443057593942,0.07749127180662621,-0.0036242755772515805,0.029585756452609635,-0.1518640965223312,1.0722527503967285,-0.023009711876511546,-0.05935155609495759,0.5100543983466125,0.028885064682663754,0.8576057115916734
0.73333335,22,0,0.046564223903173274,-0.0026458311664262326,0.016058981063759456,-0.1533980816602709,1.4879612922668461,-0.01840776950120944,-0.05016114961232094,0.675721449520962,0.04513716179076806,0.7340619989839646,0.07749127180662621,-0.0036242755772515805,0.029585756452609635,-0.1518640965223312,1.0722527503967285,-0.023009711876511546,-0.05935155609495759,0.5100543983466125,0.028885064682663754,0.8576057115916734
0.76666665,23,0,0.046564223903173274,-0.0026458311664262326,0.016058981063759456,-0.1533980816602709,1.4879612922668461,-0.01840776950120944,-0.05016114961232094,0.675721449520962,0.04513716179076806,0.7340619989839646,0.07749127180662621,-0.0036242755772515805,0.029585756452609635,-0.1518640965223312,1.0722527503967285,-0.023009711876511546,-0.05935155609495759,0.5100543983466125,0.028885064682663754,0.8576057115916734
0.8,24,0,0.04638081692509542,-0.0026424546716696906,0.015794934356112456,-0.1533980816602709,1.4894952774047856,-0.018407769501209495,-0.050116157501040384,0.6762835381839192,0.04518515493764507,0.7335443057593942,0.07749127180662621,-0.0036242755772515805,0.029585756452609635,-0.1518640965223312,1.0722527503967285,-0.023009711876511546,-0.05935155609495759,0.5100543983466125,0.028885064682663754,0.8576057115916734
0.8333333,25,0,0.04638081692509542,-0.0026424546716696906,0.015794934356112456,-0.1533980816602709,1.4894952774047856,-0.018407769501209495,-0.050116157501040384,0.6762835381839192,0.04518515493764507,0.7335443057593942,0.07749127180662621,-0.0036242755772515805,0.029585756452609635,-0.1518640965223312,1.0722527503967285,-0.023009711876511546,-0.05935155609495759,0.5100543983466125,0.028885064682663754,0.8576057115916734
0.8666667,26,0,0.04638081692509542,-0.0026424546716696906,0.015794934356112456,-0.1533980816602709,1.4894952774047856,-0.018407769501209495,-0.050116157501040384,0.6762835381839192,0.04518515493764507,0.7335443057593942,0.07749127180662621,-0.0036242755772515805,0.029585756452609635,-0.1518640965223312,1.0722527503967285,-0.023009711876511546,-0.05935155609495759,0.5100543983466125,0.028885064682663754,0.8576057115916734
0.9,27,0,0.046564223903173274,-0.0026458311664262326,0.016058981063759456,-0.1533980816602709,1.4879612922668461,-0.01840776950120944,-0.05016114961232094,0.675721449520962,0.04513716179076806,0.7340619989839646,0.07728255060098532,-0.0036194721146913167,0.029313637157958233,-0.15186409652233124,1.0753207206726074,-0.023009711876511615,-0.059276920906052286,0.5113679844439233,0.02899405253456143,0.8568245888460952
0.93333334,28,0,0.046564223903173274,-0.0026458311664262326,0.016058981063759456,-0.1533980816602709,1.4879612922668461,-0.01840776950120944,-0.05016114961232094,0.675721449520962,0.04513716179076806,0.7340619989839646,0.07727689423730869,-0.0037552750899790977,0.02931363715795822,-0.15186409652233124,1.0753207206726074,-0.024543693289160715,-0.058884689017369964,0.5114132988744725,0.028336867574165495,0.8568465749886273
0.96666664,29,0,0.04638081692509542,-0.0026424546716696906,0.015794934356112456,-0.1533980816602709,1.4894952774047856,-0.018407769501209495,-0.050116157501040384,0.6762835381839192,0.04518515493764507,0.7335443057593942,0.07706949318645884,-0.0037498104061369827,0.029043306477263567,-0.1533980816602707,1.0783886909484868,-0.024543693289160742,-0.059465484775944634,0.5127036549507683,0.028839636165799307,0.8560181620189549
1.0,30,0,0.04638081692509542,-0.0026424546716696906,0.015794934356112456,-0.1533980816602709,1.4894952774047856,-0.018407769501209495,-0.050116157501040384,0.6762835381839192,0.04518515493764507,0.7335443057593942,0.07664792924563596,-0.0037394615919708746,0.028502294935323108,-0.1533980816602707,1.0845243930816655,-0.02454369328916073,-0.0593123075075283,0.5153244121143512,0.029060477271632412,0.8544461885442967
1.0333333,31,0,0.04638081692509542,-0.0026424546716696906,0.015794934356112456,-0.1533980816602709,1.4894952774047856,-0.018407769501209495,-0.050116157501040384,0.6762835381839192,0.04518515493764507,0.7335443057593942,0.07597370280244682,-0.003722533265775448,0.02787770189043369,-0.15493206679821014,1.0937283039093018,-0.024543693289160715,-0.05973500264740293,0.519223902861719,0.029789487891331918,0.8520274963678879
1.0666667,32,0,0.04638081692509542,-0.0026424546716696906,0.015794934356112456,-0.1533980816602709,1.4894952774047856,-0.018407769501209495,-0.050116157501040384,0.6762835381839192,0.04518515493764507,0.7335443057593942,0.07500212818763435,-0.003831137681684871,0.027356345509916224,-0.15493206679821017,1.1060001850128174,-0.02607767283916476,-0.05902059281262903,0.5244814479388529,0.029582473935624236,0.8488584438101905
1.1,33,0,0.04638081692509542,-0.0026424546716696906,0.015794934356112456,-0.1533980816602709,1.4894952774047856,-0.018407769501209495,-0.050116157501040384,0.6762835381839192,0.04518515493764507,0.7335443057593942,0.07439954568044777,-0.003815420169170276,0.028368081033074477,-0.15493206679821017,1.1121361255645752,-0.026077672839164734,-0.058861682336636696,0.5270799960547972,0.02980530288104791,0.8472506264568618
1.1333333,34,0,0.04638081692509542,-0.0026424546716696906,0.015794934356112456,-0.1533980816602709,1.4894952774047856,-0.018407769501209495,-0.050116157501040384,0.6762835381839192,0.04518515493764507,0.7335443057593942,0.07387545851985125,-0.003801750096761647,0.030114974846118817,-0.15493206679821014,1.115204215049744,-0.026077672839164734,-0.0587820161449767,0.5283774616132678,0.029916616605752726,0.8464436949306883
1.1666666,35,0,0.04638081692509542,-0.0026424546716696906,0.015794934356112456,-0.1533980816602709,1.4894952774047856,-0.018407769501209495,-0.050116157501040384,0.6762835381839192,0.04518515493764507,0.7335443057593942,0.0735150595812124,-0.0039225365361444855,0.03181599416899866,-0.1549320667982101,1.116737961769104,-0.027611654251813847,-0.0583363639561924,0.5290705014517542,0.029323323045197705,0.8460623002235398
1.2,36,0,0.04638081692509542,-0.0026424546716696906,0.015794934356112456,-0.1533980816602709,1.4894952774047856,-0.018407769501209495,-0.050116157501040384,0.6762835381839192,0.04518515493764507,0.7335443057593942,0.0728989065136588,-0.0039055192057667076,0.033133233762452224,-0.15493206679821014,1.1228739023208618,-0.027611654251813875,-0.05817449857628653,0.5316602283191203,0.029546903487099655,0.8444407082995127
1.2333333,37,0,0.04656103571980138,-0.002734532681206519,0.01581047610428736,-0.1533980816602708,1.4879614114761357,-0.019941750913858525,-0.04964285930821904,0.6757597675917157,0.04457413359988321,0.7340963626377088,0.07250480061818575,-0.004023285245288904,0.033666201290325354,-0.15493206679821014,1.1274758577346802,-0.029145635664463043,-0.05764345742526869,0.5336436097398687,0.029067656383680612,0.8432418401337924
1.2666667,38,0,0.04426235498543643,-0.0028591795503846353,0.0124851828110209,-0.15339808166027077,1.5063692331314087,-0.023009711876511657,-0.048048895496675584,0.682552592523399,0.044036507484050476,0.727924479661004,0.07240399102123013,-0.00414885726929152,0.03422519765084295,-0.15493206679821012,1.1290099620819092,-0.03067961521446705,-0.05719249313548688,0.5343333619393733,0.0284773198046088,0.8428558116927592
1.3,39,0,0.04073511477575696,-0.0029384509616404673,0.006597526427197381,-0.15033011138439226,1.5339808464050293,-0.0260776728391652,-0.045040709573026,0.6926581505358285,0.0427476495621495,0.7185879622108593,0.07202307896556266,-0.004520662406438645,0.034763155466655454,-0.1564660370349884,1.133611798286438,-0.035281557589769356,-0.056478820805662154,0.5363776122070444,0.027121254926998097,0.8416493554055965
1.3333334,40,0,0.03878198701318928,-0.0029647409092101807,0.004803090758301015,-0.14879614114761358,1.5493205785751338,-0.027611654251813958,-0.04348534112724505,0.6982052835180647,0.04214766966854955,0.7133316066991683,0.0718689911993799,-0.004642980029776286,0.03537308129597004,-0.1564660370349884,1.1351457834243774,-0.03681553900241854,-0.056023337119100555,0.5370649850156616,0.02653381975466136,0.8412600929423635
1.3666667,41,0,0.0391815250989671,-0.0029757756211384696,0.005308455017695515,-0.14879614114761242,1.546252608299255,-0.027611654251812792,-0.043580129121222444,0.6971124244603258,0.042051370344337154,0.7143995536539672,0.07178428637754897,-0.004767504542659768,0.036118848408125195,-0.15646603703498838,1.136679768562317,-0.038349520415067666,-0.05556679955158057,0.5377516583107812,0.025946982394546136,0.8408699298204309
1.4,42,0,0.039590810503897116,-0.003064834316024134,0.00606322761900234,-0.15033011138439123,1.5431847572326656,-0.029145635664462488,-0.043689722163665796,0.6960192983522118,0.041940056654514446,0.7154644478563366,0.07186667915403953,-0.004770281212394077,0.03804483375635949,-0.1580000221729279,1.135145902633667,-0.03834952041506768,-0.05625663257836153,0.5370878321384983,0.02630052795188396,0.8412372638496013
1.4333333,43,0,0.04056059335627824,-0.003172727464034595,0.007086902271622217,-0.15033011138439206,1.5355148315429688,-0.03067961521446732,-0.04339837975978358,0.6933097497487335,0.04114368206743753,0.718154140114438,0.07170601004646288,-0.004891659449741273,0.03940342818073947,-0.1580000221729278,1.1382137537002563,-0.039883501827716786,-0.055753833949756075,0.5384180206007412,0.025773714388903683,0.8404363513906822
1.4666667,44,0,0.04134644068475049,-0.0031964749112573295,0.008109887828707973,-0.1518640965223314,1.529378890991211,-0.030679615214467215,-0.04414435940146257,0.6910765156935126,0.041475222211076086,0.7202390790095264,0.07184351899818173,-0.004897146698087562,0.04170740785428084,-0.15800002217292783,1.1382137537002563,-0.03988350182771677,-0.05575383394975607,0.5384180206007412,0.025773714388903687,0.8404363513906821
1.5,45,0,0.041985456924497816,-0.0032975317644138168,0.009055806078057463,-0.15339808166027016,1.5247769355773926,-0.03221359476447052,-0.044315319513704585,0.6894234344932282,0.041299959007230415,0.7218211647035302,0.07206851376271442,-0.005034243900819493,0.04475652424059598,-0.1580000221729279,1.1397477388381958,-0.041417479515075725,-0.055294892353036106,0.539103738898159,0.02518860412796307,0.8400447415511727
1.5333333,46,0,0.04389856052548824,-0.003443192159568495,0.01139468081684221,-0.15646603703498826,1.509437084197998,-0.03374757617712005,-0.045399695941553665,0.6838516189153248,0.041280110239453764,0.7270363013040838,0.07230423866503682,-0.005044012618549096,0.04729670352910227,-0.15800002217292786,1.1412817239761348,-0.041417479515075656,-0.05524889520132473,0.5397465358565834,0.025248091872245776,0.8396331165852509
1.5666667,47,0,0.04621591573952056,-0.0036097675023734595,0.014201741128019404,-0.1564660370349884,1.4894953966140752,-0.03528155758976935,-0.04553443769413796,0.6766217190668182,0.04003275799864338,0.7338303908656035,0.07279793186330732,-0.004935232221614372,0.050272395994318875,-0.15800002217292788,1.1397477388381958,-0.039883501827716855,-0.055708362601601925,0.5390611697669909,0.025832901600879837,0.8400251750873726
1.6,48,0,0.05304809907431783,-0.0037516996434276704,0.02093742445093294,-0.15800002217292775,1.4127963781356812,-0.03374757617712009,-0.04910658116909739,0.6479944373683035,0.03842281127933927,0.7590885589962548,0.07352779851727925,-0.004964357304308666,0.05465469233393018,-0.15800002217292783,1.135145783424377,-0.03988350182771679,-0.055844678223143714,0.5371307724290403,0.02565529451348439,0.8412572205261375
1.6333333,49,0,0.0658911942948683,-0.0043030653157740874,0.03730432750920086,-0.1610679775476455,1.2394565343856812,-0.03528155758976932,-0.05526428731436747,0.5799965987647376,0.03240450200054289,0.8120959008756711,0.07392486616112708,-0.004849250413795412,0.05758685185568739,-0.15800002217292788,1.135145664215088,-0.03834952041506768,-0.05625663955619689,0.537087732049138,0.02630051879574222,0.841237327571258
1.6666666,50,0,0.07070227057256964,-0.005103664832274826,0.04648449131325756,-0.15800002217292788,1.1566215753555298,-0.04295146092772484,-0.05436822716434498,0.5461988400752269,0.02520132623196601,0.8355093154068558,0.07456078052638752,-0.0048736493869748826,0.06113638971390714,-0.1580000221729279,1.132077813148498,-0.038349520415067714,-0.056346360628608996,0.5357992007974398,0.026182671244138794,0.8420562759075293
1.7,51,0,0.07384256507728422,-0.005238239676725881,0.05502825977077973,-0.15953400731086725,1.102932095527649,-0.04295146092772479,-0.05663917239669251,0.523607562246264,0.02350636709928289,0.8497497135124766,0.07526209810967648,-0.004900557772505608,0.06500048030752852,-0.15800002217292786,1.133611798286438,-0.03834952041506766,-0.05630151490840339,0.5364436492345133,0.026241605027649818,0.8416470333700169
1.7333333,52,0,0.07431719823910435,-0.004996242660717843,0.059645575052842695,-0.15646603703498843,1.1060000658035278,-0.03988350182771685,-0.05604995480909768,0.524857963551123,0.02412477916922929,0.8489997147778684,0.0757636648840149,-0.0049198020527787606,0.06744179098888332,-0.15800002217292786,1.1366796493530273,-0.03834952041506768,-0.056211727623126345,0.5377315489763159,0.026359421671101214,0.8408270950690876
1.7666667,53,0,0.07539601759932638,-0.004638153781819305,0.06300554525482019,-0.16260196268558505,1.119805932044983,-0.03528155758976936,-0.05946263551081913,0.5304811435356654,0.028228007069858313,0.845137344428741,0.07642733807679614,-0.004945266085854926,0.07013414313397577,-0.15800002217292788,1.136679768562317,-0.038349520415067694,-0.056211724131637955,0.5377315989964286,0.02635942624796842,0.8408270631698118
1.8,54,0,0.0736606961848322,-0.0044468088017801995,0.06143709511339639,-0.16106797754764557,1.1566215753555302,-0.033747576177120195,-0.05816261192689243,0.5458976596134236,0.029883441189552173,0.8352962562738437,0.07726032108269712,-0.005113302358565525,0.0732077377633025,-0.15800002217292786,1.138213753700256,-0.03988350182771681,-0.055753833949756075,0.538418020600741,0.025773714388903662,0.8404363513906821
1.8333334,55,0,0.07188878152657383,-0.004771513847178935,0.06090575229696758,-0.15646603703498835,1.1919031143188477,-0.038349520415067645,-0.05393973571789904,0.5607170208255533,0.028039271695510137,0.82577280574622,0.0780412081316102,-0.005144463392914372,0.07582262273023403,-0.15800002217292788,1.136679768562317,-0.039883501827716834,-0.055799272499180166,0.5377745546952454,0.025714512014829372,0.8408470332841353
1.8666667,56,0,0.0736516449382181,-0.005099850722288359,0.06317276302054738,-0.15800002217292783,1.1826990842819214,-0.04141747951507565,-0.05399478285209783,0.5569806980169999,0.02684852296186733,0.828333400434883,0.07936917499741936,-0.005197455462865088,0.07865982731826426,-0.15800002217292786,1.130543828010559,-0.039883501827716814,-0.05598069817525602,0.5351975312543252,0.02547755159423292,0.842484811931853
1.9,57,0,0.07460885550068258,-0.005007108170910468,0.06723922332938788,-0.15953400731086728,1.1719613075256348,-0.03988350182771683,-0.055383505823262506,0.5524724909160065,0.02749601479159657,0.831234493530176,0.08099044308707007,-0.005262151619243422,0.08218168404819984,-0.15800002217292783,1.1244077682495117,-0.03988350182771678,-0.056161600446070624,0.5326154200886837,0.02524034675720751,0.8441146923343219
1.9333333,58,0,0.07571342359886617,-0.004917874378494591,0.07137670105353604,-0.15800002217292788,1.1596895456314087,-0.03834952041506768,-0.05553409176721219,0.54735068063101,0.027241089178327595,0.8346143541329369,0.08266730717480127,-0.0053294509418950545,0.0853874247961454,-0.15646603703498835,1.115204095840454,-0.03988350182771677,-0.055782640020212264,0.5287519674797991,0.024478569304451987,0.8465875345192747
1.9666667,59,0,0.07731756297482648,-0.00511519822921053,0.07563633983919121,-0.1595340073108673,1.1520195007324219,-0.039883501827716855,-0.05598515799903497,0.544174528897001,0.026723230334679684,0.8366753331753182,0.08421155763215459,-0.005537850598804231,0.08850250582169185,-0.15646603703498843,1.1075340509414677,-0.04141747951507569,-0.05560241020236681,0.5255505309537243,0.023532906144102594,0.848617236286395
2.0,60,0,0.07834173744037873,-0.0052942136823657575,0.07723867635171296,-0.15800002217292786,1.1535536050796509,-0.0414174795150757,-0.054879750203915265,0.5448774490511097,0.025723456184839226,0.8363223555155141,0.0859978229112972,-0.005910988148213899,0.09307037724979425,-0.15646603703498843,1.0983302593231201,-0.04448544234037402,-0.05507145980544046,0.5217326572462233,0.02187139385184237,0.8510486536084
2.0333333,61,0,0.08000226185298417,-0.005363027770780029,0.08058651350177451,-0.1580000221729279,1.148951530456543,-0.0414174795150757,-0.05501842604773306,0.5429557004636026,0.025545302484227796,0.8375676197479808,0.08744250117273183,-0.006430812463893132,0.09662181648265082,-0.15646603703498843,1.0906603336334229,-0.04908738657832148,-0.05410685324990314,0.518597918717868,0.019608409585017292,0.8530792210612301
2.0666666,62,0,0.0812199600878977,-0.0054134906205659935,0.08338015622253409,-0.1580000221729278,1.145883560180664,-0.04141747951507564,-0.055110712427775696,0.541672970228883,0.025426461228970146,0.8383953111560766,0.08876626601867951,-0.006803724540469494,0.10007033976183574,-0.15646603703498843,1.0845245122909546,-0.052155345678329516,-0.05350352809116605,0.5160670961449982,0.018053408047799837,0.8546848537420836
2.1,63,0,0.0824196384183569,-0.005607252615185847,0.08653374992035269,-0.15800002217292786,1.1412817239761353,-0.04295146092772482,-0.05483489841437685,0.5397887524819633,0.024604093711836132,0.8396522346677046,0.09065580629826789,-0.006902363621836221,0.10448425138017388,-0.15646603703498846,1.0783884525299072,-0.05215534567832952,-0.05369528874389514,0.5134489258700314,0.01780685564415781,0.8562534276612788
2.1333334,64,0,0.08445997529347576,-0.006136627543049971,0.09152977460369519,-0.15800002217292788,1.1305437088012695,-0.04755340516567231,-0.05392783860271414,0.5354082283671109,0.02224647890319123,0.8425763534522205,0.09235656707770401,-0.006991147905886876,0.10797476010206314,-0.1564660370349884,1.072252631187439,-0.05215534567832947,-0.053886536552170815,0.5108260246142409,0.017560145217757443,0.8578138813607259
2.1666667,65,0,0.08617342659742784,-0.0063680820418112,0.09581695628152682,-0.1580000221729279,1.118271946907044,-0.04908738657832149,-0.053902218953359976,0.5302820652846253,0.02111063161800718,0.8458426705138876,0.09399599413426304,-0.0070767304047484325,0.11183054517595055,-0.15646603703498846,1.0645827054977417,-0.05215534567832951,-0.054124887497816715,0.5075405758884135,0.017251519037352007,0.8597531305387088
2.2,66,0,0.08772934440950748,-0.0067492096012452246,0.09970882472016428,-0.15800002217292786,1.1106020212173462,-0.05215534567832946,-0.05333331201697055,0.527124710672727,0.019503608525428952,0.847888380909882,0.09615612391230748,-0.00718949498523445,0.11644755180901065,-0.1564660370349884,1.0569127202034,-0.0521553456783295,-0.0543624442759526,0.5042476371841108,0.01694263673885544,0.861679750317321
2.2333333,67,0,0.08935163758032316,-0.006833897665217924,0.10342362258783568,-0.15800002217292794,1.1044661998748784,-0.05215534567832953,-0.05352842206343143,0.5245276447082847,0.019255811875706408,0.8494908308376177,0.09790635974717377,-0.007448904313914357,0.12007326026055887,-0.1564660370349884,1.0507768988609314,-0.05368932709097863,-0.054167164372674104,0.5016497094622477,0.01603327766536579,0.8632244327563784
2.2666667,68,0,0.09145412365718869,-0.00694365308956565,0.10822450535228588,-0.1580000221729278,1.095262169837952,-0.05215534567832939,-0.053820151338513984,0.5206226701233848,0.018883765757775135,0.8518795865932592,0.09983230774792273,-0.0075524066351963,0.1239298495769513,-0.15646603703498838,1.04157292842865,-0.05368932709097862,-0.05445344924010382,0.49768154904863593,0.015660305089673556,0.8655071648732343
2.3,69,0,0.09301789382854533,-0.007185808519042115,0.11123918639891558,-0.15800002217292786,1.0921943187713623,-0.05368932709097861,-0.05351880803831917,0.5193598263951422,0.018105670760283576,0.8526859284632798,0.10222275571260696,-0.007855201422747177,0.12861829263399677,-0.1580000221729278,1.0354371070861816,-0.055223308503627735,-0.0549289506967402,0.4950606262624202,0.01512619084061633,0.8669884572764903
2.3333333,70,0,0.09542662370272612,-0.007315256008393807,0.11562202049802485,-0.1580000221729279,1.0875923633575444,-0.053689327090978685,-0.05366555541287791,0.5174015047108527,0.017918525028965553,0.8538703751424798,0.10428874527970838,-0.007969408321231115,0.13222410322242306,-0.1580000221729278,1.0277671217918392,-0.05522330850362772,-0.055169984938654215,0.4917403699128485,0.014810958237040154,0.8688661098673053
2.3666666,71,0,0.0973531676137793,-0.007586012960947894,0.11895889025088056,-0.15800002217292786,1.0814563632011414,-0.055223308503627756,-0.0534659263787918,0.5148272835331742,0.0170127258860789,0.8554559193811423,0.10641205265917644,-0.008086783720506405,0.13616568132636245,-0.15800002217292786,1.0200973153114319,-0.05522330850362776,-0.05541020219635077,0.48841295912281735,0.014495515163216621,0.8707309405858996
2.4,72,0,0.09935540187341958,-0.0076966954970425095,0.12264223043756763,-0.1580000221729279,1.075320541858673,-0.05522330850362779,-0.053662646256517926,0.5122072841163277,0.016761689775515554,0.8570198738948782,0.10946423183960567,-0.008441397908265903,0.14136907053797004,-0.15800002217292788,1.0108934044837952,-0.05675728991627694,-0.055325836679195134,0.4844531037621623,0.013447146543161042,0.8729624369357489
2.4333334,73,0,0.10163827670620484,-0.007822891707532201,0.12669379668507658,-0.15800002217292788,1.0661165714263916,-0.05522330850362778,-0.05395678608194811,0.5082681512871505,0.016384830777728912,0.8593507368608201,0.11176606902675477,-0.008572569357825122,0.14501112942648842,-0.15646603703498846,1.0047574043273926,-0.05675728991627697,-0.05484799437836372,0.48178920959505406,0.012823779175709092,0.8744749314406313
2.4666667,74,0,0.10455845733499596,-0.008162660070387684,0.13179410142249937,-0.1580000221729279,1.0569126605987553,-0.05675728991627697,-0.053862957951756885,0.5043597405871296,0.015346734769888572,0.8616754096337398,0.11413069061048718,-0.009286366650793099,0.14892600635018885,-0.15646603703498838,0.9970874786376949,-0.06135923042893404,-0.05398590614266681,0.47856577272996753,0.01049249896648596,0.8763276958848001
2.5,75,0,0.10684874245985157,-0.008292790210537224,0.13597639868884498,-0.15800002217292786,1.0477088689804077,-0.05675728991627693,-0.05415783808311071,0.5003994650928907,0.014967437447785913,0.8639694900429985,0.11729967645078376,-0.010472022190307968,0.15355904933868886,-0.1564660370349884,0.9894176721572876,-0.06902913749217988,-0.052408942776513895,0.4754149030514232,0.006805548389484978,0.8781729084780356
2.5333333,76,0,0.10929661481278312,-0.008617543555403387,0.13923718900939935,-0.15800002217292786,1.044640839099884,-0.058291271328926086,-0.05387307674878673,0.4991184383020174,0.014177685790686227,0.8647412730835711,0.11973556852280237,-0.01104464762819925,0.15616058069884453,-0.15646603703498843,0.9878836274147034,-0.07209710031747821,-0.05173228593668847,0.4748230642054135,0.005392629831576021,0.8785429686895492
2.5666666,77,0,0.11256936859203115,-0.009190059677017144,0.14373125254253089,-0.15800002217292786,1.0385048985481262,-0.061359230428934056,-0.053309166601617906,0.4965524923731165,0.012594574206315523,0.8662765908039122,0.12227703282259542,-0.011640440932399757,0.1581625428746521,-0.15646603703498843,0.9894176125526428,-0.07516505569219592,-0.050950147027980904,0.4755734278136581,0.004111319443378065,0.8781896687662802
2.6,78,0,0.11510073862019884,-0.00954029861454094,0.1470275239313596,-0.15800002217292788,1.0339029431343083,-0.06289321184158325,-0.05308083899209812,0.4946042826922925,0.011736749453478364,0.8674164379273684,0.12549980927634927,-0.011883138339046976,0.16140018246402216,-0.15646603703498838,0.9848155975341797,-0.07516505569219586,-0.05111119009659736,0.4735578656139118,0.003912227547118342,0.8792697473686476
2.6333334,79,0,0.11776271715549083,-0.010304656341583732,0.14953910819413688,-0.15800002217292786,1.0339030027389526,-0.06749515235424038,-0.05194262770279616,0.49472513645780103,0.009740823260150284,0.8674411329573629,0.12776440633862493,-0.012053678195596763,0.1637671578560631,-0.1564660370349884,0.9817477464675903,-0.07516505569219588,-0.05121839630200081,0.4722128335836399,0.00377949492065855,0.8799871766664021
2.6666667,80,0,0.12103371607568253,-0.011138017483219197,0.15296712673526183,-0.15800002217292786,1.0308350324630737,-0.07209710031747818,-0.05091178587312259,0.4935164036964168,0.007612420123096227,0.8682117255610144,0.1298729449530613,-0.012212465769256475,0.16564780659368378,-0.15646603703498835,0.9802137613296509,-0.07516505569219586,-0.051271956308571086,0.4715398745607783,0.00371312267407214,0.8803451288645293
2.7,81,0,0.1233905573153164,-0.011516047402836462,0.15462881854111388,-0.15800002217292786,1.0323689579963684,-0.073631078004837,-0.050478935290786384,0.4942188562354347,0.007013006321746045,0.8678423917829657,0.132770378230571,-0.012430662579514869,0.16801173523174134,-0.15646603703498835,0.9786797165870667,-0.07516505569219586,-0.05132548823237274,0.4708666119768737,0.0036467456640470026,0.8807025770537921
2.7333333,82,0,0.1255596500547062,-0.011887259355388046,0.15632594321298177,-0.15800002217292783,1.0323690176010127,-0.07516505569219584,-0.050099858000352576,0.4942574534209629,0.00634738148667756,0.8678475008401142,0.13504457693170266,-0.012827823121207303,0.1695606161234312,-0.15646603703498838,0.978679746389389,-0.07669904083013535,-0.050964320928882825,0.47090585282250746,0.0029712536204223256,0.8807051080933322
2.7666667,83,0,0.12814131041967142,-0.01208167627645347,0.15850990790473762,-0.15800002217292786,1.0308350324630733,-0.07516505569219585,-0.05015468311847193,0.49359392056580353,0.006280594274152325,0.8682223813501517,0.1374852661209342,-0.013015389587075134,0.1708272406915524,-0.15646603703498838,0.9802137315273285,-0.07669904083013535,-0.05091027473350183,0.4715790479920736,0.003037902181300002,0.8803477248063891
2.8,84,0,0.13033281693309387,-0.012465339873276568,0.15977524594094505,-0.15800002217292783,1.0323690176010127,-0.07669904083013529,-0.04972075150727792,0.49429573425570067,0.005681747100785941,0.8678521139664592,0.1406824156518493,-0.013261089875752027,0.17306962521618696,-0.1564660370349884,0.977145791053772,-0.07669904083013532,-0.05101833609395919,0.47023239371652176,0.002904604606524298,0.881061966353056
2.8333333,85,0,0.13279045588865462,-0.012654208925226108,0.1614104117291021,-0.15800002217292786,1.0323690176010132,-0.07669904083013532,-0.049720751507277915,0.4942957342557007,0.005681747100785945,0.8678521139664591,0.14292613705435092,-0.013433519407425312,0.17434823275388672,-0.15646603703498843,0.977145791053772,-0.07669904083013537,-0.0510183360939592,0.47023239371652176,0.0029046046065242938,0.881061966353056
2.8666666,86,0,0.1363344519770114,-0.012926564301025439,0.16333204487423503,-0.15800002217292788,1.0323689877986912,-0.07669904083013537,-0.049720752582593744,0.4942957213682031,0.005681745797687983,0.8678521212536147,0.1452936037985696,-0.013857228764759873,0.1765779010303905,-0.15646603703498835,0.9710098505020142,-0.07823301851749412,-0.05087549077294519,0.46757490111957145,0.0019611303985563305,0.8824860056959514
2.9,87,0,0.13915101750871278,-0.012910783537474785,0.16380468474583246,-0.15800002217292786,1.0385049283504486,-0.07516505569219589,-0.04988026419214701,0.49690866046934307,0.0066144913064835505,0.8663428829853923,0.14910212536863282,-0.014155790257721462,0.17925097272777468,-0.15646603703498843,0.961805909872055,-0.0782330185174942,-0.05120134229495741,0.46352191685084343,0.0015595321933243745,0.8846035400140858
2.9333334,88,0,0.14239013229906797,-0.01339194209736466,0.16414000107443508,-0.15800002217292788,1.0431070029735565,-0.07669904083013535,-0.04933259291863759,0.49893204330294877,0.006151178274712944,0.8652140049995153,0.1520273381489025,-0.014637333777438755,0.18076513097701252,-0.15646603703498835,0.9572039544582367,-0.07976700365543364,-0.05100988551827583,0.46153100468340547,0.0006794294714586736,0.8856560628544989
2.9666667,89,0,0.14478241281005366,-0.01381638023194592,0.16597980299901602,-0.15953400731086737,1.0369710624217992,-0.07823301851749424,-0.04983867163600945,0.496318211964451,0.005598859237605027,0.86669082841415,0.1552956912533296,-0.015155932738758513,0.18240485431441988,-0.1564660370349884,0.9510680437088017,-0.0813009813427925,-0.05087630712005911,0.45885964596269746,-0.00026975679838642973,0.8870509308444939
3.0,90,0,0.14705425309741346,-0.014484029939550891,0.16802778871300883,-0.1580000221729279,1.0293011665344243,-0.08130098134279254,-0.048696949179004384,0.4930818696732967,0.0035489610411363485,0.8686116979500518,0.15979133024418593,-0.016051391978167344,0.1852048612757174,-0.15493206679821012,0.9387963116168976,-0.08436894416809076,-0.04993762143391882,0.453502443025921,-0.0025223269576292104,0.8898513392706461
3.0333333,91,0,0.14998077432050427,-0.014722484601716605,0.1718471335543726,-0.1580000221729279,1.0124273300170898,-0.08130098134279251,-0.049320202445617904,0.48576263948196835,0.002801501463689138,0.8726937190697454,0.16264348505765866,-0.016561497144772893,0.18641596700235746,-0.15493206679821017,0.9357283413410187,-0.08590292185544968,-0.04970193368506672,0.4521796743341338,-0.003340309149383167,0.890534728262648
3.0666666,92,0,0.1550571666842205,-0.015393535196171903,0.17614976030268442,-0.15646603703498835,0.9909515380859375,-0.08283495903015131,-0.04906966365345329,0.4764363708465167,0.0008112223560845523,0.8778381938386062,0.1655801419640437,-0.017087519036853023,0.18663228470812548,-0.1564660370349884,0.9372622668743134,-0.0874369069933891,-0.04998126382691794,0.4529010948294663,-0.0036079767451327733,0.8901513658206347
3.1,93,0,0.1588556225788961,-0.015708901774395684,0.17756776704314803,-0.1564660370349884,0.9848156273365021,-0.08283495903015137,-0.0492947460868902,0.47375040486490705,0.0005402513749903724,0.8792782779228754,0.16880311505601153,-0.017648618936395688,0.18705589272100948,-0.15646603703498846,0.9403302520513535,-0.08897088468074804,-0.04951904877462181,0.4542994281289071,-0.004153133996832972,0.8894619974390187
3.1333334,94,0,0.1622470560481461,-0.015990475339583102,0.17766956046021998,-0.15646603703498832,0.987883597612381,-0.08283495903015128,-0.0491822621886287,0.4750939533473424,0.000675738318630038,0.8785592660467062,0.1715325121791028,-0.018174973431760093,0.18762303502925787,-0.15646603703498838,0.940330252051353,-0.09050486981868741,-0.0491705899578505,0.4543372752405334,-0.004835343450763676,0.8894585503911455
3.1666667,95,0,0.16598103682365709,-0.016848527904054857,0.17685477176764863,-0.1564660370349884,0.9955534636974335,-0.08590292185544969,-0.04816656145792765,0.478522350169207,-0.00033047763441285024,0.876753234114589,0.17467813130749724,-0.018460447158387072,0.1869372585598224,-0.1564660370349884,0.9464661926031113,-0.09050486981868743,-0.04893849729464539,0.45705413745323664,-0.004559102655955827,0.8880798125745186
3.2,96,0,0.16844627793230998,-0.01706082176966475,0.17578419670026776,-0.1564660370349884,1.0032233744859695,-0.08590292185544968,-0.04787899355148434,0.4818688433187438,1.1007113622531863e-05,0.8749342945010192,0.17870361824479547,-0.01882577134754449,0.18556238380927104,-0.1564660370349883,0.9587380364537235,-0.09050486981868737,-0.04847293368202887,0.46247491394162,-0.004006496607833317,0.8852972815161472
3.2333333,97,0,0.17066664495207695,-0.017814857710174926,0.1751108605976554,-0.15646603703498838,1.0108932852745056,-0.08897088468074793,-0.04684636535794177,0.48528068207047786,-0.0009868311766142667,0.8731020008144472,0.18176715369465202,-0.019103795750953688,0.18488992664095083,-0.15646603703498835,0.964873917400837,-0.09050486981868738,-0.04823946797153981,0.46517876740583647,-0.003730137563128832,0.8838935196947479
3.2666667,98,0,0.1745492513221507,-0.018448750939549775,0.17613748619113861,-0.1564660370349884,1.0093592703342438,-0.09050486981868744,-0.04653339205719756,0.4846492784642183,-0.001725636880333151,0.8734682263741028,0.18502122150555297,-0.019399111498588063,0.18415691843909143,-0.15646603703498835,0.9710098654031754,-0.09050486981868741,-0.048005545660215976,0.46787827196743015,-0.0034537403887098606,0.8824814229681913
3.3,99,0,0.17761637289659898,-0.01901946744473498,0.17624266714918713,-0.15646603703498838,1.010893389582634,-0.09203884750604627,-0.04610189492228464,0.4853520178934797,-0.002326147010172226,0.8730994348018953,0.1890651690906263,-0.019766111043121065,0.18374506587963618,-0.15646603703498838,0.9756118170917034,-0.09050486981868741,-0.0478298076354069,0.4699000076386586,-0.0032464214516955813,0.8814169008309896
3.3333333,100,0,0.18230947481635412,-0.019452638981591996,0.17424028791841123,-0.1564660370349884,1.024699218571186,-0.09203884750604631,-0.045562861129437804,0.49134330374237356,-0.0017012795064356035,0.8697717454604226,0.19248880180432795,-0.0200768152795495,0.18289333296799204,-0.1564660370349884,0.9802137464284897,-0.09050486981868747,-0.04765381723168458,0.47191924562871557,-0.0030390863336178554,0.8803477172474123
3.3666666,101,0,0.18580859811232725,-0.019775606741867683,0.1731433693680981,-0.15646603703498838,1.0323691293597221,-0.0920388475060463,-0.04526245791792761,0.49466170009049626,-0.0013540936961872366,0.867905109327667,0.19568632631717728,-0.020366999564870182,0.1824862378013862,-0.15646603703498838,0.9832816974958405,-0.09050486981868741,-0.04753635014144731,0.4732640160677564,-0.002900853996953596,0.8796323388534192
3.4,102,0,0.18887392267764833,-0.020058535042942163,0.17156523674296315,-0.15646603703498846,1.0415730029344559,-0.09203884750604635,-0.04490109653226975,0.49863416017322487,-0.0009374457630837894,0.8656483044712695,0.19980565917120813,-0.020741222695519698,0.18201526244262733,-0.15493206679821017,0.9863496702164412,-0.09050486981868747,-0.04674464184522224,0.4746054238765954,-0.0031266300398225862,0.8789509965124751
3.4333334,103,0,0.19288071758526948,-0.020112382731915034,0.16994480547166,-0.15646603703498838,1.0507769025862217,-0.09050486981868744,-0.04492425565444949,0.5025617629210392,0.00014142087398399283,0.8633733061102405,0.2025016339506852,-0.02164770723605983,0.18205922024861732,-0.15493206679821012,0.9863496758043766,-0.09357282519340512,-0.04601655278610319,0.4746765731382909,-0.0044749167974392195,0.8789451649011036
3.4666667,104,0,0.19601290741660374,-0.02071746064137311,0.16943691320992313,-0.15646603703498838,1.053844854235649,-0.0920388475060463,-0.04441780270645481,0.5039143410265079,-0.0003818849288001766,0.8626107174586065,0.20500594757639476,-0.022887836569394516,0.1819370789129433,-0.15493206679821014,0.9878836646676064,-0.09817477315664291,-0.044863082781829586,0.47545243830937267,-0.006427347127294925,0.878573259277727
3.5,105,0,0.1990318093474616,-0.020996104150798223,0.16981097896417263,-0.1564660370349884,1.052310883998664,-0.0920388475060463,-0.044478305822011004,0.5032553566889131,-0.00045133074238794333,0.8629921914917189,0.2083007903901421,-0.025256089341748812,0.1822617579787695,-0.15493206679821014,0.9848156869411469,-0.10737865418195724,-0.04280302457402909,0.4743116798131834,-0.010613677758187983,0.8792517735691845
3.5333333,106,0,0.2016495724883796,-0.0215673616480275,0.17011946363594505,-0.15646603703498843,1.0507769044488668,-0.09357282519340518,-0.04415328449657258,0.5026300852146751,-0.0011829740757555757,0.8633725067881125,0.21042384319538848,-0.02617369267898651,0.18213874724563156,-0.15493206679821014,0.9848156794905663,-0.11044661700725555,-0.04207538951560347,0.4743767775201221,-0.011962420969979683,0.8792344596472955
3.5666666,107,0,0.20525897710745364,-0.022912375363960527,0.1709838781734453,-0.15646603703498843,1.046174954622984,-0.09817477315664294,-0.043183977498740166,0.5007512851532242,-0.0033813993428591376,0.8645067152100478,0.2120846610127851,-0.02670538861536876,0.1823488828838568,-0.15339808166027066,0.9832817167043686,-0.11198059469461438,-0.0411026023656832,0.47372767397279764,-0.013072578165919068,0.879614560299673
3.6,108,0,0.20783326279111017,-0.024185114476126195,0.17049838233677397,-0.15646603703498843,1.0477089434862137,-0.10277671366930011,-0.04196770786630093,0.5015091649435106,-0.005299111311867588,0.8641175778754973,0.21341972197040132,-0.026855517582323532,0.18257105970643692,-0.15339808166027066,0.9817477315664291,-0.11198059469461438,-0.04116801729023303,0.47305598199880144,-0.013144504927462945,0.8799718485484366
3.6333334,109,0,0.21024728244103447,-0.0254659080747011,0.16929798356249087,-0.15493206679821012,1.0523108914494514,-0.10737865418195722,-0.039955223218004265,0.5035761273668902,-0.0074565564599002624,0.8629942432308141,0.21396856988010182,-0.02691723608980335,0.1825203643845504,-0.15339808166027064,0.9817477464675903,-0.11198059469461435,-0.04116801665490875,0.47305598852498254,-0.01314450422880249,0.8799718450802456
3.6666667,110,0,0.21141665927892403,-0.02593743454591819,0.16884809309952226,-0.1564660370349884,1.053844854235649,-0.1089126393198967,-0.04016479945537617,0.5042711504480092,-0.007659541829142287,0.8625767949171358,0.2140216252682662,-0.02692320222233914,0.18285101662554556,-0.15339808166027066,0.9802137613296509,-0.11198059469461438,-0.04123340736147276,0.4723840182654631,-0.013216423257804264,0.8803286156663362
3.7,111,0,0.21202897689251898,-0.02669874762181034,0.16943851027570542,-0.1549320667982101,1.0507768914103508,-0.11198059469461435,-0.038863161842807276,0.5030080165886014,-0.009514995875030853,0.8633551150903546,0.21382543102416846,-0.027251480836984275,0.182746433991903,-0.15186409652233124,0.9817477464675903,-0.11351457983255386,-0.04013023828231775,0.4730766863865285,-0.014182282601393517,0.8799925429417916
3.7333333,112,0,0.21231911191636355,-0.02673099060428854,0.1707409272475668,-0.1564660370349884,1.0446409732103348,-0.11198059469461441,-0.03979328933490984,0.5003776167989955,-0.009422103496203097,0.8648410019744511,0.21382543102416846,-0.027251480836984275,0.182746433991903,-0.15186409652233124,0.9817477464675903,-0.11351457983255386,-0.04013023828231775,0.4730766863865285,-0.014182282601393517,0.8799925429417916
3.7666667,113,0,0.21241438654772113,-0.02674208733080251,0.17206238185100742,-0.15493206679821003,1.0385050550103183,-0.11198059469461431,-0.03939638488599458,0.49772775976157413,-0.010096677574180002,0.8663792813327212,0.21372811843313405,-0.027590697219535512,0.18241467559842517,-0.15033011138439178,0.9832817316055298,-0.11504855751991272,-0.03902653391547061,0.4737674933628717,-0.015148643769790499,0.8796543698948708
3.8,114,0,0.21230046202398695,-0.02672927640186218,0.17240782698601625,-0.1549320667982101,1.0369710698723793,-0.11198059469461435,-0.03946293412891153,0.4970664035681838,-0.010169361772158127,0.8667550123044432,0.21327216794703696,-0.030687030549026703,0.18208435099245174,-0.15033011138439178,0.984815701842308,-0.12885437905788422,-0.03568470268606604,0.4746965453604949,-0.021146489489330504,0.8791715519733884
3.8333333,115,0,0.21230046202398695,-0.02672927640186218,0.17240782698601625,-0.1549320667982101,1.0369710698723793,-0.11198059469461435,-0.03946293412891153,0.4970664035681838,-0.010169361772158127,0.8667550123044432,0.21271898227299185,-0.03411964532707412,0.18175276744962549,-0.14879614114761353,0.9863496869802475,-0.14419420063495636,-0.031293189793332114,0.47560491831732377,-0.028177082793040393,0.8786505277698321
3.8666666,116,0,0.21233129033857245,-0.027428154424161785,0.17206238185100742,-0.15493206679821017,1.0385050550103188,-0.11504855751991275,-0.03863283370160732,0.49778760745878836,-0.011425674887595058,0.8663627738851677,0.212057037100814,-0.03788497903297895,0.18142261014632596,-0.1487961411476135,0.987883672118187,-0.16106797754764554,-0.0271983883782089,0.47652123494634346,-0.03550987376829124,0.8780243784655413
3.9,117,0,0.2121587854203088,-0.028799507662443206,0.17206238185100747,-0.15493206679821003,1.0385050550103183,-0.12118448317050923,-0.03710546040916721,0.4979037886853085,-0.014083585730011089,0.866323643122837,0.21077228480623864,-0.04224154242839148,0.18123593748137806,-0.14879614114761347,0.9909516423940659,-0.18100973963737482,-0.022270182387168873,0.47810466834583304,-0.044097058346925025,0.8769124326450796
3.9333334,118,0,0.21173566373263392,-0.03188118762594729,0.17205991986940275,-0.15186409652233118,1.0385050550103188,-0.13499030470848078,-0.03233883234957637,0.4981166967999312,-0.020827485316608618,0.8662564124707983,0.21005652464211647,-0.04492755207640692,0.18125283806688008,-0.14879614114761344,0.9909516274929047,-0.19328157603740684,-0.01933617132284733,0.4782323088545088,-0.0494768582515358,0.8766253542670419
3.9666667,119,0,0.2108264320339322,-0.03768466542246912,0.1720586884435595,-0.15033011138439173,1.0385050550103188,-0.1610679775476455,-0.025177250304343268,0.49847122076457784,-0.032502703750066614,0.8659307838306243,0.20911930441987775,-0.04720981789238882,0.18050925002181128,-0.14879614114761353,0.9955535680055618,-0.2040194422006607,-0.016481803907412006,0.4803278495845444,-0.05392174541763312,0.875274786809583
4.0,120,0,0.20996597881163448,-0.04244486295578789,0.1720586884435595,-0.15033011138439176,1.0385050550103188,-0.1825437098741531,-0.01982338443125311,0.4987128284825917,-0.0417989001387924,0.8655318596584248,0.20789783547050938,-0.050479460671943345,0.179883348649761,-0.14879614114761353,0.9986215233802795,-0.2193592488765717,-0.012596033355037494,0.4817696280562891,-0.06045376400228016,0.8741193899257587
4.0333333,121,0,0.20914722932076343,-0.04650953644851717,0.1720586884435595,-0.15033011138439176,1.0385050550103188,-0.20095148682594297,-0.015232512352832482,0.4988741549036559,-0.049763275962942784,0.8651104926551404,0.2070665769030038,-0.053473122178519496,0.17922541637648143,-0.14879614114761355,1.0016894936561584,-0.23316508531570437,-0.009059694257920178,0.4831720443098166,-0.06630155177984945,0.8729643760022567
4.0666666,122,0,0.20848202268348115,-0.049547683962621464,0.17205745674351858,-0.14879614114761347,1.0385050550103183,-0.21475730836391443,-0.011125242009307547,0.4989245232966272,-0.05611650761612299,0.8647551599247252,0.20601388269665777,-0.05640793027292204,0.1785836156729985,-0.1487961411476135,1.0047574490308762,-0.24697090685367581,-0.005504595222383713,0.4845473884217977,-0.072136107415292,0.8717682661189398
4.1,123,0,0.20809553697914074,-0.05123153507329347,0.17205745674351863,-0.14879614114761347,1.0385050550103188,-0.2224272191524505,-0.00921181159855021,0.49896351919113807,-0.05943238430372363,0.864533597229999,0.20469454125254316,-0.06104452517432888,0.17825496729905083,-0.14879614114761358,1.0062914341688156,-0.2684466242790223,-0.00018446381522920462,0.485239078083732,-0.08139386746231042,0.8705848846683926
4.133333,124,0,0.20777917659290202,-0.052576567727082454,0.1720586884435595,-0.1503301113843918,1.0385050550103188,-0.2285631448030472,-0.008343908228883978,0.49903690350402347,-0.0617017216875932,0.8643410470857962,0.20373275938182078,-0.06434976393980585,0.17825496729905083,-0.14879614114761347,1.0062914341688156,-0.28378644585609425,0.0035372455605068636,0.4852262202522592,-0.08806871630508117,0.8699350000327185
4.1666665,125,0,0.2067251367261237,-0.05623075698515077,0.17140701418965862,-0.15033011138439176,1.041573017835617,-0.24543692171573636,-0.003914040398323599,0.5003999934598705,-0.0687995324583275,0.8630475949602301,0.20282389763552913,-0.06731155399828173,0.17825496729905083,-0.14879614114761353,1.0062914341688156,-0.29759228229522705,0.006886611601339462,0.48519024259263666,-0.0940716605348932,0.8693063474735236
4.2,126,0,0.2057453249315132,-0.059900644568839354,0.17140701418965865,-0.15033011138439178,1.041573017835617,-0.2623107135295868,0.000307871475003424,0.5004152059860223,-0.07607844019383604,0.8624364311477077,0.20127154811536835,-0.07187406683846821,0.1779264146739154,-0.1487961411476135,1.0078254044055939,-0.3190680146217346,0.012229605523122898,0.4857453804971656,-0.10329262489352098,0.8678896794622107
4.233333,127,0,0.2045077353996251,-0.06421571363086113,0.17140701418965862,-0.15033011138439187,1.041573017835617,-0.282252460718155,0.005297350259162911,0.5003872612758142,-0.08467376058151392,0.8616350045710226,0.19993828236067268,-0.07541818151379284,0.17815578126294085,-0.14879614114761355,1.007825419306755,-0.33594179153442383,0.016327302593596747,0.485624920434217,-0.11061114914702863,0.8669873295081373
4.266667,128,0,0.20251533625282733,-0.07010434136482724,0.17075455345476798,-0.14879614114761341,1.0446409806609154,-0.3098641335964202,0.013125589709572736,0.5014939351179319,-0.09672928649990864,0.8596365494020866,0.19851430171110365,-0.07929268842050757,0.17815578126294085,-0.14879614114761347,1.007825419306755,-0.35434955358505243,0.020796181929963263,0.48545407916079797,-0.11858599973651252,0.8659325704174484
4.3,129,0,0.20145705036616585,-0.07302563585963368,0.17042788465737968,-0.14726215600967407,1.0461749583482742,-0.3236699402332305,0.017380407942002712,0.5019620704977855,-0.10293567640822136,0.8585663909819251,0.19659198775299028,-0.08445163157315302,0.17792511909657138,-0.14726215600967416,1.0078254044055939,-0.37889325618743896,0.02741487502327567,0.4850630770018602,-0.1295754784441078,0.8643913646855376
4.3333335,130,0,0.20031397036568838,-0.07628016175475333,0.1704291005736147,-0.14879614114761347,1.0461749583482742,-0.33900976181030273,0.020571967961434644,0.5018978527639245,-0.10913279197225856,0.8577676685685324,0.19505816973661774,-0.08828645845164046,0.17825366857414376,-0.14726215600967427,1.0062914341688156,-0.39730101823806774,0.0317192075275081,0.4841387902671684,-0.13764691846794747,0.8635142439292752
4.366667,131,0,0.1986292329705561,-0.08080611263279477,0.17043031619847376,-0.15033011138439165,1.0461749583482742,-0.3604854941368102,0.025303024482212423,0.5017386384876956,-0.11795212651863189,0.8565660461694118,0.19354092763193503,-0.09213198410305255,0.17835309098357338,-0.14726215600967416,1.0047574490308766,-0.4157087802886963,0.036008839137592424,0.4831761258636348,-0.1457130946249317,0.8625612377994953
4.4,132,0,0.19723591520082065,-0.08433589647361953,0.17043031619847376,-0.15033011138439173,1.0461749583482742,-0.37735927104949946,0.02953518664690409,0.5015073051802601,-0.1251745950159032,0.8555404235704884,0.19151525419225077,-0.09650843604299829,0.17835309098357335,-0.14726215600967404,1.0047574490308762,-0.43718451261520375,0.04119494408648888,0.48276161993507627,-0.15496658335814412,0.8609468932179705
4.4333334,133,0,0.19571656466587112,-0.08781393157685041,0.17010496890555027,-0.1503301113843919,1.0477089434862137,-0.39423304796218883,0.033923208661194686,0.5018842166414648,-0.1322643593121129,0.8540887472950739,0.19015125486263118,-0.09967551380623899,0.17845275267996435,-0.1472621560096741,1.0032234638929367,-0.452524334192276,0.044719549871603245,0.4817841008602906,-0.16169611670772271,0.8600805821893464
4.4666667,134,0,0.1934223977940229,-0.09321013814161055,0.17043031619847382,-0.15033011138439187,1.0461749583482742,-0.42031073570251465,0.040297784770123704,0.5007574192581221,-0.14351767526392423,0.8526551310391586,0.1887560013886156,-0.1024464392808132,0.17845275267996435,-0.14726215600967407,1.0032234638929367,-0.4663301706314087,0.04804417426220257,0.4814639293882156,-0.1676292830611334,0.858943924524723
4.5,135,0,0.19145566856803858,-0.09724152008314085,0.17010375650434872,-0.14879614114761355,1.0477089434862137,-0.4402524828910829,0.046113976316378015,0.5008542303563182,-0.15226414652066736,0.8507844443845958,0.18664753139849127,-0.10679076428954427,0.17855265342880178,-0.14726215600967407,1.0016894787549973,-0.48780590295791615,0.05302289246938609,0.48027586801062605,-0.17697944409547206,0.8574391755970083
4.5333333,136,0,0.18954102891099936,-0.10129629481421043,0.17042910057361477,-0.1487961411476133,1.0461749583482742,-0.46019423007965055,0.05092672232570968,0.49973105709771953,-0.16087477931832958,0.8495849839212287,0.1849861644558013,-0.1098137879814623,0.17855265342880178,-0.14726215600967402,1.0016894787549973,-0.503145694732666,0.0567049626684311,0.47985506533530753,-0.1835506432367578,0.8560565547019613
4.5666666,137,0,0.18828284783722476,-0.1037526831855066,0.17042910057361477,-0.14879614114761336,1.0461749583482742,-0.47246608138084395,0.05399205701455601,0.4994091691731151,-0.16608470847771878,0.84858188122009,0.18327862224141386,-0.11281097198419643,0.17855265342880178,-0.14726215600967418,1.0016894787549973,-0.5184854865074159,0.06038369708381287,0.47940603421908523,-0.19011104464168568,0.854623574555527
4.6,138,0,0.18715728368554596,-0.10588921765103604,0.17042910057361477,-0.14879614114761336,1.0461749583482742,-0.48320394754409773,0.05667256037203655,0.4991120929968759,-0.17063827219743033,0.8476779574736102,0.18112403691674478,-0.11674731869560884,0.17865279299500816,-0.14726215600967407,1.0001554936170578,-0.5384272336959839,0.06495611828456112,0.47814040292864574,-0.1987681375498118,0.8530261926105279
4.633333,139,0,0.18550968251860028,-0.10892017246316127,0.1704291005736147,-0.14879614114761344,1.0461749583482742,-0.49854376912117004,0.06049900112028005,0.4986627430822285,-0.17713480367363382,0.8463442567021171,0.17967687816973485,-0.11909925984076623,0.1786527929950082,-0.14726215600967407,1.0001554936170578,-0.5506991147994995,0.06788871817511574,0.4777328376403545,-0.20399848093769843,0.8517905127199679
4.6666665,140,0,0.18330065527918052,-0.1128227051686598,0.17043031619847382,-0.15033011138439187,1.0461749583482742,-0.5184854865074158,0.06482024140166869,0.4981769170727035,-0.18518259793687272,0.8445859938584801,0.17820097361207043,-0.12143325368159134,0.17865279299500816,-0.1472621560096741,1.0001554936170578,-0.5629709362983704,0.07081874785443984,0.47730728798929406,-0.20922111850696437,0.8505227694514294
4.7,141,0,0.18154515572489024,-0.11579293831335526,0.1704291005736147,-0.14879614114761336,1.0461749583482742,-0.5338253378868103,0.06928593348305932,0.497517959370539,-0.19203664464087106,0.8430879352951455,0.17661251880089304,-0.1241056861519286,0.17830882436885126,-0.14879614114761355,1.0016894787549973,-0.5767768025398256,0.07367769393589134,0.477607468191165,-0.21456908544741876,0.8487772448143108
4.733333,142,0,0.1797463030290178,-0.11873663656796418,0.17042910057361477,-0.1487961411476133,1.0461749583482742,-0.5491651296615598,0.07309976907804096,0.49697191493642917,-0.1984973294573175,0.8415902504921674,0.17565512848768997,-0.12554290203136542,0.1783088243688513,-0.14879614114761353,1.0016894787549973,-0.5844466686248778,0.07550874032993928,0.47732140784744975,-0.2178225035700287,0.847948147402186
4.766667,143,0,0.17808889837018402,-0.1213620953930441,0.17042910057361477,-0.14879614114761336,1.0461749583482742,-0.5629709362983701,0.07652854931675944,0.4964554779779517,-0.20430197026630684,0.8402000026603551,0.1750754085549396,-0.12640169869227127,0.1783088243688513,-0.1487961411476136,1.0016894787549973,-0.5890486240386964,0.07660684538889935,0.47714640048442886,-0.21977303500193054,0.8474446983906115
4.8,144,0,0.17696388865753934,-0.12309958875086693,0.1704291005736147,-0.14879614114761344,1.0461749583482742,-0.572174847126007,0.07881239686812663,0.496098041292994,-0.20816635622048552,0.8392509205613311,0.1744917426308377,-0.12725781842353168,0.1783088243688513,-0.14879614114761347,1.0016894787549968,-0.5936505794525146,0.07770454485321741,0.4769688668716648,-0.22172240284636183,0.8469367625864106
4.8333335,145,0,0.17620502595133128,-0.12425212223463594,0.1704291005736147,-0.14879614114761336,1.0461749583482742,-0.5783107280731199,0.08033402283924247,0.49585391523039163,-0.21074014439104186,0.838608329953381,0.1742963125698778,-0.12754259365866014,0.1783088243688513,-0.1487961411476134,1.0016894787549973,-0.595184564590454,0.07807035353794899,0.47690912777398714,-0.2223719317688042,0.8467664540507759
4.866667,146,0,0.17524651699821422,-0.1256862195380225,0.17042910057361477,-0.1487961411476134,1.0461749583482742,-0.5859806537628172,0.08223500878644957,0.4955421917503461,-0.2139546186253691,0.8377939846370519,0.173707412219316,-0.12839510493235684,0.1783088243688513,-0.1487961411476136,1.0016894787549973,-0.5997864603996277,0.07916748896165421,0.47672822965206496,-0.22431970688929137,0.8462525467290581
4.9,147,0,0.17460615944224211,-0.12650292208117284,0.17010375650434872,-0.14879614114761325,1.0477089434862137,-0.5905826091766353,0.08359507109213529,0.49597713956051254,-0.21572328589008735,0.8369480300754978,0.17351023850124608,-0.1286786756786826,0.1783088243688513,-0.1487961411476137,1.0016894787549973,-0.6013204455375674,0.07953311264913601,0.47666736855801806,-0.22496871025933918,0.8460802462819728
4.9333334,148,0,0.17447180790207467,-0.12682817787782832,0.17042910057361477,-0.14879614114761325,1.0461749583482742,-0.5921165943145748,0.08375492810040927,0.4952875654543928,-0.21652393471848388,0.8371336364160632,0.1731343807193932,-0.12883924831664195,0.17787974264033493,-0.14879614114761364,1.004757434129715,-0.6028544306755066,0.08034924784800976,0.4778707611333472,-0.2253037407776402,0.8452347356892618
4.9666667,149,0,0.17427703692652247,-0.12711292303888688,0.17042910057361477,-0.1487961411476133,1.0461749583482742,-0.5936505794525144,0.08413478530979704,0.4952231803699404,-0.21716594624580926,0.8369673179499412,0.17288621578314,-0.12908719509885,0.1775506550044464,-0.14879614114761344,1.0062914192676544,-0.604388415813446,0.08094144146651748,0.4784406690015765,-0.22579458482170364,0.8447246976168274
5.0,150,0,0.17408182938545508,-0.12739736908926247,0.17042910057361477,-0.14879614114761333,1.0461749583482742,-0.595184564590454,0.08451459302457762,0.49515850395679795,-0.2178078300192791,0.8368005071147177,0.17248280529705814,-0.12922734567186808,0.17623525717282396,-0.14879614114761353,1.0124273449182506,-0.6059224009513855,0.08221260977501474,0.4809016323964942,-0.2258105390632404,0.8431988538893641
5.0333333,151,0,0.17408182938545508,-0.12739736908926247,0.17042910057361477,-0.14879614114761333,1.0461749583482742,-0.595184564590454,0.08451459302457762,0.49515850395679795,-0.2178078300192791,0.8368005071147177,0.17245372349923987,-0.12920719586486495,0.17534747230508388,-0.1487961411476136,1.0154953002929688,-0.6059224009513855,0.0826644348855927,0.4821615262089431,-0.22549380400643984,0.8425196722947266
5.0666666,152,0,0.17408182938545508,-0.12739736908926247,0.17042910057361477,-0.14879614114761333,1.0461749583482742,-0.595184564590454,0.08451459302457762,0.49515850395679795,-0.2178078300192791,0.8368005071147177,0.17240027392773888,-0.12917016244083535,0.1750189202099316,-0.14879614114761328,1.0170292779803276,-0.6059224009513853,0.08289027456358262,0.482791047837331,-0.2253352374539501,0.8421793379515303
5.1,153,0,0.1738264511939129,-0.1276409358754571,0.17010375650434872,-0.14879614114761336,1.0477089434862137,-0.5967185497283933,0.08511631841020637,0.4957183385934191,-0.21828999830009205,0.8362822596256713,0.17229213202734123,-0.12909523452765814,0.1743621156010355,-0.14879614114761353,1.020097240805626,-0.6059224009513856,0.0833418085970061,0.48404924174094,-0.22501770599542095,0.8414971815153983
5.133333,154,0,0.17350985323185086,-0.12784250518493867,0.16945340418534782,-0.1487961411476135,1.050776906311512,-0.5982525348663329,0.08594124660585406,0.496901294882669,-0.21861125783130117,0.8354114694120347,0.1722374402155358,-0.12905734039678568,0.174033866227868,-0.1487961411476135,1.0216312184929848,-0.6059224009513856,0.08356750159025961,0.4846779102204634,-0.22485874204730502,0.8411553614803807
5.1666665,155,0,0.17300519766210212,-0.12791491420824003,0.16782950959935716,-0.1487961411476134,1.0584468096494675,-0.5997864603996275,0.08743568038203192,0.49995022277944334,-0.21844807373259317,0.8334777835200142,0.1722374402155358,-0.12905734039678568,0.174033866227868,-0.1487961411476135,1.0216312184929848,-0.6059224009513856,0.08356750159025961,0.4846779102204634,-0.22485874204730502,0.8411553614803807
5.2,156,0,0.17294229707581166,-0.12787190131742496,0.1675050777847626,-0.14879614114761322,1.0599807873368263,-0.5997864603996274,0.08765819702481076,0.5005723382674516,-0.21828691829892538,0.8331231577356217,0.1722374402155358,-0.12905734039678568,0.174033866227868,-0.1487961411476135,1.0216312184929848,-0.6059224009513856,0.08356750159025961,0.4846779102204634,-0.22485874204730502,0.8411553614803807
5.233333,157,0,0.1728152635470109,-0.12778503282181303,0.16685656516126052,-0.14879614114761333,1.0630487501621242,-0.5997864603996274,0.08810307655909065,0.5018156884778675,-0.21796422150602016,0.8324124343386405,0.1722374402155358,-0.12905734039678568,0.174033866227868,-0.1487961411476135,1.0216312184929848,-0.6059224009513856,0.08356750159025961,0.4846779102204634,-0.22485874204730502,0.8411553614803807
5.266667,158,0,0.17283832431851795,-0.12780080231627156,0.16618881168779426,-0.14879614114761328,1.0661166980862617,-0.5997864603996274,0.08854774661887484,0.503057851836162,-0.21764101339291014,0.8316997556594643,0.1722374402155358,-0.12905734039678568,0.174033866227868,-0.1487961411476135,1.0216312184929848,-0.6059224009513856,0.08356750159025961,0.4846779102204634,-0.22485874204730502,0.8411553614803807
5.3,159,0,0.17275308974184442,-0.1277420738767208,0.16653366420774138,-0.15033011138439176,1.064582727849483,-0.5997864603996276,0.08768723736204911,0.5026038230648291,-0.21741725545495294,0.8321238384248255,0.1722374402155358,-0.12905734039678568,0.174033866227868,-0.1487961411476135,1.0216312184929848,-0.6059224009513856,0.08356750159025961,0.4846779102204634,-0.22485874204730502,0.8411553614803807
5.3333335,160,0,0.1729468601184842,-0.12745878342691055,0.16653248745328025,-0.1487961411476136,1.0645827278494835,-0.598252534866333,0.08794006175854119,0.5025045139903922,-0.21716446089194885,0.8322231406796454,0.1722374402155358,-0.12905734039678568,0.174033866227868,-0.1487961411476135,1.0216312184929848,-0.6059224009513856,0.08356750159025961,0.4846779102204634,-0.22485874204730502,0.8411553614803807
5.366667,161,0,0.17275113121192387,-0.1277411776323864,0.16653248745328025,-0.14879614114761347,1.0645827278494835,-0.5997864603996275,0.08832543810848684,0.5024369194493575,-0.2178026811202889,0.8320563388701497,0.1722374402155358,-0.12905734039678568,0.174033866227868,-0.1487961411476135,1.0216312184929848,-0.6059224009513856,0.08356750159025961,0.4846779102204634,-0.22485874204730502,0.8411553614803807
5.4,162,0,0.17275113121192387,-0.1277411776323864,0.16653248745328025,-0.14879614114761347,1.0645827278494835,-0.5997864603996275,0.08832543810848684,0.5024369194493575,-0.2178026811202889,0.8320563388701497,0.1722374402155358,-0.12905734039678568,0.174033866227868,-0.1487961411476135,1.0216312184929848,-0.6059224009513856,0.08356750159025961,0.4846779102204634,-0.22485874204730502,0.8411553614803807
5.4333334,163,0,0.17275113121192387,-0.1277411776323864,0.16653248745328025,-0.14879614114761347,1.0645827278494835,-0.5997864603996275,0.08832543810848684,0.5024369194493575,-0.2178026811202889,0.8320563388701497,0.172366960360601,-0.12914708058212057,0.17413088617883926,-0.14879614114761353,1.0200972333550453,-0.6059224009513856,0.08334180750068856,0.48404923868678446,-0.2250177067671928,0.8414971831744277
5.4666667,164,0,0.1729468601184842,-0.12745878342691055,0.16653248745328025,-0.1487961411476136,1.0645827278494835,-0.598252534866333,0.08794006175854119,0.5025045139903922,-0.21716446089194885,0.8322231406796454,0.1722374402155358,-0.12905734039678568,0.174033866227868,-0.1487961411476135,1.0216312184929848,-0.6059224009513856,0.08356750159025961,0.4846779102204634,-0.22485874204730502,0.8411553614803807
5.5,165,0,0.17275113121192387,-0.1277411776323864,0.16653248745328025,-0.14879614114761347,1.0645827278494835,-0.5997864603996275,0.08832543810848684,0.5024369194493575,-0.2178026811202889,0.8320563388701497,0.17243519629694493,-0.12877572165782827,0.174033866227868,-0.14879614114761347,1.0216312184929848,-0.604388415813446,0.08319573269078143,0.48474186330433405,-0.22421351605927864,0.8413275790312725
5.5333333,166,0,0.17275113121192387,-0.1277411776323864,0.16653248745328025,-0.14879614114761347,1.0645827278494835,-0.5997864603996275,0.08832543810848684,0.5024369194493575,-0.2178026811202889,0.8320563388701497,0.17243519629694493,-0.12877572165782827,0.174033866227868,-0.14879614114761347,1.0216312184929848,-0.604388415813446,0.08319573269078143,0.48474186330433405,-0.22421351605927864,0.8413275790312725
5.5666666,167,0,0.17275113121192387,-0.1277411776323864,0.16653248745328025,-0.14879614114761347,1.0645827278494835,-0.5997864603996275,0.08832543810848684,0.5024369194493575,-0.2178026811202889,0.8320563388701497,0.17243519629694493,-0.12877572165782827,0.174033866227868,-0.14879614114761347,1.0216312184929848,-0.604388415813446,0.08319573269078143,0.48474186330433405,-0.22421351605927864,0.8413275790312725
5.6,168,0,0.17275113121192387,-0.1277411776323864,0.16653248745328025,-0.14879614114761347,1.0645827278494835,-0.5997864603996275,0.08832543810848684,0.5024369194493575,-0.2178026811202889,0.8320563388701497,0.17238003188885245,-0.12873762519296053,0.17370571771341398,-0.14879614114761347,1.0231652036309242,-0.604388415813446,0.08342089558543606,0.48537042259600244,-0.2240546816610393,0.8409851405788763
5.633333,169,0,0.17275113121192387,-0.1277411776323864,0.16653248745328025,-0.14879614114761347,1.0645827278494835,-0.5997864603996275,0.08832543810848684,0.5024369194493575,-0.2178026811202889,0.8320563388701497,0.17238003188885245,-0.12873762519296053,0.17370571771341398,-0.14879614114761347,1.0231652036309242,-0.604388415813446,0.08342089558543606,0.48537042259600244,-0.2240546816610393,0.8409851405788763
5.6666665,170,0,0.17275113121192387,-0.1277411776323864,0.16653248745328025,-0.14879614114761347,1.0645827278494835,-0.5997864603996275,0.08832543810848684,0.5024369194493575,-0.2178026811202889,0.8320563388701497,0.17251172304847373,-0.12882812648035172,0.17380376264720176,-0.15033011138439167,1.0216312184929848,-0.604388415813446,0.08255042255062431,0.4849136891390195,-0.22384166035170575,0.8413911414516387
5.7,171,0,0.17275113121192387,-0.1277411776323864,0.16653248745328025,-0.14879614114761347,1.0645827278494835,-0.5997864603996275,0.08832543810848684,0.5024369194493575,-0.2178026811202889,0.8320563388701497,0.17251172304847373,-0.12882812648035172,0.17380376264720176,-0.15033011138439167,1.0216312184929848,-0.604388415813446,0.08255042255062431,0.4849136891390195,-0.22384166035170575,0.8413911414516387
5.733333,172,0,0.17275113121192387,-0.1277411776323864,0.16653248745328025,-0.14879614114761347,1.0645827278494835,-0.5997864603996275,0.08832543810848684,0.5024369194493575,-0.2178026811202889,0.8320563388701497,0.17251172304847373,-0.12882812648035172,0.17380376264720176,-0.15033011138439167,1.0216312184929848,-0.604388415813446,0.08255042255062431,0.4849136891390195,-0.22384166035170575,0.8413911414516387
5.766667,173,0,0.17275113121192387,-0.1277411776323864,0.16653248745328025,-0.14879614114761347,1.0645827278494835,-0.5997864603996275,0.08832543810848684,0.5024369194493575,-0.2178026811202889,0.8320563388701497,0.17251172304847373,-0.12882812648035172,0.17380376264720176,-0.15033011138439167,1.0216312184929848,-0.604388415813446,0.08255042255062431,0.4849136891390195,-0.22384166035170575,0.8413911414516387
5.8,174,0,0.17275113121192387,-0.1277411776323864,0.16653248745328025,-0.14879614114761347,1.0645827278494835,-0.5997864603996275,0.08832543810848684,0.5024369194493575,-0.2178026811202889,0.8320563388701497,0.17240039911790217,-0.12875124632598034,0.17314728696805687,-0.15033011138439178,1.024699181318283,-0.6043884158134462,0.08300122370810668,0.48617027502159305,-0.22352289664496686,0.8407061170372373
5.8333335,175,0,0.17275113121192387,-0.1277411776323864,0.16653248745328025,-0.14879614114761347,1.0645827278494835,-0.5997864603996275,0.08832543810848684,0.5024369194493575,-0.2178026811202889,0.8320563388701497,0.17263075362462563,-0.1284921399578221,0.1720269783696583,-0.15033011138439184,1.0277671292424202,-0.6028544306755066,0.08307795095953187,0.4874895743570655,-0.22255925450816832,0.8401900661102232
5.866667,176,0,0.17275113121192387,-0.1277411776323864,0.16653248745328025,-0.14879614114761347,1.0645827278494835,-0.5997864603996275,0.08832543810848684,0.5024369194493575,-0.2178026811202889,0.8320563388701497,0.17344901927277923,-0.12863623106209157,0.17105633632360823,-0.15033011138439206,1.0246991366147995,-0.6013204455375674,0.08225534182954576,0.4862970072976855,-0.22223300810807667,0.8410480185703162
5.9,177,0,0.17275113121192387,-0.1277411776323864,0.16653248745328025,-0.14879614114761347,1.0645827278494835,-0.5997864603996275,0.08832543810848684,0.5024369194493575,-0.2178026811202889,0.8320563388701497,0.17587978265560222,-0.12903538397484562,0.1702796357826596,-0.15033011138439176,1.007825382053852,-0.5967185497283934,0.07868096831792064,0.47955023520243095,-0.22202951364263768,0.8453069100708105
5.9333334,178,0,0.1730194204066989,-0.12750823867013772,0.16574006006783926,-0.1487961411476135,1.0661167055368423,-0.5982525348663329,0.08816189504889593,0.5031256197129168,-0.21700306591392726,0.8318664318469862,0.17835481726602795,-0.13029012778376511,0.17004902551181905,-0.1503301113843918,0.9863496795296669,-0.5951845645904542,0.0751870467416725,0.470732687017897,-0.22355938332421957,0.8501640121193503
5.9666667,179,0,0.173956175050246,-0.12856521476942942,0.16342503837461994,-0.14879614114761347,1.0615146979689598,-0.5997864603996277,0.08788065237718576,0.5011941321074341,-0.2181256415062609,0.8327680573823172,0.1810834522703173,-0.13170583054454532,0.16995646022929745,-0.15033011138439187,0.9602720439434052,-0.5936505794525145,0.071026719223686,0.4599343009903032,-0.2255133585624475,0.8558968214912156
6.0,180,0,0.17544966606772222,-0.12958649882823525,0.1613725773964376,-0.14879614114761347,1.052310861647129,-0.5997864603996275,0.08654509535142194,0.4974588082830228,-0.21909141335145035,0.8348913900190323,0.18515294814661246,-0.13313485555197838,0.16964087020227323,-0.15033011138439187,0.9249904491007328,-0.5890486240386963,0.06484304553565462,0.4452731186654906,-0.2269913906271925,0.8637141528426534
6.0333333,181,0,0.17737048703912617,-0.1309000010957144,0.15992923889515714,-0.14879614114761341,1.036970965564251,-0.5997864603996276,0.08431508345177774,0.491209827695488,-0.22069072983311555,0.8383910028403309,0.18794956045391756,-0.13367575208387347,0.16934607123227086,-0.15033011138439178,0.9004467567428946,-0.5844466686248777,0.06026489566367851,0.43501902002935916,-0.2273491034758033,0.8691599275807017
6.0666666,182,0,0.18110747144332717,-0.1330208481303797,0.15920147274370672,-0.14879614114761358,1.0062914472073317,-0.598252534866333,0.07947323943088948,0.478686752049572,-0.22320195833178041,0.8454134393439995,0.1905391950091374,-0.1336079696576846,0.16996304829863074,-0.15186409652233127,0.8743691146371679,-0.5783107280731201,0.05450760587501609,0.4242403896438801,-0.22679531006362202,0.8749930857039547
6.1,183,0,0.18356704442515695,-0.13469723039186482,0.15831984445034133,-0.14879614114761347,0.9832816263660789,-0.598252534866333,0.07611207336305967,0.4691718974135302,-0.22553328141232828,0.8504230840829472,0.19316392805903473,-0.13308626645218027,0.17043818037628522,-0.15493206679821006,0.8452234808355565,-0.5706408619880676,0.04736834200078619,0.41224782104063507,-0.22547482426410403,0.8814584946816364
6.133333,184,0,0.18693524896949734,-0.13565539054682646,0.1572245469419376,-0.14879614114761336,0.954136096406728,-0.5936505794525144,0.07078841964292257,0.45719495576348634,-0.22647173710611307,0.8571302843564803,0.19418363606648917,-0.13284846754864765,0.17066981711854526,-0.15646603703498832,0.8283495977520943,-0.5675728917121887,0.043650468317773645,0.4051885991993371,-0.2253413439634008,0.8849509107262878
6.1666665,185,0,0.18962563387802425,-0.13567620540394287,0.15588777905331458,-0.15033011138439178,0.9357282221317291,-0.5875146389007568,0.06606006761467612,0.44985022473725783,-0.22528858369737276,0.861693621205481,0.1951378443406749,-0.13256388837404165,0.16990699125477265,-0.15800002217292794,0.8176118023693566,-0.5645049214363098,0.04082082694089013,0.40076268041905433,-0.22464188649780298,0.887276144670815
6.2,186,0,0.19135311452629197,-0.13503082538938485,0.15477996314561504,-0.15339808166027066,0.9219224341213703,-0.581378698348999,0.061366006885326306,0.44456423007761037,-0.223289848010081,0.865296771235214,0.19640973347922389,-0.13158339624988755,0.16877546998932583,-0.15953400731086734,0.8084078654646873,-0.5583689808845519,0.03760953705411516,0.39704572126856297,-0.22243476928555514,0.8896420579973631
6.233333,187,0,0.1932198121863231,-0.1340119886491197,0.15381382140548205,-0.15953400731086725,0.9065826684236526,-0.5737088322639463,0.054803300884201815,0.4389652356043112,-0.22008496965284916,0.8694071119308558,0.19723473921591722,-0.1303195641603833,0.16835141403378384,-0.1610679775476456,0.8022718951106071,-0.5522330999374391,0.03484831377305841,0.39464711468334296,-0.21994484870353184,0.8914390127361868
6.266667,188,0,0.19416383845155105,-0.13372717307779122,0.15295536401297022,-0.1580000221729278,0.898912712931633,-0.5706408619880674,0.05370198564361712,0.43561697963488527,-0.2198184367045262,0.8712254580052692,0.1980588159481119,-0.12861413409735778,0.16752947412672387,-0.1610679775476456,0.8007380291819572,-0.5445631742477418,0.03312212827932127,0.3941063798375885,-0.21665952045362055,0.8925478912564668
6.3,189,0,0.19529908611660682,-0.13311214256553716,0.15210029613876963,-0.15800002217292777,0.8912428691983223,-0.5660389065742493,0.0516112974196073,0.4324666245231599,-0.21853716501794593,0.8732413183983727,0.19870295596795276,-0.1259308308463249,0.16770646321734917,-0.1610679775476455,0.7961360663175583,-0.5338253378868103,0.03037897413264696,0.39225916202526356,-0.212264050422839,0.8945131863958052
6.3333335,190,0,0.19584419890026863,-0.13211915239379912,0.15202615700644684,-0.15800002217292802,0.8835729360580444,-0.5614369511604311,0.0495346400621283,0.4293025717286916,-0.21724460039596746,0.8752430547795529,0.19888883276105904,-0.12386741300012546,0.16697404217297562,-0.16106797754764562,0.7992040067911153,-0.526155412197113,0.02928714312351723,0.3937208327998616,-0.20856785351437584,0.8947768546109426
6.366667,191,0,0.19595305733841517,-0.1304129715084607,0.15222782600310292,-0.15800002217292788,0.8789709806442261,-0.5553010702133179,0.04757418199759018,0.42747850768573453,-0.2149845014363635,0.8768012812582996,0.19898910479198378,-0.12134156522139489,0.16661271804343925,-0.1626019626855849,0.8007379919290543,-0.5169515013694763,0.02699135688969539,0.39468266313555717,-0.2040142387985879,0.8954748753822801
6.4,192,0,0.19679220581469473,-0.12828624543571418,0.15226660963713293,-0.15800002217292788,0.8759030178189278,-0.5460971593856812,0.04518360736533235,0.42637369141512854,-0.21122794153990404,0.8783772957034505,0.19943584302912276,-0.11734022488443885,0.1656224807268577,-0.162601962685585,0.803805947303772,-0.5016117095947266,0.02435986906713967,0.3962295051710275,-0.19688084457418403,0.8964634454626192
6.4333334,193,0,0.19778366396919908,-0.1249544259414648,0.15207350718152512,-0.1580000221729279,0.875902995467186,-0.5322913527488708,0.04223933485859352,0.4266754190467353,-0.20515960566340224,0.8798144472421634,0.1997884765300326,-0.11417535955297842,0.1659755922709876,-0.16260196268558502,0.8022719621658325,-0.4893398582935333,0.02173412059859427,0.3956947091093728,-0.1915045382945866,0.8979305858457165
6.4666667,194,0,0.19829986628498714,-0.12009827781398623,0.1511850208282033,-0.15953400731086737,0.8789709657430653,-0.5138835906982422,0.03803628918488595,0.42852277748787393,-0.1964536384051574,0.8810944545487149,0.2002798776136946,-0.11111544335251443,0.1655805283181435,-0.16106797754764557,0.803805947303772,-0.4770680367946625,0.02018506949940607,0.39635592897221805,-0.18616909999885528,0.8987967549693815
6.5,195,0,0.19841058795666824,-0.11677842905867544,0.15074600264749743,-0.16106797754764549,0.8820389211177826,-0.5016117095947266,0.03512372674579649,0.4302213761376273,-0.19044486721451584,0.8817066654422989,0.20134467826760988,-0.10755177222748431,0.16519458397563774,-0.16106797754764554,0.8022719621658325,-0.46172821521759033,0.016959995732139087,0.39581957055927935,-0.1793936559171811,0.9004760642702845
6.5333333,196,0,0.19852926080311217,-0.11392008731205354,0.1515027103079003,-0.16106797754764554,0.8789709657430649,-0.4908738434314728,0.0324262955227102,0.4290747769598526,-0.1859749410668595,0.8833213981505853,0.20250319963257254,-0.10527094900030182,0.16421350487302322,-0.15953400731086737,0.8022719472646713,-0.4509903490543366,0.015526007036808556,0.39577091709636225,-0.17486010086075626,0.901414593521296
6.5666666,197,0,0.19918479960991592,-0.11054940861073345,0.15175109584086055,-0.16106797754764557,0.875902995467186,-0.4770680367946625,0.02908569024060393,0.42795575641737055,-0.18013509217237667,0.8851888169992395,0.20351012902645638,-0.10372655968636402,0.1637327266259797,-0.15800002217292775,0.7992039620876312,-0.44332045316696156,0.014344381187718656,0.39433252205088926,-0.17194528489434224,0.9026244622122369
6.6,198,0,0.19975107520172955,-0.10797709713070047,0.1522338239419461,-0.16106797754764557,0.8728350400924683,-0.4663301706314087,0.026416720701406618,0.4267701040324882,-0.1756383506501863,0.8867472046487462,0.20446898875489142,-0.10215571181776442,0.16263442300970632,-0.15646603703498838,0.7976700067520142,-0.4356505572795867,0.013349840772478342,0.3935724691771595,-0.1689031042247455,0.9035453694421705
6.633333,199,0,0.20108318562106955,-0.10579578724533391,0.15331332376177373,-0.1610679775476456,0.8620972484350204,-0.4555923044681549,0.022851598156457206,0.42221626286105796,-0.17176464772706468,0.8897798253661044,0.20549776706925346,-0.10101696296037521,0.16191406339621073,-0.15339808166027064,0.7946020215749741,-0.4295146167278289,0.013184123554598396,0.391988473699238,-0.16696607022339705,0.9045957919243238
6.6666665,200,0,0.20300394556738505,-0.10308245572833455,0.15281181389757906,-0.1580000221729279,0.8559613078832626,-0.4417864680290223,0.020595609266222826,0.41941844681501556,-0.16676005472933755,0.8921070964278344,0.20573162581152066,-0.10031742119399634,0.16253453052742434,-0.1533980816602706,0.7869321703910828,-0.4264466464519501,0.011725485913825957,0.3885834466395768,-0.1661549180470991,0.9062328404921958
6.7,201,0,0.20409925166443682,-0.10198360736477241,0.15170651219644254,-0.15646603703498835,0.8544272780418396,-0.43565055727958674,0.01981873762048955,0.418679724706359,-0.164465804396063,0.8928972532958613,0.2056638639244148,-0.09948249836947395,0.16289146834246615,-0.15339808166027072,0.7792622447013855,-0.42337870597839367,0.010277161615995671,0.3851691264446272,-0.16533673093038512,0.9078562052375116
6.733333,202,0,0.20508793817908905,-0.10082841436859677,0.1502334172564015,-0.15646603703498835,0.8544273227453232,-0.4295146167278289,0.018534154442909227,0.41873857717171276,-0.161725648928185,0.8933976178533573,0.20547755524166678,-0.09939854186477809,0.16263519432996526,-0.1533980816602706,0.7761942446231842,-0.42337870597839355,0.009936221163512957,0.3837947843367417,-0.1655649095804233,0.9084002948813535
6.766667,203,0,0.2051449599554494,-0.10045200806556907,0.14875968508645482,-0.15646603703498838,0.8574952632188797,-0.4279806315898895,0.01855706853604795,0.4201017145410712,-0.16079900194988167,0.8929243336469909,0.2056379623379067,-0.0994708263065447,0.16165686753779096,-0.15339808166027066,0.7761942893266678,-0.42337870597839355,0.009936226131490165,0.3837948043687132,-0.16556490625849496,0.9084002869690546
6.8,204,0,0.20519350147911372,-0.10047415169768598,0.14814040671425835,-0.15646603703498838,0.855961263179779,-0.4279806315898895,0.018385026156026947,0.4194273023140987,-0.16091973669723095,0.8932231340645258,0.20570598704970822,-0.09950106698276315,0.1610454206537414,-0.15493206679821012,0.7746602892875671,-0.42337870597839344,0.009068799971705375,0.38323425619305135,-0.16538496036815117,0.9086787532628112
6.8333335,205,0,0.2049024110184125,-0.1003413622920819,0.1475155984995135,-0.15646603703498832,0.8544272780418396,-0.4279806315898895,0.018212974631661282,0.41875264989744104,-0.1610403756058404,0.8935214061138477,0.2056291443055459,-0.0998681660083518,0.1605554721256489,-0.1549320667982101,0.774660274386406,-0.42491269111633295,0.009362733438885662,0.3832271810900959,-0.16608186261852306,0.9085516395920781
6.866667,206,0,0.20425782469625545,-0.09964700117798811,0.14785547935635715,-0.1564660370349884,0.849825382232666,-0.4264466464519501,0.01737713099223763,0.41674069313538814,-0.16071566337981574,0.8945365870370537,0.20558775399848261,-0.09984902006008238,0.1599345868109294,-0.1564660370349883,0.7761942595243454,-0.424912691116333,0.008837305556083974,0.3840416470531039,-0.1656726798141052,0.9082876628703378
6.9,207,0,0.20382311822276372,-0.09944950217663942,0.14747646759624794,-0.15646603703498838,0.8513593673706055,-0.4264466464519501,0.017548696285518885,0.4174162151676502,-0.1605955364874805,0.8942398001845429,0.20555372321355572,-0.10023534107571863,0.16006873137288896,-0.15800002217292786,0.774660274386406,-0.4264466464519501,0.008263144397545096,0.38347527112221885,-0.16619060577022815,0.908437735585731
6.9333334,208,0,0.20412933866892108,-0.09958904451017932,0.14722647389358848,-0.1549320667982101,0.8482913672924042,-0.42644664645195,0.017891870496900414,0.41594143185944094,-0.1611547663158308,0.8948193938033139,0.20547283890859008,-0.10019859313100275,0.15969112357629467,-0.15800002217292786,0.7761942446231842,-0.42644664645194996,0.008435297781297337,0.3841622404281577,-0.16607466778610014,0.9081670680553747
6.9666667,209,0,0.2046343765184169,-0.09981807893589577,0.14772037691425788,-0.15646603703498846,0.8421554267406464,-0.42644664645195024,0.016519149871709302,0.41335940038879465,-0.1613148805724874,0.8960126299911271,0.2053931352412818,-0.10016195537244409,0.1593153756085341,-0.1595340073108674,0.7777282297611237,-0.4264466464519501,0.007911096030771286,0.3849761662396824,-0.16566340587645711,0.9079021984445244
7.0,210,0,0.2046343765184169,-0.09981807893589577,0.14772037691425788,-0.15646603703498846,0.8421554267406464,-0.42644664645195024,0.016519149871709302,0.41335940038879465,-0.1613148805724874,0.8960126299911271,0.2053931352412818,-0.10016195537244409,0.1593153756085341,-0.1595340073108674,0.7777282297611237,-0.4264466464519501,0.007911096030771286,0.3849761662396824,-0.16566340587645711,0.9079021984445244
7.0333333,211,0,0.20463618208722012,-0.09981847712912946,0.14772199101614344,-0.15800002217292786,0.8421554267406464,-0.4264466464519501,0.0158319100512612,0.4134830061062947,-0.16099778956619717,0.8960250365030149,0.2053129104452911,-0.10012507677230037,0.15893975959163464,-0.1610679775476455,0.7792622148990631,-0.4264466464519499,0.007387307965303658,0.38578945899295364,-0.16525089877543317,0.9076365249728888
7.0666666,212,0,0.20463618208722012,-0.09981847712912946,0.14772199101614344,-0.15800002217292786,0.8421554267406464,-0.4264466464519501,0.0158319100512612,0.4134830061062947,-0.16099778956619717,0.8960250365030149,0.20515906532765435,-0.10045716312541002,0.15893975959163464,-0.16106797754764562,0.7792622148990631,-0.4279806315898896,0.007683203411632657,0.385783679507552,-0.16594700057045925,0.9075095118028339
7.1,213,0,0.20463798879157227,-0.09981887175445314,0.14772360472357954,-0.15953400731086734,0.8421554267406464,-0.4264466464519502,0.015144660917255526,0.41360636858101596,-0.1606806038485183,0.8960369159034698,0.20515906532765435,-0.10045716312541002,0.15893975959163464,-0.16106797754764562,0.7792622148990631,-0.4279806315898896,0.007683203411632657,0.385783679507552,-0.16594700057045925,0.9075095118028339
7.133333,214,0,0.20463618208722012,-0.09981847712912946,0.14772199101614344,-0.15800002217292786,0.8421554267406464,-0.4264466464519501,0.0158319100512612,0.4134830061062947,-0.16099778956619717,0.8960250365030149,0.20507306289711108,-0.10041793060777673,0.15930567052573996,-0.1610679775476456,0.7777282297611237,-0.4279806315898895,0.007510115372873958,0.3850974674299546,-0.1660643961670489,0.9077808959610213
7.1666665,215,0,0.20463618208722012,-0.09981847712912946,0.14772199101614344,-0.15800002217292786,0.8421554267406464,-0.4264466464519501,0.0158319100512612,0.4134830061062947,-0.16099778956619717,0.8960250365030149,0.20507306289711108,-0.10041793060777673,0.15930567052573996,-0.1610679775476456,0.7777282297611237,-0.4279806315898895,0.007510115372873958,0.3850974674299546,-0.1660643961670489,0.9077808959610213
7.2,216,0,0.20463618208722012,-0.09981847712912946,0.14772199101614344,-0.15800002217292786,0.8421554267406464,-0.4264466464519501,0.0158319100512612,0.4134830061062947,-0.16099778956619717,0.8960250365030149,0.20507135359293072,-0.1004175814477408,0.1593039441970034,-0.1595340073108673,0.7777282297611237,-0.4279806315898895,0.008206367533596895,0.38496998525198706,-0.16635971131970734,0.9077748688064744
7.233333,217,0,0.20463618208722012,-0.09981847712912946,0.14772199101614344,-0.15800002217292786,0.8421554267406464,-0.4264466464519501,0.0158319100512612,0.4134830061062947,-0.16099778956619717,0.8960250365030149,0.20507135359293072,-0.1004175814477408,0.1593039441970034,-0.1595340073108673,0.7777282297611237,-0.4279806315898895,0.008206367533596895,0.38496998525198706,-0.16635971131970734,0.9077748688064744
7.266667,218,0,0.20463618208722012,-0.09981847712912946,0.14772199101614344,-0.15800002217292786,0.8421554267406464,-0.4264466464519501,0.0158319100512612,0.4134830061062947,-0.16099778956619717,0.8960250365030149,0.20507135359293072,-0.1004175814477408,0.1593039441970034,-0.1595340073108673,0.7777282297611237,-0.4279806315898895,0.008206367533596895,0.38496998525198706,-0.16635971131970734,0.9077748688064744
7.3,219,0,0.20463618208722012,-0.09981847712912946,0.14772199101614344,-0.15800002217292786,0.8421554267406464,-0.4264466464519501,0.0158319100512612,0.4134830061062947,-0.16099778956619717,0.8960250365030149,0.20495338603038876,-0.10036376710263045,0.15917192400988925,-0.1595340073108674,0.7792622148990631,-0.4279806315898895,0.008379247373854376,0.3856562871684135,-0.16624284207204756,0.9075033519721732
7.3333335,220,0,0.20463618208722012,-0.09981847712912946,0.14772199101614344,-0.15800002217292786,0.8421554267406464,-0.4264466464519501,0.0158319100512612,0.4134830061062947,-0.16099778956619717,0.8960250365030149,0.20495338603038876,-0.10036376710263045,0.15917192400988925,-0.1595340073108674,0.7792622148990631,-0.4279806315898895,0.008379247373854376,0.3856562871684135,-0.16624284207204756,0.9075033519721732
7.366667,221,0,0.20463618208722012,-0.09981847712912946,0.14772199101614344,-0.15800002217292786,0.8421554267406464,-0.4264466464519501,0.0158319100512612,0.4134830061062947,-0.16099778956619717,0.8960250365030149,0.20503920194117908,-0.10040291453383711,0.15880621474105833,-0.1595340073108673,0.7807962000370026,-0.4279806315898895,0.008552122284788584,0.38634236221189566,-0.16612587502745227,0.9072313012740035
7.4,222,0,0.20463618208722012,-0.09981847712912946,0.14772199101614344,-0.15800002217292786,0.8421554267406464,-0.4264466464519501,0.0158319100512612,0.4134830061062947,-0.16099778956619717,0.8960250365030149,0.20500299980332612,-0.10078866020815926,0.15893803587277677,-0.15953400731086737,0.7792622148990636,-0.42951461672782904,0.008675040386625721,0.3856497469121023,-0.16693884143261264,0.9073755780282269
7.4333334,223,0,0.20463618208722012,-0.09981847712912946,0.14772199101614344,-0.15800002217292786,0.8421554267406464,-0.4264466464519501,0.0158319100512612,0.4134830061062947,-0.16099778956619717,0.8960250365030149,0.20500299980332612,-0.10078866020815926,0.15893803587277677,-0.15953400731086737,0.7792622148990636,-0.42951461672782904,0.008675040386625721,0.3856497469121023,-0.16693884143261264,0.9073755780282269
7.4666667,224,0,0.20463618208722012,-0.09981847712912946,0.14772199101614344,-0.15800002217292786,0.8421554267406464,-0.4264466464519501,0.0158319100512612,0.4134830061062947,-0.16099778956619717,0.8960250365030149,0.2050047109756945,-0.10078901309177038,0.15893975959163464,-0.1610679775476456,0.7792622148990631,-0.4295146167278291,0.007979094338105395,0.385777673074264,-0.16664300474258667,0.9073819647652868
7.5,225,0,0.20463618208722012,-0.09981847712912946,0.14772199101614344,-0.15800002217292786,0.8421554267406464,-0.4264466464519501,0.0158319100512612,0.4134830061062947,-0.16099778956619717,0.8960250365030149,0.20502008069700595,-0.10119891445416816,0.15820750486126545,-0.16106797754764557,0.782330185174942,-0.43104860186576843,0.008623246811912955,0.38714264998288495,-0.1671029921114124,0.906709875432083
7.5333333,226,0,0.20463618208722012,-0.09981847712912946,0.14772199101614344,-0.15800002217292786,0.8421554267406464,-0.4264466464519501,0.0158319100512612,0.4134830061062947,-0.16099778956619717,0.8960250365030149,0.20530680506718746,-0.1013307763519408,0.15760590345783637,-0.16106797754764565,0.7838641703128815,-0.43104860186576843,0.008797372374465992,0.3878279137066382,-0.16698488523680807,0.9064370710047727
7.5666666,227,0,0.20463618208722012,-0.09981847712912946,0.14772199101614344,-0.15800002217292786,0.8421554267406464,-0.4264466464519501,0.0158319100512612,0.4134830061062947,-0.16099778956619717,0.8960250365030149,0.2053175040535647,-0.10173968426343685,0.1568721190582168,-0.16106797754764562,0.786932110786438,-0.43258258700370783,0.009444113545981214,0.3891906139093838,-0.1674431408378175,0.9057617067145942
7.6,228,0,0.20463618208722012,-0.09981847712912946,0.14772199101614344,-0.15800002217292786,0.8421554267406464,-0.4264466464519501,0.0158319100512612,0.4134830061062947,-0.16099778956619717,0.8960250365030149,0.2054818546421641,-0.10181557323450344,0.156137768697103,-0.16106797754764565,0.7900000810623169,-0.4325825870037079,0.009793377376497055,0.3905592732061507,-0.16720581881429664,0.9052125485359146
7.633333,229,0,0.20463618208722012,-0.09981847712912946,0.14772199101614344,-0.15800002217292786,0.8421554267406464,-0.4264466464519501,0.0158319100512612,0.4134830061062947,-0.16099778956619717,0.8960250365030149,0.20600168897736332,-0.10205560701326571,0.15579412621863545,-0.16106797754764554,0.7884661555290222,-0.4325825870037078,0.009618755075997902,0.38987508482551153,-0.16732452443198892,0.9054873832951493
7.6666665,230,0,0.20463618208722012,-0.09981847712912946,0.14772199101614344,-0.15800002217292786,0.8421554267406464,-0.4264466464519501,0.0158319100512612,0.4134830061062947,-0.16099778956619717,0.8960250365030149,0.2073150769641201,-0.10266206460964869,0.15449408028092979,-0.16106797754764565,0.7869321405887604,-0.4325825870037079,0.009444116938846064,0.38919062720901976,-0.16744313853437962,0.9057617013904108
7.7,231,0,0.2047615554867101,-0.09987543768229551,0.14784559790331234,-0.15800002217292777,0.8406214416027069,-0.42644664645194996,0.01566005977737739,0.41280611097969616,-0.16111786733489608,0.8963185316008158,0.20966809851514395,-0.1037485735532816,0.15159630956523612,-0.16106797754764554,0.7869321405887604,-0.4325825870037078,0.009444116938846087,0.38919062720901976,-0.1674431385343796,0.9057617013904108
7.733333,232,0,0.20526131352695753,-0.10010249138377836,0.14834212863354512,-0.15800002217292794,0.8344855606555939,-0.4264466464519501,0.014972574247267792,0.41009613235552894,-0.16159722523470316,0.8974872261173923,0.21178216443984577,-0.10472474461028643,0.14889851202431392,-0.1610679775476455,0.7869321703910828,-0.4325825870037077,0.009444120331710921,0.3891906405086557,-0.16744313623094165,0.9057616960662275
7.766667,233,0,0.20666179922938466,-0.10073877021673602,0.1479995188907638,-0.15800002217292794,0.8268156349658966,-0.4264466464519501,0.01411301156554563,0.4067032010561675,-0.1621942889730143,0.8989362278714523,0.21364076715180788,-0.1060030207596099,0.14564967556473668,-0.1610679775476456,0.7900001406669617,-0.43411657214164745,0.01009293733248165,0.39055167345682007,-0.1679000562398497,0.9050840259836295
7.8,234,0,0.2083637902821003,-0.10191994900092122,0.14592814222143835,-0.158000022172928,0.8252816498279572,-0.42798063158988964,0.014252486897021886,0.40601308330941327,-0.16300306641048698,0.8990996847622692,0.21611881554283674,-0.10757759706248757,0.1414716501750754,-0.15953400731086725,0.7915341258049011,-0.43565055727958674,0.011262029664078431,0.39109820104979104,-0.16877498473961564,0.9046714145752617
7.8333335,235,0,0.2107948146120745,-0.10302893166908757,0.1438333891554512,-0.15800002217292786,0.8206797242164616,-0.4279806315898895,0.01373506388822438,0.40397414439225876,-0.1633605318893228,0.8999608743180819,0.2177274526381225,-0.10875527938787158,0.13914956118932476,-0.15953400731086723,0.7915340662002563,-0.43718451261520386,0.011561983070343698,0.3910894217323273,-0.16946880242453943,0.9045417125602042
7.866667,236,0,0.21416384397306154,-0.10456581269648471,0.1380303694053493,-0.15800002217292786,0.8268156349658966,-0.42798063158988964,0.01442494571676344,0.40669225685504634,-0.1628837186045375,0.898811561657267,0.21947838944620457,-0.10957357195754139,0.13654941284555333,-0.1595340073108672,0.7915340960025787,-0.43718451261520375,0.011561986489333586,0.3910894350125193,-0.16946880011323545,0.9045417072076828
7.9,237,0,0.21601284139309712,-0.10540928681026521,0.13265633978298075,-0.15800002217292783,0.8390874862670898,-0.4279806315898895,0.015804298913185983,0.41211698560729415,-0.16192549485066576,0.896487561780523,0.2213594375851878,-0.11088898974206898,0.1336390601441913,-0.15953400731086728,0.7915340960025787,-0.4387184977531432,0.011861945749551876,0.3910804520210973,-0.17016252696561757,0.9044114598492682
7.9333334,238,0,0.21724687902868256,-0.10639719605765305,0.12774970320335846,-0.15800002217292797,0.8513593077659607,-0.429514616727829,0.017503288134480193,0.4175128831741159,-0.16164692054963897,0.8940060963801852,0.22267454552877922,-0.11150605935628108,0.1305851509844302,-0.15953400731086737,0.796136006712914,-0.43871849775314337,0.012391428182829014,0.3931296636106357,-0.16980454415438115,0.9035828334367032
7.9666667,239,0,0.2185677817165541,-0.10743023571146815,0.12382079787729579,-0.15800002217292788,0.8574952632188797,-0.43104860186576854,0.018516794321712306,0.4201970125090959,-0.16184630453172386,0.8926910847073037,0.22419481768712357,-0.11221939529103715,0.12801210365234605,-0.1595340073108673,0.7976700067520142,-0.4387184977531433,0.012567911315385566,0.3938122854059986,-0.16968501435327624,0.9033055559291115
8.0,240,0,0.21988728164168853,-0.1080370615774695,0.12296569683770842,-0.15800002217292786,0.8513593673706055,-0.43104860186576843,0.017823518968895277,0.41749936170111845,-0.16233256425216044,0.8938818399173586,0.226075200751571,-0.11310170100427067,0.12405810578106702,-0.15953400731086734,0.8022719770669942,-0.4387184977531433,0.013097312508224376,0.39585874588775066,-0.16932582861755058,0.9024705410550635
8.033334,241,0,0.22149363367699446,-0.10877580808768872,0.1224565112299172,-0.1580000221729279,0.8436894118785858,-0.4310486018657685,0.01695667994490733,0.4141217373649629,-0.1629382464797207,0.8953584675878061,0.2275513718208954,-0.11379434400494447,0.12101479171424066,-0.15953400731086725,0.805339902639389,-0.43871849775314326,0.013450202000845011,0.39722186489489136,-0.16908587756375149,0.9019112196464002
8.066667,242,0,0.22348043058571426,-0.11012728408868996,0.1196829205219728,-0.15800002217292783,0.8406214416027069,-0.4325825870037078,0.01692646096915055,0.4127561237019653,-0.1638669833780587,0.8958200092787405,0.22892956371586193,-0.11444101361490416,0.11875676974788073,-0.15953400731086737,0.8053399175405502,-0.43871849775314337,0.013450203714781452,0.3972218715134027,-0.16908587639732325,0.9019112169245761
8.1,243,0,0.22507257971964845,-0.11086245979197416,0.11612900281368321,-0.15800002217292783,0.843689426779747,-0.4325825870037078,0.01727430491073067,0.41410861647613545,-0.1636249306005525,0.8952332289610548,0.2310559429263443,-0.11543874464183242,0.11642900316012425,-0.15953400731086728,0.7992040067911153,-0.4387184977531433,0.012744387054378123,0.39449467552592554,-0.16956538472834376,0.9030277470167968
8.133333,244,0,0.22637743611156247,-0.11146497791993362,0.11124102508805842,-0.15800002217292788,0.8528933376073837,-0.4325825870037079,0.01831758450316351,0.41816021570710876,-0.16289646791028606,0.8934602625971158,0.23255639300841774,-0.11660070325920657,0.1145136367174904,-0.1595340073108673,0.7946020662784576,-0.4402524828910829,0.012515944803684415,0.39243735287396697,-0.17061717294608256,0.9037289723644093
8.166667,245,0,0.2277731544785268,-0.11166370188432939,0.10590886254163003,-0.15800002217292783,0.8636311590671539,-0.4310486018657683,0.01920989538896012,0.42289070829795833,-0.16135852146578722,0.8914919272235567,0.23444013016310294,-0.11748811112243054,0.11217647996103527,-0.15953400731086737,0.788466140627861,-0.4402524828910828,0.011807824361155184,0.38970421146597317,-0.17109473128320465,0.9048302579913363
8.2,246,0,0.22831975562836593,-0.11191507872019749,0.10184339023875236,-0.15800002217292783,0.8728350847959523,-0.43104860186576843,0.020249215187068244,0.4269238167417691,-0.16062399408537079,0.8896774452052895,0.2368302584119158,-0.1186140742626887,0.10932800349436468,-0.15953400731086734,0.7807962223887444,-0.4402524828910829,0.010922517008669303,0.38628262454248735,-0.17168941490479475,0.9061948893082615
8.233334,247,0,0.22979240749388838,-0.11259233775340519,0.10096586138282344,-0.1580000221729279,0.8651651367545128,-0.4310486018657684,0.019383143079843103,0.4235635129350747,-0.16123633791744074,0.8911908255864274,0.23850183482547702,-0.11940153553332539,0.10681198204110358,-0.15953400731086728,0.7761942818760872,-0.44025248289108276,0.010391255862594814,0.38422694693775816,-0.17204501282237034,0.9070072704292054
8.266666,248,0,0.23250827443578034,-0.11429589575336002,0.10044008418013912,-0.15800002217292786,0.8452234119176865,-0.4325825870037079,0.017448210844761693,0.41478449436017695,-0.16350376037822706,0.894939050169825,0.24003997711474734,-0.12012613745502176,0.1048155940662095,-0.15953400731086725,0.7715923488140111,-0.4402524828910827,0.009859940560661667,0.38216923839123573,-0.17239969928069732,0.9078148481312299
8.3,249,0,0.23444528906151238,-0.11519031327957852,0.09839348235216969,-0.15800002217292788,0.8375535011291504,-0.4325825870037079,0.016578582266646002,0.41140267938615055,-0.16410864703628114,0.8964046731091073,0.2412033013521208,-0.12210067991120636,0.1015345266319881,-0.15953400731086737,0.7685243859887128,-0.4448544383049012,0.010381878194407272,0.38077342414124327,-0.1747252860640863,0.9079509295566213
8.333333,250,0,0.23617777838084475,-0.11599029113757309,0.09554083528162619,-0.15800002217292783,0.8329515606164932,-0.4325825870037078,0.016056687944008267,0.4093706856352546,-0.1644704206396009,0.8972777191312749,0.241822658811124,-0.12335277701532746,0.09982922207406539,-0.15953400731086728,0.7669903859496117,-0.44792237877845753,0.01078619756377313,0.3800709235356099,-0.17623669769061348,0.9079484442478059
8.366667,251,0,0.23771709182837858,-0.11716597498727366,0.09043647656982172,-0.15800002217292783,0.8344855345785618,-0.43411657214164734,0.016545160756243155,0.41003568609029273,-0.1650378607182077,0.8968609135855852,0.24285164489888408,-0.1248107766559417,0.09856907548662612,-0.1595340073108673,0.7623884715139866,-0.45099034905433655,0.010826731438278793,0.377995077279543,-0.17798640591733694,0.9084730831166242
8.4,252,0,0.23791528676463541,-0.11819040266323243,0.08628965007076568,-0.15800002217292786,0.8421554714441299,-0.43718451261520386,0.0180516389096113,0.4133920663434603,-0.1658061409576368,0.8951477316274099,0.24484049391237117,-0.12626056780202355,0.09787627904467625,-0.15953400731086734,0.7547185271978378,-0.4525243341922761,0.01020974912713399,0.37455145379068633,-0.1792772943950063,0.9096519231005068
8.433333,253,0,0.23788512186493954,-0.11958002350645185,0.08255156111354395,-0.15800002217292802,0.8482913691550498,-0.4417864680290223,0.019710826011182913,0.4160492097448006,-0.16737513062435397,0.8935883303049365,0.24630728341508437,-0.12697368014188978,0.09706977883520584,-0.15953400731086728,0.7501166108995676,-0.4525243341922759,0.009665543038605923,0.3724877040553032,-0.17963251477035574,0.9104348671061844
8.466666,254,0,0.23815302595410887,-0.12111812398687578,0.08152975052082517,-0.15800002217292788,0.8452234361320734,-0.4463884234428407,0.020310998663454427,0.41465418013256294,-0.16967750496169914,0.8937890794487577,0.2473853290740958,-0.127989993724168,0.09577724075571417,-0.15953400731086725,0.7501166015861349,-0.4540583193302154,0.009951234363995967,0.37248017691545987,-0.18033075936175233,0.9102968241006196
8.5,255,0,0.2390747894735281,-0.1225071630656694,0.08135640681627725,-0.15800002217292783,0.837553518358618,-0.4494563639163971,0.02004891158626431,0.41124817502497035,-0.1716655814882178,0.8949882165789388,0.24882406434821075,-0.1291874355109847,0.0937801891878654,-0.1610679775476456,0.7501165792346001,-0.4555923044681549,0.009538837503991919,0.3726111617095231,-0.1807431648540665,0.9101658316521708
8.533334,256,0,0.24069626219878454,-0.12328933678453462,0.08148389526273443,-0.15800002217292777,0.8283496561925858,-0.449456363916397,0.018970772003299465,0.40719098012118504,-0.17240292202112187,0.8967233954771818,0.24992579837394063,-0.1302257743098859,0.09312981059322409,-0.1610679775476456,0.7485826481133699,-0.45712628960609436,0.009641433519415534,0.37191590946907405,-0.18156051974013182,0.9102864256458927
8.566667,257,0,0.24303888568065268,-0.12441938263246832,0.08040859427964137,-0.1580000221729278,0.8222137037664652,-0.44945636391639704,0.018251782479343483,0.4044813678564453,-0.17289245847628337,0.8978696415935514,0.250761524776107,-0.13163934354677972,0.09177031754683969,-0.1610679775476456,0.7485826388001442,-0.4601942300796509,0.010211928769265254,0.3719006780567297,-0.18295665859113988,0.9100068479132017
8.6,258,0,0.24430136268212543,-0.1250283822880546,0.07788535509323799,-0.15800002217292783,0.825281634926796,-0.449456363916397,0.018611293859498803,0.4058366315846783,-0.1726478969736088,0.8972975826755957,0.2517603244433846,-0.13314383897474907,0.08965457565388502,-0.1610679775476455,0.7516505867242813,-0.46326220035552973,0.011153011538523095,0.37325891709891335,-0.18411203821466957,0.9092063289068153
8.633333,259,0,0.2453818557942255,-0.12554959569025098,0.07639295976160514,-0.15800002217292775,0.8268156722187996,-0.449456363916397,0.018791041582387612,0.4065139371968276,-0.17252545811680844,0.8970107479414994,0.2526633245389617,-0.13410250220716066,0.08856630929734466,-0.16106797754764546,0.7516505792737003,-0.4647961854934691,0.011439294143087347,0.37325024969699266,-0.18480933907490626,0.9090648501847033
8.666667,260,0,0.24600430455234162,-0.12633796864511881,0.07299631496080555,-0.158000022172928,0.8360195532441139,-0.45099034905433666,0.020184152165501693,0.41055722328429944,-0.1724753450426756,0.895146704045128,0.25359921354270193,-0.13457179115685938,0.0870845901807583,-0.1610679775476456,0.7531845644116402,-0.46479618549346924,0.011625114905280124,0.3739369539895569,-0.1846888053889429,0.908804740474243
8.7,261,0,0.2467164441780115,-0.1271730342147859,0.07253258510301706,-0.1580000221729279,0.8360195606946945,-0.45252433419227595,0.02049904141476345,0.41054162471093325,-0.17316186451378532,0.8950141520439173,0.2547255278419429,-0.13513656630905058,0.08574832632408275,-0.16106797754764554,0.7547185346484184,-0.4647961854934691,0.01181092702371208,0.37462343163594564,-0.18456816422714695,0.908544098668837
8.733334,262,0,0.2478608143552238,-0.1282224957208628,0.07081831891639942,-0.15800002217292786,0.8375535234808922,-0.45405831933021545,0.020995131164650675,0.4112009565453171,-0.17372447275033484,0.8945908480256288,0.25537208115266063,-0.13597435952149356,0.0843402133862889,-0.16106797754764546,0.7577864974737167,-0.4663301706314086,0.012470915337985552,0.37598628087861513,-0.18502294572027347,0.9078795638291969
8.766666,263,0,0.24886599827967787,-0.12871309606131415,0.06980072517222798,-0.15800002217292788,0.8390875086188316,-0.45405831933021557,0.02117633488919738,0.4118758996864114,-0.17360055878253922,0.894300090623142,0.2561966155178319,-0.13638939525443758,0.08245647974076406,-0.16106797754764549,0.7623884379863739,-0.4663301706314087,0.013029847231524855,0.3780426468220131,-0.1846591137779173,0.9070915014284302
8.8,264,0,0.24967593535099525,-0.1291084022269477,0.06840543409827604,-0.1580000221729278,0.8421554714441299,-0.4540583193302154,0.021538703979055395,0.41322505540436616,-0.17335242514704893,0.8937169991180642,0.25734347049945805,-0.13696667355596812,0.08130446172819633,-0.16106797754764557,0.7639224156737328,-0.4663301706314087,0.0132161423769936,0.37872765677999704,-0.18453761930517448,0.9068277469463438
8.833333,265,0,0.24970958314655567,-0.1296221824462725,0.06591377774610872,-0.15800002217292783,0.849825382232666,-0.4555923044681548,0.022763921169601548,0.4165763480977219,-0.17341460570667566,0.8921173267155772,0.25825667090988924,-0.13690721049331794,0.08040042083699458,-0.1610679775476455,0.7654563933610916,-0.4647961854934692,0.013111419309056368,0.37942261190625803,-0.1837206346620599,0.9067046380477521
8.866667,266,0,0.25026173358713577,-0.12989272017494724,0.062250317961833584,-0.15800002217292794,0.8605632334947586,-0.4555923044681549,0.02403494913088634,0.4212811419814216,-0.17253778531948216,0.8900422648774345,0.25845599204284925,-0.13752666985652426,0.0796680707991953,-0.16106797754764562,0.7669903784990315,-0.46633017063140875,0.013588710139035927,0.3800970112330647,-0.18429430416494005,0.9062986364663743
8.9,267,0,0.2512731778444233,-0.13038829857521098,0.06161302323675824,-0.15800002217292788,0.8605632334947586,-0.4555923044681549,0.024034949130886336,0.4212811419814215,-0.17253778531948213,0.8900422648774345,0.25846947360086436,-0.13753345590274427,0.07725533281440082,-0.16106797754764562,0.774660274386406,-0.46633017063140875,0.014519986376618112,0.3835164723188772,-0.18368412118627186,0.904966534784427
8.933333,268,0,0.25150411414112717,-0.13100297696863375,0.06133620168005341,-0.15800002217292783,0.8605632334947586,-0.45712628960609425,0.02435806153494175,0.42126258344072637,-0.17322039030572553,0.8899096678952517,0.2585264891185241,-0.13756215510336056,0.07577000826218455,-0.1610679775476457,0.7792622223496437,-0.4663301706314088,0.015078651761304886,0.38556544948191523,-0.1833167133138368,0.904160882280738
8.966666,269,0,0.2526060195422118,-0.13154497638952428,0.06158604168261611,-0.15800002217292783,0.8574952855706215,-0.45712628960609436,0.023993950960104763,0.41991987290057764,-0.17347187490152438,0.8905049686995781,0.25851883781995766,-0.13755830376320713,0.07404357013684175,-0.16106797754764568,0.7838641628623013,-0.4663301706314088,0.01563723640810063,0.387612381964463,-0.1829483354721174,0.9033504440322891
9.0,270,0,0.2531975494522041,-0.13234144165423173,0.06223716389311536,-0.15800002217292783,0.8528933301568031,-0.4586602449417113,0.02376819158533037,0.4178858339308949,-0.17453196707744856,0.8912603970427049,0.2594612852299021,-0.138032691936787,0.07348908444150672,-0.16106797754764554,0.7792622596025467,-0.4663301706314086,0.015078656283398337,0.3855654660601972,-0.1833167103357283,0.9041608757395759
9.033334,271,0,0.2537404876820871,-0.13260953437257061,0.06172319804781588,-0.15800002217292788,0.8498253524303436,-0.45866024494171154,0.023402906307188966,0.41654092574922086,-0.1747828850044507,0.8918502700912749,0.26020278908628813,-0.13788306527026467,0.07229469618528968,-0.16106797754764557,0.7792622447013855,-0.46479618549346924,0.014782924226105304,0.3855769112339264,-0.18262317299955808,0.9043012149489812
9.066667,272,0,0.25439349643759634,-0.13293197785274558,0.05986801859922741,-0.15800002217292786,0.8498253300786018,-0.4586602449417114,0.023402903645702605,0.41654091594732234,-0.17478288683101492,0.89185027438115,0.26072663412034586,-0.1381457403149071,0.07109516696341195,-0.16106797754764554,0.7792622372508049,-0.46479618549346924,0.014782923324229973,0.3855769079175773,-0.1826231735941762,0.90430121625767
9.1,273,0,0.25405524341761415,-0.132764954853402,0.05678575676261838,-0.15800002217292788,0.8574952781200409,-0.45866024494171154,0.024316012149213403,0.41990134330658596,-0.17415482184714998,0.8903716591793964,0.2608714365379599,-0.13821834953908252,0.06845197538140115,-0.16106797754764546,0.7853981778025627,-0.464796185493469,0.015525593826747792,0.388306274964926,-0.18213261595934147,0.9032191887703656
9.133333,274,0,0.25389341313411123,-0.13268504609357276,0.05463197823308802,-0.15800002217292797,0.8636312037706375,-0.45866024494171154,0.025046238212310695,0.4225852268801013,-0.17365052798074848,0.8891793441742295,0.26116367720400135,-0.13836488968933303,0.06767828841264255,-0.16106797754764549,0.7853981703519821,-0.46479618549346924,0.015525592925045672,0.38830627165299925,-0.18213261655604404,0.9032191900893835
9.166667,275,0,0.25365583110814716,-0.13256773254358958,0.05123486491680168,-0.15800002217292783,0.8728350847959518,-0.4586602449417113,0.026141132251860984,0.42660358322644515,-0.17289102466078402,0.8873751842229376,0.26115527203268313,-0.13836067502925664,0.06640317877385912,-0.16106797754764549,0.7884661257266998,-0.46479618549346924,0.015896872009901242,0.3896695795735442,-0.18188669577921154,0.9026749903003842
9.2,276,0,0.25365106984810337,-0.13256538152264907,0.04965528941997456,-0.15800002217292783,0.8759030252695084,-0.4586602449417114,0.026505972688978238,0.42794102320664906,-0.17263704408040437,0.8867696234534864,0.2609427083969747,-0.1387783777152305,0.06640317877385912,-0.1610679775476456,0.7884661257266998,-0.4663301706314088,0.016195740976597612,0.3896572721751011,-0.18257898722115304,0.9025352190582793
9.233334,277,0,0.25370593762911225,-0.13259247420419232,0.04852932532383089,-0.1580000221729279,0.8774369955062866,-0.4586602449417115,0.026688369572340952,0.4286093657785841,-0.1725099014180554,0.886466060494807,0.2609427083969747,-0.1387783777152305,0.06640317877385912,-0.1610679775476456,0.7884661257266998,-0.4663301706314088,0.016195740976597612,0.3896572721751011,-0.18257898722115304,0.9025352190582793
9.266666,278,0,0.25370593762911225,-0.13259247420419232,0.04852932532383089,-0.1580000221729279,0.8774369955062866,-0.4586602449417115,0.026688369572340952,0.4286093657785841,-0.1725099014180554,0.886466060494807,0.2609427083969747,-0.1387783777152305,0.06640317877385912,-0.1610679775476456,0.7884661257266998,-0.4663301706314088,0.016195740976597612,0.3896572721751011,-0.18257898722115304,0.9025352190582793
9.3,279,0,0.25370593762911225,-0.13259247420419232,0.04852932532383089,-0.1580000221729279,0.8774369955062866,-0.4586602449417115,0.026688369572340952,0.4286093657785841,-0.1725099014180554,0.886466060494807,0.2609427083969747,-0.1387783777152305,0.06640317877385912,-0.1610679775476456,0.7884661257266998,-0.4663301706314088,0.016195740976597612,0.3896572721751011,-0.18257898722115304,0.9025352190582793
9.333333,280,0,0.25424199493935007,-0.13285716925342111,0.04935212662281371,-0.1580000221729278,0.8728350475430489,-0.45866024494171137,0.026141127821358964,0.4266035669802892,-0.1728910277423105,0.8873751915633706,0.26076103674968426,-0.13868693189020093,0.06603480801950003,-0.16106797754764549,0.7900001034140587,-0.4663301706314087,0.016381889051400186,0.39033843991454953,-0.18245565702496336,0.9022624170693204
9.366667,281,0,0.25424199493935007,-0.13285716925342111,0.04935212662281371,-0.1580000221729278,0.8728350475430489,-0.45866024494171137,0.026141127821358964,0.4266035669802892,-0.1728910277423105,0.8873751915633706,0.2609427083969747,-0.1387783777152305,0.06640317877385912,-0.1610679775476456,0.7884661257266998,-0.4663301706314088,0.016195740976597612,0.3896572721751011,-0.18257898722115304,0.9025352190582793
9.4,282,0,0.25424199493935007,-0.13285716925342111,0.04935212662281371,-0.1580000221729278,0.8728350475430489,-0.45866024494171137,0.026141127821358964,0.4266035669802892,-0.1728910277423105,0.8873751915633706,0.2609427083969747,-0.1387783777152305,0.06640317877385912,-0.1610679775476456,0.7884661257266998,-0.4663301706314088,0.016195740976597612,0.3896572721751011,-0.18257898722115304,0.9025352190582793
9.433333,283,0,0.25424199493935007,-0.13285716925342111,0.04935212662281371,-0.1580000221729278,0.8728350475430489,-0.45866024494171137,0.026141127821358964,0.4266035669802892,-0.1728910277423105,0.8873751915633706,0.26115527203268313,-0.13836067502925664,0.06640317877385912,-0.16106797754764549,0.7884661257266998,-0.46479618549346924,0.015896872009901242,0.3896695795735442,-0.18188669577921154,0.9026749903003842
9.466666,284,0,0.25424199493935007,-0.13285716925342111,0.04935212662281371,-0.1580000221729278,0.8728350475430489,-0.45866024494171137,0.026141127821358964,0.4266035669802892,-0.1728910277423105,0.8873751915633706,0.26115527203268313,-0.13836067502925664,0.06640317877385912,-0.16106797754764549,0.7884661257266998,-0.46479618549346924,0.015896872009901242,0.3896695795735442,-0.18188669577921154,0.9026749903003842
9.5,285,0,0.25424199493935007,-0.13285716925342111,0.04935212662281371,-0.1580000221729278,0.8728350475430489,-0.45866024494171137,0.026141127821358964,0.4266035669802892,-0.1728910277423105,0.8873751915633706,0.2611852433239006,-0.13785175873307665,0.06603480801950003,-0.16106797754764543,0.7900001034140587,-0.4632622003555297,0.015783096646441747,0.39036311022439846,-0.18107138576035392,0.9025412396644313
9.533334,286,0,0.25424199493935007,-0.13285716925342111,0.04935212662281371,-0.1580000221729278,0.8728350475430489,-0.45866024494171137,0.026141127821358964,0.4266035669802892,-0.1728910277423105,0.8873751915633706,0.2611417422197022,-0.13783002913406775,0.06556648568443503,-0.16106797754764562,0.7915340885519986,-0.46326220035552973,0.015968191215683696,0.39104433637921554,-0.18094836706633954,0.9022677165404199
9.566667,287,0,0.25424199493935007,-0.13285716925342111,0.04935212662281371,-0.1580000221729278,0.8728350475430489,-0.45866024494171137,0.026141127821358964,0.4266035669802892,-0.1728910277423105,0.8873751915633706,0.2613528508691778,-0.13741202224907187,0.06556648568443503,-0.1610679775476456,0.7915340885519986,-0.46172821521759044,0.015668258448085608,0.39105646884071066,-0.18025628127645002,0.9024062371877888
9.6,288,0,0.25424199493935007,-0.13285716925342111,0.04935212662281371,-0.1580000221729278,0.8728350475430489,-0.45866024494171137,0.026141127821358964,0.4266035669802892,-0.1728910277423105,0.8873751915633706,0.2613528508691778,-0.13741202224907187,0.06556648568443503,-0.1610679775476456,0.7915340885519986,-0.46172821521759044,0.015668258448085608,0.39105646884071066,-0.18025628127645002,0.9024062371877888
9.633333,289,0,0.25424199493935007,-0.13285716925342111,0.04935212662281371,-0.1580000221729278,0.8728350475430489,-0.45866024494171137,0.026141127821358964,0.4266035669802892,-0.1728910277423105,0.8873751915633706,0.2614703748653452,-0.1374705025486203,0.06569690741252905,-0.16106797754764562,0.7900001034140587,-0.4617282152175904,0.015483686428634427,0.39037510092012334,-0.18037909014409675,0.9026798545857612
9.666667,290,0,0.25424199493935007,-0.13285716925342111,0.04935212662281371,-0.1580000221729278,0.8728350475430489,-0.45866024494171137,0.026141127821358964,0.4266035669802892,-0.1728910277423105,0.8873751915633706,0.2614703748653452,-0.1374705025486203,0.06569690741252905,-0.16106797754764562,0.7900001034140587,-0.4617282152175904,0.015483686428634427,0.39037510092012334,-0.18037909014409675,0.9026798545857612
9.7,291,0,0.2544454794692891,-0.13244976024324331,0.049352126622813686,-0.15800002217292786,0.8728350475430489,-0.45712628960609425,0.02581392475573583,0.4266234911637942,-0.1722103800021604,0.887507534106293,0.26147209155518275,-0.13747091505036585,0.06569861234061058,-0.16260196268558513,0.7900001034140591,-0.46172821521759044,0.014791333201537953,0.39051333550383854,-0.18007962231545016,0.9026914649438713
9.733334,292,0,0.2544454794692891,-0.13244976024324331,0.049352126622813686,-0.15800002217292786,0.8728350475430489,-0.45712628960609425,0.02581392475573583,0.4266234911637942,-0.1722103800021604,0.887507534106293,0.2616326072114116,-0.13755078813130764,0.066297965005896,-0.16260196268558494,0.7869321331381798,-0.4617282152175902,0.014421743550713772,0.38915009966065933,-0.18032596730375938,0.9032368231881492
9.766666,293,0,0.25424199493935007,-0.13285716925342111,0.04935212662281371,-0.1580000221729278,0.8728350475430489,-0.45866024494171137,0.026141127821358964,0.4266035669802892,-0.1728910277423105,0.8873751915633706,0.26165489040723183,-0.13808591399444728,0.06656021688668157,-0.16260196268558505,0.7838641926646233,-0.4632622003555299,0.014349548342911914,0.38777506942416357,-0.18126502498017538,0.9036412876326402
9.8,294,0,0.25424199493935007,-0.13285716925342111,0.04935212662281371,-0.1580000221729278,0.8728350475430489,-0.45866024494171137,0.026141127821358964,0.4266035669802892,-0.1728910277423105,0.8873751915633706,0.26254075548171796,-0.1385284198388219,0.06714648717528851,-0.16260196268558513,0.7731263265013699,-0.4632622003555299,0.013051947560773344,0.38299438126310176,-0.18212384020448252,0.9055251832030609
9.833333,295,0,0.2542438316174727,-0.13285764340372958,0.04935368410681375,-0.15953400731086714,0.8728350475430489,-0.45866024494171126,0.025460510021153477,0.4267360476201523,-0.17256377515466453,0.8873949806007269,0.26339757826719923,-0.1394846069172689,0.0688214192985026,-0.16260196268558497,0.7577865049242973,-0.4647961854934692,0.011486084883929692,0.3761370052048163,-0.1840381137729934,0.9080302835525201
9.866667,296,0,0.25457606250498976,-0.13251312172059437,0.049474571492503755,-0.16106797754764546,0.8713010624051094,-0.45712628960609425,0.024270083095990814,0.42621810813667793,-0.17168338051666282,0.8878479060161576,0.264419540024825,-0.13999705589140127,0.06946596926057201,-0.1626019626855849,0.743980698287487,-0.4647961854934691,0.009811856634433892,0.3699555623308663,-0.18512667311942838,0.9103651598504692
9.9,297,0,0.2551298821132595,-0.13329472161766195,0.05019509171915257,-0.16106797754764562,0.8620972111821175,-0.4586602449417115,0.023499233753359387,0.4221806961685145,-0.17312934396373197,0.8895153040023321,0.2651097645443338,-0.14034315969059336,0.06985154391485207,-0.1626019626855849,0.7317088320851326,-0.4647961854934691,0.008323254147656113,0.364446121047784,-0.18608688049332456,0.9124041983692758
9.933333,298,0,0.2563789072879965,-0.13391146683090852,0.05141314258177934,-0.16106797754764557,0.8467573896050453,-0.4586602449417114,0.021668561122691023,0.41546305265066036,-0.1743962848124762,0.8924723307669951,0.2657678821258741,-0.14067316389770018,0.07068260466865739,-0.16260196268558502,0.7225049510598183,-0.4647961854934691,0.007206595830165057,0.3603050325501288,-0.18680243880110958,0.9139109351318371
9.966666,299,0,0.25785540221600983,-0.13464053234348058,0.05290279199641172,-0.16106797754764557,0.8283496275544167,-0.4586602449417114,0.01947008369059065,0.40736966429097937,-0.17590306315925375,0.8959514411103583,0.2660562378630671,-0.1408181984084805,0.07062173290083273,-0.1610679775476456,0.719436995685101,-0.46479618549346924,0.007535684647520574,0.3587794080491107,-0.18731531568189738,0.9144033695956145
10.0,300,0,0.25894650313324563,-0.13517929751930324,0.05403978365582009,-0.16106797754764557,0.814543791115284,-0.4586602449417114,0.01782013127428339,0.40127693254777436,-0.17702337634520687,0.8985109852159625,0.26616487883822,-0.14087267496384126,0.07076127180473882,-0.1610679775476455,0.7179030105471611,-0.4647961854934692,0.0073497410950801485,0.35808796667072584,-0.18743344128724967,0.9146516793395613
10.033334,301,0,0.25978534493681565,-0.1355935018744171,0.054935660615105866,-0.16106797754764568,0.8038059249520302,-0.45866024494171154,0.01653624466129792,0.39652490985072264,-0.17788890150336473,0.9004721468220458,0.26620121670607483,-0.14089089609879607,0.0712385666310956,-0.1610679775476456,0.7163690403103828,-0.46479618549346924,0.00716379502527375,0.3573963213569645,-0.18755145548384466,0.9148994486101939
10.066667,302,0,0.2602607939449191,-0.13582826968040015,0.05545208290437206,-0.16106797754764562,0.7976700142025948,-0.4586602449417115,0.015802380309469934,0.3938043333499997,-0.17838118564026087,0.901581157977967,0.26620121670607483,-0.14089089609879607,0.0712385666310956,-0.1610679775476456,0.7163690403103828,-0.46479618549346924,0.00716379502527375,0.3573963213569645,-0.18755145548384466,0.9148994486101939
10.1,303,0,0.2602607939449191,-0.13582826968040015,0.05545208290437206,-0.16106797754764562,0.7976700142025948,-0.4586602449417115,0.015802380309469934,0.3938043333499997,-0.17838118564026087,0.901581157977967,0.2664454270716965,-0.1410133521010892,0.07257104425890931,-0.16106797754764562,0.7117670923471451,-0.4647961854934693,0.006605927452001786,0.35532010876422104,-0.18790483867185423,0.9156395325858235
10.133333,304,0,0.2602607939449191,-0.13582826968040015,0.05545208290437206,-0.16106797754764562,0.7976700142025948,-0.4586602449417115,0.015802380309469934,0.3938043333499997,-0.17838118564026087,0.901581157977967,0.2665450298194366,-0.14106329655891192,0.07400454739295957,-0.16106797754764557,0.7071651518344879,-0.46479618549346924,0.006048025807060325,0.353242018302612,-0.18825722643194254,0.9163747675408171
10.166667,305,0,0.2602607939449191,-0.13582826968040015,0.05545208290437206,-0.16106797754764562,0.7976700142025948,-0.4586602449417115,0.015802380309469934,0.3938043333499997,-0.17838118564026087,0.901581157977967,0.2664251131130384,-0.1410031659398192,0.07515596069637687,-0.16106797754764565,0.7056311517953873,-0.46479618549346924,0.005862048921645111,0.35254889635401365,-0.18837446913493158,0.916618771049415
10.2,306,0,0.2602607939449191,-0.13582826968040015,0.05545208290437206,-0.16106797754764562,0.7976700142025948,-0.4586602449417115,0.015802380309469934,0.3938043333499997,-0.17838118564026087,0.901581157977967,0.26603369194843135,-0.14134140213851715,0.07888596145690105,-0.15953400731086734,0.6979612708091736,-0.4663301706314087,0.005903719386114461,0.3489307808277536,-0.18993060414524376,0.9176812201943368
10.233334,307,0,0.2602607939449191,-0.13582826968040015,0.05545208290437206,-0.16106797754764562,0.7976700142025948,-0.4586602449417115,0.015802380309469934,0.3938043333499997,-0.17838118564026087,0.901581157977967,0.2661815306046266,-0.14141581786650043,0.08719527349868181,-0.1595340073108673,0.6734175831079483,-0.4663301706314087,0.0029219143892387656,0.33779766120857635,-0.19177678892601757,0.9214694057468992
10.266666,308,0,0.2602607939449191,-0.13582826968040015,0.05545208290437206,-0.16106797754764562,0.7976700142025948,-0.4586602449417115,0.015802380309469934,0.3938043333499997,-0.17838118564026087,0.901581157977967,0.26577211486713304,-0.14174412198887137,0.09845177953903472,-0.1595340073108673,0.6396699771285057,-0.46786412596702576,-0.0009314193987013175,0.3224076953621233,-0.19497859292094896,0.926302196225268
10.3,309,0,0.26031830758319696,-0.1358566688366556,0.0559178252846482,-0.1610679775476456,0.7961360439658165,-0.45866024494171154,0.01561889160267755,0.39312361237104887,-0.17850399391751848,0.9018570838979619,0.2648790387364985,-0.14129242794088284,0.11318429995422863,-0.16106797754764557,0.5967185348272324,-0.46786412596702576,-0.006879886129518522,0.30284311819202425,-0.19784159007460486,0.932253945106873
10.333333,310,0,0.2603723545224434,-0.13588335620192654,0.058916505219135815,-0.16106797754764568,0.786932155489922,-0.45866024494171154,0.01451776216737508,0.38903441421279517,-0.1792386412303641,0.9035015044977244,0.26360022239837655,-0.14064626530314367,0.12230144652074768,-0.16106797754764562,0.5737088210880756,-0.4678641259670258,-0.009684811424592314,0.29222399185918035,-0.19947039949301815,0.9352662202472896
10.366667,311,0,0.26077893093966126,-0.13556415595288218,0.06733607339347043,-0.16106797754764557,0.7623884379863739,-0.45712628960609436,0.0112899856283467,0.37809860613282076,-0.18048279204421122,0.907931683575838,0.26199513196843516,-0.13983524230077576,0.1300914284536779,-0.1610679775476456,0.5568350339308381,-0.46786412596702576,-0.011740962544655016,0.2844119717407644,-0.20064809166562964,0.9373965667955034
10.4,312,0,0.26137008677541695,-0.13585493056957818,0.07653548512175967,-0.16106797754764554,0.7332428097724915,-0.45712628960609436,0.007809164971140718,0.36502544230756806,-0.1827478516683287,0.9128519409637185,0.25923002082750873,-0.13843808193051743,0.1402115959934687,-0.16106797754764557,0.5399612262845039,-0.46786412596702576,-0.013796280429298332,0.2765796974421587,-0.2018115029603567,0.9394601912172766
10.433333,313,0,0.2612787348855751,-0.13580955615968465,0.08831386817715789,-0.16260196268558497,0.7010292112827301,-0.4571262896060943,0.0032558920098665575,0.3506280271278099,-0.1849372936489448,0.918067308631281,0.2564098238955667,-0.1370130877119077,0.14807762691712573,-0.16106797754764565,0.529223371297121,-0.46786412596702587,-0.015103705164579585,0.2715852478084514,-0.20254437988478644,0.9407385957003204
10.466666,314,0,0.2600534772542801,-0.1357254595284466,0.10540098614051416,-0.16260196268558494,0.6580777429044247,-0.4586602449417114,-0.0016287931587369653,0.33110523354448473,-0.18886430231791299,0.9244982134446049,0.253453980852144,-0.13551955398017113,0.15560412937573137,-0.16106797754764557,0.520019493997097,-0.46786412596702576,-0.016224010041808273,0.2672980539021147,-0.20316791411571103,0.9418127895458718
10.5,315,0,0.2582419601212207,-0.13483140738947924,0.11717209837437863,-0.16106797754764562,0.6335340552031998,-0.4586602449417115,-0.0038617075209360723,0.3197353665220875,-0.19091225105238607,0.9280662126206943,0.249105359085666,-0.13332227449022976,0.16440800315700943,-0.1610679775476456,0.5138835534453392,-0.46786412596702587,-0.016970693261202187,0.26443676371351155,-0.20358121555541708,0.9425178418682256
10.533334,316,0,0.2557456030833947,-0.13359875308852992,0.12871798482459515,-0.1610679775476455,0.6105243489146233,-0.45866024494171137,-0.006619310772387874,0.309168248899407,-0.19256806558021008,0.9312833718670535,0.24591767613717186,-0.13171203519255892,0.1701342931671872,-0.15953400731086734,0.5108156129717827,-0.46786412596702587,-0.016620801765878362,0.26284881842038915,-0.20398880705875122,0.9428800635279189
10.566667,317,0,0.25200237012040105,-0.13175041483347505,0.14036765689293773,-0.16106797754764557,0.5936505943536763,-0.4586602449417114,-0.008641013341556883,0.30139295601975097,-0.1937661404380827,0.9335642997511402,0.24277811986650288,-0.13012567450829898,0.1754758799424776,-0.1595340073108673,0.507747657597065,-0.46786412596702576,-0.016993775051483032,0.2614164691956542,-0.20419316039203564,0.9432273291693205
10.6,318,0,0.24898503246882198,-0.13026006901623982,0.1464298668845882,-0.162601962685585,0.592116579413414,-0.4586602449417114,-0.009540971343784496,0.3008336336386123,-0.19364369613534002,0.9337613258668676,0.23854325092602652,-0.1279858722525064,0.18206009390574152,-0.15953400731086728,0.5046796724200249,-0.46786412596702576,-0.01736671197175691,0.25998349091231404,-0.20439703521913088,0.9435723786556949
10.633333,319,0,0.24648983040838154,-0.12902798502146873,0.15182675161571918,-0.16260196268558505,0.5875146389007573,-0.4586602449417114,-0.010092695928960891,0.29870906887998544,-0.19396934146520456,0.9343698005764595,0.23593031677076728,-0.126666038906613,0.18610665113023273,-0.1580000221729279,0.5016117021441464,-0.4678641259670258,-0.01701562511903767,0.25839290477558113,-0.2047986737437853,0.9439285346339693
10.666667,320,0,0.24291060457933425,-0.12726063041417818,0.15697056886301275,-0.162601962685585,0.5905826315283775,-0.4586602449417114,-0.00972488142500362,0.3001256367063581,-0.19375235629351137,0.9339646959621037,0.23402002609989242,-0.1252279411762751,0.18856098301182797,-0.1564660370349885,0.5031457170844078,-0.4663301706314088,-0.016304057425037502,0.25894035784308184,-0.20417234985168586,0.9439267558172183
10.7,321,0,0.24016658657921108,-0.1259056857734549,0.16101426334303506,-0.16260196268558508,0.5921165570616722,-0.4586602449417115,-0.009540974023649866,0.3008336233234063,-0.19364369771949885,0.9337613288342532,0.23201644121281975,-0.12421984736300706,0.1895749508561082,-0.15493206679821014,0.5108156353235245,-0.4663301706314087,-0.01465245236830209,0.26236760033884027,-0.20386981689255745,0.943072449863863
10.733334,322,0,0.23763269412629326,-0.12465493824539425,0.16403957444884135,-0.1610679775476456,0.5951845198869705,-0.45866024494171154,-0.00845725170104571,0.302100671594521,-0.19365779688564344,0.9333596931629324,0.23123214351798274,-0.12382548700280971,0.19002046966505728,-0.15339808166027066,0.5138835459947586,-0.4663301706314087,-0.013558284226347622,0.2636437729197963,-0.203870822922373,0.9427326352102205
10.766666,323,0,0.23536607804484933,-0.12353572572128116,0.1681228766826392,-0.1610679775476455,0.592116616666317,-0.45866024494171137,-0.008824776146855484,0.30068503908440103,-0.19387437368901453,0.9337683641157815,0.2308047786309943,-0.12314397808263736,0.18980534314688619,-0.15339808166027066,0.518485501408577,-0.4647961854934691,-0.013205818677767267,0.26578152438010766,-0.20284694380113016,0.9423581617632318
10.8,324,0,0.23411328503350992,-0.12291755692924357,0.17072719018768603,-0.1595340073108673,0.5875146314501762,-0.4586602449417114,-0.008659383082450973,0.29841116946883656,-0.19442732663991233,0.9343841841964844,0.23031488208429393,-0.12289832605024543,0.18885896700411775,-0.15339808166027066,0.5230874642729759,-0.4647961854934691,-0.01265107350600287,0.2679283487858364,-0.20254511903917086,0.9418226080369111
10.833333,325,0,0.23332828449349413,-0.12253037114751265,0.17236347207251143,-0.15800002217292797,0.5844466909766202,-0.45866024494171154,-0.008309571350553152,0.29684421629405083,-0.19486941202143632,0.9347942953052081,0.22886914755298293,-0.12217338192008612,0.18935435279099963,-0.15339808166027075,0.5215534791350365,-0.4647961854934693,-0.012835995851287575,0.26721289886457433,-0.20264584636229713,0.9420016798514771
10.866667,326,0,0.23274978317413136,-0.12271239002427167,0.17289094188052834,-0.1564660370349884,0.5844466909766197,-0.46019423007965077,-0.007365023883934108,0.29670040179349916,-0.1958139594880553,0.9346504808046565,0.22650799169036484,-0.12098899046989012,0.19067070636903302,-0.15493206679821017,0.5169515311717992,-0.46479618549346935,-0.01411363001506502,0.2652211921893765,-0.2027439493070208,0.9425250212492164
10.9,327,0,0.23271121008369441,-0.12222609999377654,0.17250823676947374,-0.1564660370349883,0.5859806686639786,-0.4586602449417114,-0.007409316640819937,0.297403708651463,-0.19499100083473137,0.9345986548785215,0.221365232935895,-0.11796266027019481,0.18931687791040666,-0.15493206679821028,0.5276893526315694,-0.4632622003555299,-0.013025482724422723,0.27021884778389077,-0.20131301442345903,0.9414272044751427
10.933333,328,0,0.23198895792676005,-0.12186946542022589,0.17217689214929838,-0.15646603703498838,0.587514653801918,-0.4586602449417114,-0.007226039334088599,0.2981125801868964,-0.19488485445741174,0.9343963652502973,0.21562757358961376,-0.11422506996907841,0.18626998386589566,-0.15646603703498835,0.5476311594247814,-0.4601942300796508,-0.011775063488334812,0.27963531467009295,-0.19832772431076007,0.9393250515337696
10.966666,329,0,0.22880482372160726,-0.12029719964922087,0.17091247311867686,-0.15646603703498843,0.5951845645904541,-0.45866024494171154,-0.006309592973697132,0.30165429205666994,-0.19435240516343466,0.9333766762285651,0.20852454824577032,-0.10944227572037565,0.18313091055046785,-0.1595340073108673,0.5691069066524506,-0.4555923044681549,-0.01130673093491679,0.2898782497915532,-0.19426934685203184,0.9370710640111752
11.0,330,0,0.22364760050192284,-0.11775065951638962,0.1683066170710097,-0.15646603703498835,0.6135923117399216,-0.45866024494171137,-0.004109773403343924,0.31013618321506525,-0.19306288266342234,0.9308734505619194,0.19824837269426915,-0.10083237465256348,0.17786971081937045,-0.16106797754764554,0.5967185199260712,-0.4417864680290221,-0.01082791077242244,0.3027276652128201,-0.18566961840021992,0.9347542510554396
11.033334,331,0,0.2168108947754779,-0.11437439379016326,0.1658609918099574,-0.15800002217292794,0.6335340440273289,-0.4586602449417114,-0.0024380720103233167,0.31944213019745377,-0.19140249396409176,0.9280710460757363,0.19200927927449868,-0.09219975503948658,0.17566759449878683,-0.16413594782352456,0.602854460477829,-0.4187767505645752,-0.015067144902581597,0.30569293023057365,-0.17401620431388493,0.9359717806577923
11.066667,332,0,0.20527699329062782,-0.10785149993784798,0.16289962027549507,-0.15800002217292794,0.658077746629715,-0.4555923044681549,-8.785387637652855e-06,0.33067016354180356,-0.18820728741857276,0.9247893056413425,0.18775965485586849,-0.08092939588614062,0.1729219715539694,-0.16873788833618164,0.6043884158134465,-0.37889325618743896,-0.023164654567047707,0.30640130931713183,-0.15451157236913357,0.9389929767743499
11.1,333,0,0.1960711859047739,-0.10097739789754175,0.1603917162859319,-0.15800002217292783,0.67188361287117,-0.44638842344284047,8.264109107846757e-05,0.3369704354653755,-0.18295017006402248,0.9235692470336323,0.18338895636802954,-0.06529560520151416,0.1688548784906956,-0.17640778422355646,0.6028544306755066,-0.3160000443458557,-0.03653909617505203,0.3052810454250588,-0.12383877051005379,0.9434682488952406
11.133333,334,0,0.18698913183935573,-0.08850716843366177,0.1585765249960915,-0.16413594782352448,0.6749515533447266,-0.41264083981513977,-0.008109313795320264,0.3388395139760225,-0.16608665092807812,0.9260330702419631,0.17997085042834993,-0.05518538065813282,0.16499679726377564,-0.17794176936149597,0.6028544306755066,-0.2730485796928407,-0.043811793732774856,0.3045053383150968,-0.10331657689273926,0.9458766889011971
11.166667,335,0,0.18279496485869723,-0.07688555745400445,0.15905027116798476,-0.16720390319824216,0.659611701965332,-0.3696893751621245,-0.018342817112571977,0.33175097415953886,-0.1466979686981727,0.9317105442058717,0.17662042300515882,-0.045930362230587954,0.15997083737377346,-0.17640778422355652,0.607456386089325,-0.2316311001777649,-0.04906806866727441,0.3056348042657166,-0.08366958116890685,0.9471953822975175
11.2,336,0,0.17976752637343082,-0.06378788987352749,0.15859079643740623,-0.1718058437108993,0.6458058953285217,-0.31446605920791615,-0.030854717298766456,0.32499112558954973,-0.12105635174729375,0.9374295250364617,0.1715532170964571,-0.03622035613119388,0.15228604253460454,-0.17180584371089933,0.6197282075881954,-0.18714565038681027,-0.05296734049761617,0.31011055103002566,-0.06261064787825252,0.9471566996821218
11.233334,337,0,0.17591491278464128,-0.04667552152379864,0.15555125509010065,-0.17794176936149605,0.6381360292434692,-0.23623304069042214,-0.04696240076203946,0.32020627677419444,-0.08377424482177573,0.9424671607719893,0.167851490057758,-0.03041565315752097,0.14779712589184157,-0.16720390319824216,0.6197283267974849,-0.15953400731086728,-0.05506217148332099,0.3092350365384812,-0.05024048687290194,0.9480599890973985
11.266666,338,0,0.17236479098971563,-0.03695710310315855,0.15079788146211115,-0.17794176936149605,0.642737984657288,-0.1902136206626893,-0.054046527037626836,0.3212004485176183,-0.061806397295582495,0.9434453953677407,0.16405037431187763,-0.026225170159581923,0.14477461902564884,-0.16260196268558502,0.6135923266410828,-0.139592245221138,-0.05623869919095785,0.3056746991862511,-0.041796830638673795,0.9495542174827438
11.3,339,0,0.1684048667461364,-0.031068661309109083,0.1434111358963631,-0.17640778422355655,0.6596117615699768,-0.16260196268558505,-0.05686786771738225,0.32830313419291435,-0.04810148498289943,0.941631214883421,0.1594492582997589,-0.021581289908049216,0.13802315093109643,-0.16106797754764557,0.613592267036438,-0.11658254265785217,-0.059023004911170886,0.3049836711483133,-0.031103757622083193,0.9500177900891857
11.333333,340,0,0.16402846800294513,-0.027318709120871476,0.13676786680588823,-0.17180584371089933,0.6734175682067871,-0.1457281708717346,-0.05680163942091625,0.33418610618229083,-0.0401876386415843,0.9399351966461456,0.15643042442577587,-0.018102012807067445,0.13172652522508577,-0.1610679775476456,0.6151262521743774,-0.09817477315664294,-0.06177310876757464,0.3051544471416991,-0.022288623571250565,0.9500358223152074
11.366667,341,0,0.1584406118050191,-0.0241094940332921,0.12946556579559101,-0.162601962685585,0.6841553449630737,-0.13192234933376304,-0.05430238218592601,0.3386527993487502,-0.03470647313508946,0.9387017596152208,0.15370085300235023,-0.014515130703826325,0.12401311011447247,-0.16106797754764557,0.6212621927261353,-0.07823301851749417,-0.06462370246772965,0.30743129332970726,-0.012543670874690306,0.9492904894087864
11.4,342,0,0.15449537661911886,-0.021259193946381448,0.12400539137034938,-0.16106797754764562,0.6887573599815373,-0.11811652034521104,-0.055728936474577516,0.3404004721637242,-0.028265796246692527,0.9382019233366912,0.14957950780237372,-0.011214885394422901,0.1137437777047077,-0.16260196268558502,0.6289321780204773,-0.05982524901628493,-0.06797412204706048,0.31045897188691557,-0.0032393950436981215,0.9481478006231948
11.433333,343,0,0.15147319742328097,-0.017613371163335202,0.11947106145323119,-0.16260196268558502,0.6826214790344238,-0.0981747731566429,-0.060064920247832596,0.3369700287965302,-0.018934009838650675,0.9394066788776397,0.14627474378326227,-0.009804259945145756,0.10683049402994446,-0.162601962685585,0.630466103553772,-0.05215534567832943,-0.06912598016092285,0.3109221143615282,0.0004620975680462106,0.9479181526553788
11.466666,344,0,0.14789754054765114,-0.012586360677941427,0.11145281265591857,-0.16106797754764557,0.6764854788780212,-0.06902913749217984,-0.06443000025890454,0.33317617692288154,-0.005768166391734184,0.9406429388743465,0.14290578035318177,-0.009153184205677133,0.10064803395380284,-0.16566991806030273,0.6289321184158325,-0.04908738657832147,-0.0710943294543908,0.31008631801063813,0.002326833033173064,0.9480435947518826
11.5,345,0,0.1448006777512974,-0.0092470776010612,0.10332053694535395,-0.16260196268558502,0.6810874938964844,-0.049087386578321436,-0.06835499012291678,0.33467474017139154,0.004060928607275208,0.939842498759954,0.13860314169642438,-0.008940576649743077,0.09250415015011468,-0.17027187347412104,0.6258641481399536,-0.049087386578321436,-0.07335148433168888,0.30862772918214965,0.002904716741274958,0.9483459533033611
11.533334,346,0,0.14107761468901459,-0.008595150619897648,0.09479227637796658,-0.16413594782352445,0.6902912855148315,-0.046019423753023155,-0.06936295558254753,0.3388805956657083,0.0061499034023728884,0.9382488481006783,0.1360214479809866,-0.008813327917293345,0.08730752112590034,-0.17180584371089935,0.6197282075881962,-0.04908738657832147,-0.07423086100292088,0.3057186162050027,0.0028679565895636393,0.9492195119177986
11.566667,347,0,0.13627040557948475,-0.009054589918211661,0.08573685661863083,-0.16413594782352442,0.6933592557907104,-0.0506213642656803,-0.06850399642984105,0.34047602527508003,0.004122388131565172,0.9377453196908615,0.13391851530388227,-0.008932955967151948,0.08234517334912242,-0.17333982884883878,0.6120582818984981,-0.05062136426568029,-0.07491710824414322,0.30213660305627965,0.0020288923191198603,0.9503140447146432
11.6,348,0,0.1333554363645416,-0.009129034195106188,0.08025265811955568,-0.16566991806030276,0.6887574195861816,-0.052155345678329475,-0.06908276764046481,0.3383706698171397,0.003465008158525583,0.9384672901817597,0.1319927275523951,-0.00883496089513762,0.07643113410423368,-0.17487381398677831,0.6013205051422119,-0.05062136426568033,-0.0759151507226444,0.29703595748485623,0.0017729041648282884,0.9518421017493579
11.633333,349,0,0.13091305364895423,-0.008781940162043254,0.07480568817539524,-0.1687378883361816,0.6826213598251343,-0.050621364265680306,-0.07094153409191825,0.33543469037723717,0.004434347735086248,0.9393780941625031,0.13093760326394882,-0.008562297597763429,0.07167206390617556,-0.1764077842235565,0.5967185497283936,-0.04908738657832146,-0.07698650843815402,0.2947877703631463,0.002520525907283104,0.9524530932870016
11.666667,350,0,0.12864125409237975,-0.008450762230752681,0.06892063723292849,-0.17180584371089933,0.6688156127929688,-0.04908738657832145,-0.07299517300353443,0.3288900484280476,0.005054756452535762,0.9415293358150802,0.13027201723369888,-0.008311449540386533,0.06786922801590764,-0.17794176936149594,0.5905826091766362,-0.0475534051656723,-0.07809226808344856,0.29180657476071037,0.0031952466930143873,0.9532787163209802
11.7,351,0,0.12781073721101655,-0.008409961551553737,0.06582593742258383,-0.17180584371089933,0.6550098657608032,-0.04908738657832146,-0.07334718489816919,0.32239254705855425,0.00443997372343448,0.9437497140142331,0.12991914755369155,-0.008294656725602315,0.06347821632569808,-0.17794176936149597,0.5813786983489995,-0.04755340516567233,-0.07831466375090561,0.28742221234605925,0.0027724089808216844,0.9545928970195214
11.733334,352,0,0.12734444709694023,-0.008386632218861283,0.06256637148405887,-0.17333982884883883,0.6427379846572876,-0.04908738657832148,-0.07438246563698042,0.3166009549831549,0.004136148719160255,0.9456288787803018,0.1299468987572663,-0.008296410457037247,0.06087134746185696,-0.17640778422355652,0.5737088918685918,-0.0475534051656723,-0.07776570708521909,0.28376575280354505,0.002202358912663886,0.9557325159021184
11.766666,353,0,0.1274946005815417,-0.008393583106049152,0.062290554721867744,-0.17487381398677826,0.6197282075881958,-0.04908738657832147,-0.07568686171910029,0.30571385710918564,0.0033369208449827888,0.9491045261159661,0.1299848000556711,-0.008299069158428818,0.0616105569156021,-0.17333982884883875,0.5645049214363098,-0.04755340516567229,-0.07651595751907957,0.279372356442657,0.0013542398853249183,0.9571282885459756
11.8,354,0,0.12906138799694816,-0.008470980118869997,0.06755658601874917,-0.1733398288488388,0.5798447132110596,-0.049087386578321485,-0.07593445796121562,0.28675467445572705,0.0013097890609806288,0.9549890047663073,0.13003741402778102,-0.00743333235263115,0.06342175302937861,-0.17027187347412104,0.5568351149559025,-0.0414174795150757,-0.07607064686689631,0.27547335307546766,0.003527281069420194,0.9582876638665804
11.833333,355,0,0.129638301779941,-0.008282153905078658,0.07082787447561573,-0.1748738139867783,0.5583690404891968,-0.04755340516567233,-0.07739406332231223,0.27643724172823103,0.0012910360215456008,0.957909674016366,0.12954286612426497,-0.006763639546382854,0.06297252678829174,-0.17027187347412107,0.5629710555076604,-0.03681553900241852,-0.07657815368127384,0.2782336133872315,0.005998488415028838,0.9574371315637317
11.866667,356,0,0.1298796256321571,-0.007859942033125724,0.07163322565067161,-0.1733398288488388,0.552233099937439,-0.04448544234037401,-0.07722143978906063,0.2733831798173969,0.0022745481658925162,0.9587978476511482,0.1287414756298554,-0.006088869714306596,0.06205747462779304,-0.1702718734741211,0.5737088918685918,-0.03221359476447107,-0.0770074765492929,0.283188869425723,0.008663831378870345,0.9559282665633072
11.9,357,0,0.12985170780927907,-0.007641731750556026,0.07141644341288252,-0.17333982884883878,0.5537670850753784,-0.04295146092772484,-0.07739719383847937,0.2740584027308083,0.003078271339446818,0.9585886451049416,0.1273371642710095,-0.005831153964696719,0.060163656805246504,-0.16873788833618164,0.5936506390571599,-0.030679615214467063,-0.07610377465481033,0.29264727950659364,0.0100283108130601,0.9531344177307396
11.933333,358,0,0.12860825408868062,-0.0071582735508644675,0.06910616309298044,-0.1733398288488388,0.5752428770065308,-0.039883501827716855,-0.07735380179601431,0.28420639347087095,0.005500661238326438,0.9556217128047713,0.12593956519068739,-0.005577555835962285,0.058239290086889765,-0.16873788833618164,0.6135923862457275,-0.029145635664463043,-0.07594024089544796,0.3020704618712507,0.011604555456295658,0.9501851662546055
11.966666,359,0,0.12729449769919696,-0.006893325383716831,0.06709588318485213,-0.17180584371089935,0.5951846241950993,-0.038349520415067714,-0.07640969843417156,0.2936570182260732,0.006889571886780187,0.9528271865511538,0.12433844370956529,-0.0055308769144524605,0.05625206543652714,-0.16873788833618159,0.6350681185722356,-0.029145635664463043,-0.07551398609220905,0.3122478481308681,0.012513481966633077,0.9469119980289502
12.0,360,0,0.12574689992904067,-0.006202829622839806,0.06481006237717159,-0.17027187347412104,0.6181942820549011,-0.033747576177120195,-0.07587760751947763,0.3044205384739427,0.009848146379333353,0.9494597087002935,0.12191979901508801,-0.0054603640101008565,0.053537079499940785,-0.16873788833618164,0.6657477021217351,-0.02914563566446307,-0.07488996009990963,0.3267242122947615,0.013809418198790904,0.9420467519956812
12.033334,361,0,0.12359079920200566,-0.0055086659525279535,0.06182256248418663,-0.17027187347412107,0.6488739252090454,-0.029145635664463043,-0.07595995885749916,0.3187613665803015,0.013341527154489956,0.944692161224709,0.12051055724188195,-0.005419279128725239,0.052699087782708015,-0.16873788833618164,0.6795535087585449,-0.02914563566446303,-0.07460339043110502,0.333213694453975,0.014391547340951561,0.9397850027158606
12.066667,362,0,0.12167199414536725,-0.005248592421120852,0.05933686188884477,-0.1702718734741211,0.6749516129493718,-0.027611654251813916,-0.0756745600250798,0.3309833701900942,0.01517283119661233,0.9404749623547118,0.11915561643317239,-0.005179507604005588,0.05207098682448886,-0.16873788833618159,0.6918253898620605,-0.02761165425181386,-0.07460564002448959,0.33891170597843473,0.015627653935604474,0.9377252425203196
12.1,363,0,0.11967264257084669,-0.005394436440273269,0.05690227412929169,-0.1702718734741211,0.7010293006896977,-0.02914563566446307,-0.07486857219035165,0.3432649824314921,0.015558998458909833,0.9361205938881172,0.11767357702986422,-0.005138575641662017,0.05156183856866346,-0.16873788833618167,0.7040972113609314,-0.02761165425181389,-0.07434953215432968,0.34465424784807697,0.016142367596798844,0.9356415021134314
12.133333,364,0,0.11699457877645998,-0.0055133335958796785,0.05383020247893898,-0.17027187347412104,0.7347768545150757,-0.030679615214467007,-0.07385983591138767,0.3590536528017397,0.016274801958385595,0.9302474562556384,0.11689866079797384,-0.005117173483290008,0.05133633884464176,-0.16873788833618159,0.7102330923080444,-0.02761165425181386,-0.07422042853879218,0.34752065236776203,0.016399496483446747,0.9345864222641439
12.166667,365,0,0.1153771136953949,-0.005269205058654503,0.05205784835589625,-0.17027187347412107,0.7547186017036442,-0.02914563566446307,-0.0736919157679191,0.36824527577705823,0.017830620169736522,0.9266320668974793,0.11631818560269461,-0.005100727331181814,0.05088950291378298,-0.1702718734741211,0.7163690328598027,-0.027611654251813902,-0.07480660806216947,0.3503709352809181,0.016925210365189798,0.9334654339367375
12.2,366,0,0.11386075896063758,-0.004840735508516552,0.050450912626373856,-0.17027187347412104,0.7731263637542729,-0.026077672839164706,-0.07385406322343438,0.3766369174427315,0.020022773664491858,0.9231951572118469,0.11620013205829655,-0.0050966273236816816,0.05075340585682918,-0.17333982884883875,0.7179030179977417,-0.027611654251813875,-0.07620525969104121,0.35105968659429304,0.017528516950114682,0.9330823146632172
12.233334,367,0,0.11256174504001895,-0.004806852567491127,0.049133532753806275,-0.1702718734741211,0.7884661555290222,-0.02607767283916472,-0.07351374371950095,0.38370016874801577,0.020663762569268024,0.9202950173197553,0.11607545755735715,-0.005094023504556621,0.05061020952796171,-0.17027187347412107,0.7194370031356812,-0.02761165425181386,-0.07474103423488017,0.35180118198423677,0.017054737264148648,0.9329302450305946
12.266666,368,0,0.11241541661929075,-0.0051828600642356785,0.04900289400280698,-0.1702718734741211,0.7900001406669617,-0.029145635664463057,-0.07288971670284902,0.38451752583642035,0.019316505638022247,0.9200327353597547,0.11570181907589902,-0.00527867148400016,0.050192674940219534,-0.17027187347412107,0.7240388989448552,-0.029145635664463043,-0.07437085062773574,0.35400211692890726,0.016534014800632036,0.9321363119959075
12.3,369,0,0.11240732072295906,-0.005372554112100006,0.04900289400280698,-0.17027187347412104,0.7900001406669617,-0.030679615214467035,-0.0725947742816025,0.3845733183976586,0.018610844324828468,0.9200472803052749,0.1147074863579242,-0.005443558691840696,0.04908571861477927,-0.16873788833618164,0.7363107800483704,-0.03067961521446705,-0.07311214795653524,0.35977872039192976,0.016063922650216285,0.9300300191732603
12.333333,370,0,0.11229201714033792,-0.004989529899101268,0.04887245644059074,-0.1702718734741211,0.7915341258049011,-0.027611654251813902,-0.07314976249151942,0.3851663476010344,0.020086402275615582,0.9197241615651595,0.1133130356552717,-0.005783882306494899,0.04758429039628942,-0.16720390319824222,0.75318455696106,-0.03374757617712021,-0.07145838111335656,0.3677273374988915,0.015068970986626845,0.9270616112956241
12.366667,371,0,0.111889424055997,-0.005167525334256581,0.04848235395360824,-0.17027187347412104,0.7961360812187195,-0.02914563566446303,-0.0727478808051135,0.3873354190938171,0.019574320735157087,0.9188557367299501,0.11125697410643062,-0.0059031068417696965,0.04544323073650498,-0.1656699180603028,0.7777281999588017,-0.03528155758976938,-0.06988598370278724,0.37912932820491535,0.015098151699138147,0.9225773396263607
12.4,372,0,0.110418594171863,-0.0053115215968203055,0.0470676313623128,-0.17027187347412107,0.8130098581314087,-0.03067961521446705,-0.0720512742410609,0.39512109894797615,0.01958011033163648,0.9155897281674713,0.1085795297870925,-0.005808196351649669,0.042898416862924185,-0.1672039031982422,0.8084079027175908,-0.03528155758976935,-0.0698502003188392,0.3932067168640805,0.01667443771253629,0.9166413641415925
12.433333,373,0,0.10858414356601226,-0.005623822486135278,0.04548544954200669,-0.1687378883361816,0.8329516649246216,-0.03374757617712018,-0.0702531166133635,0.40434406292695324,0.018709484210526744,0.9117128569798767,0.10675362091225164,-0.005199871091852597,0.04136226328896685,-0.1672039031982422,0.8283497095108037,-0.03067961521446705,-0.07028371431385766,0.40215455351179147,0.01960798165285529,0.9126595431197116
12.466666,374,0,0.10571390916860204,-0.0058863814087522365,0.04285240180230292,-0.16873788833618164,0.8651652336120605,-0.03681553900241852,-0.06880462527663314,0.41906325181078474,0.01866918543846187,0.9051537858493314,0.1051703921124521,-0.004972053623061172,0.03992417052517376,-0.16873788833618164,0.8452235460281372,-0.02914563566446303,-0.07089134165354875,0.4097615392446423,0.021315725086327546,0.9091839959537704
12.5,375,0,0.10354645451238538,-0.005453748120302634,0.04113133351037783,-0.16873788833618164,0.8881748914718628,-0.03374757617712021,-0.06886081081762954,0.42932884020201567,0.021017462171056833,0.9002739594080342,0.1037016440015464,-0.004929233900388647,0.04032110887332013,-0.1687378883361816,0.8528933525085454,-0.029145635664463043,-0.07070750605764024,0.4132412873654829,0.021633106390870516,0.907614508319203
12.533334,376,0,0.10051529022996686,-0.005008010915523889,0.038722152588096,-0.16873788833618167,0.9203885793685913,-0.030679615214467076,-0.06870494477115736,0.44364854815966426,0.02372675433028547,0.893248362667833,0.10224164127827501,-0.004886669139795994,0.040240398905058566,-0.1687378883361816,0.8620971441268921,-0.029145635664463015,-0.0704855303927555,0.4174089693377361,0.022013544577402715,0.9057135011562981
12.566667,377,0,0.09830655410854575,-0.0046036841595914636,0.03706206097123274,-0.16873788833618164,0.9433982372283936,-0.027611654251813902,-0.06880849862292682,0.45377740442101333,0.026034113934519026,0.8880730165171282,0.10033853260018144,-0.004831186116392209,0.039798452370649565,-0.16873788833618159,0.8759031295776372,-0.02914563566446303,-0.07014976227487263,0.42364402481731545,0.02258333752462112,0.9028259765622685
12.6,378,0,0.09573404230147406,-0.00469694730704497,0.03524306936998063,-0.1687378883361816,0.9694758653640747,-0.029145635664463015,-0.0677867534660209,0.46535626587170575,0.026415483228448607,0.8821285190459986,0.09715426975348397,-0.004571859594249144,0.038537675493188636,-0.16873788833618159,0.9019807577133183,-0.027611654251813875,-0.06984033610155398,0.4353124408310501,0.02434481984370499,0.897236165152583
12.633333,379,0,0.09280471897585738,-0.004771379309422836,0.03329004819478801,-0.1687378883361817,0.9986215829849243,-0.030679615214467063,-0.06665342706608327,0.47819611878117396,0.026926346053531818,0.87530609762024,0.09417306218759411,-0.004489522595952754,0.03707281326409506,-0.16873788833618164,0.928058385848999,-0.027611654251813902,-0.06919412612965932,0.44696077895253783,0.02540971091928204,0.8915114029435024
12.666667,380,0,0.08872355153260625,-0.004492564221686573,0.030757215159664883,-0.16873788833618164,1.0385050773620605,-0.02914563566446307,-0.06594815433521581,0.4954798956975726,0.02920589210476485,0.8656197373937737,0.09097865437439354,-0.004558309244652978,0.035559411665819274,-0.16873788833618164,0.9556699991226201,-0.029145635664463057,-0.06814485309236148,0.4592638527429456,0.025853517692298038,0.8853047995937108
12.7,381,0,0.08503188530333983,-0.004237055416492473,0.028654132558425804,-0.16873788833618164,1.0737866163253784,-0.027611654251813902,-0.06536959594062171,0.510600722077941,0.031276007165529904,0.8567587349515772,0.08617207331502127,-0.004418178703250325,0.03334421674171764,-0.1687378883361816,0.9970874786376953,-0.029145635664463043,-0.06706088441564144,0.4774742276656575,0.027535606641281896,0.8756500385789819
12.733334,382,0,0.08093049553082374,-0.004123780471608958,0.026517764745341288,-0.16873788833618164,1.1121361255645752,-0.027611654251813902,-0.06430461196545267,0.5269111726839792,0.03279343404744091,0.8468495283485388,0.08242445530007197,-0.004308921055263473,0.0316683064523655,-0.16873788833618164,1.0293010473251343,-0.029145635664463043,-0.06619789195323034,0.49149667658645274,0.028835769997715015,0.8678809563379412
12.766666,383,0,0.0748813528343108,-0.0040890102664249625,0.023721268086217384,-0.16873788833618172,1.167359471321106,-0.029145635664463126,-0.0623076951298852,0.5501043306028021,0.034319033838197406,0.8320608033647884,0.07834454084796447,-0.004189561457820008,0.029866936707551986,-0.1702718734741211,1.0645828247070312,-0.02914563566446303,-0.0658919211829583,0.5066849221095254,0.03063980548535999,0.8590633543281323
12.8,384,0,0.06990108423511443,-0.004068484063968054,0.021713925788273095,-0.16873788833618159,1.2118449211120605,-0.030679615214467007,-0.060554026279883856,0.5684905395184761,0.035423589859296445,0.8196931655569463,0.07359400475172448,-0.0040510648451766145,0.027584524763242843,-0.17027187347412104,1.1075342893600464,-0.029145635664463015,-0.06468145380409665,0.5249886710453606,0.032364184570927844,0.8480305208923046
12.833333,385,0,0.06485453168508368,-0.003679783675503802,0.01992986649726869,-0.16873788833618175,1.2563303709030151,-0.027611654251814,-0.06009202592135369,0.5864563881768723,0.03838652868917537,0.8068359979589409,0.07144128298503108,-0.0039870397185804325,0.02652933160537177,-0.17487381398677826,1.1274759769439697,-0.029145635664463,-0.06604830701101191,0.5333273080022053,0.03438702114019832,0.8426251458728273
12.866667,386,0,0.058472598249622795,-0.0035035231398686797,0.018031071996339992,-0.1687378883361817,1.3115535974502563,-0.02761165425181393,-0.0583947675891001,0.6084703083622637,0.04047729331657375,0.7903894759455689,0.07110723345959671,-0.003977300875049824,0.02637032610971539,-0.1748738139867782,1.1305439472198486,-0.029145635664462974,-0.06595783498983959,0.5346171683056081,0.03451209586440154,0.8418093386244849
12.9,387,0,0.055058740373400625,-0.003612151568153015,0.017172942434626803,-0.17180584371089944,1.340699315071106,-0.030679615214467104,-0.05772875116694377,0.6199276409898868,0.04132061854596298,0.7814407960353734,0.07155000731138673,-0.003990209455765277,0.02665638661430557,-0.17487381398677826,1.1259419918060303,-0.029145635664463015,-0.06609348475279149,0.5326819070440181,0.03432445341602912,0.8430323060706935
12.933333,388,0,0.05326106644730566,-0.003457862650123677,0.01676065295377617,-0.17180584371089935,1.356039047241211,-0.029145635664463057,-0.05770646738394564,0.6258462762951132,0.04250350461905209,0.7766465439082985,0.07171672613508336,-0.003995069958217652,0.026736529605427883,-0.1748738139867783,1.1244080066680913,-0.02914563566446307,-0.06613862361325634,0.5320361927210119,0.0342618654995538,0.8434389703315615
12.966666,389,0,0.05309037611996168,-0.0033531942518346867,0.01672196986909416,-0.17487381398677823,1.3575730323791504,-0.02761165425181386,-0.05932747296153146,0.6263292258263806,0.044117854394722836,0.7760448226432102,0.07161031746262295,-0.003991538677816548,0.02661025857249602,-0.17640778422355652,1.1259419918060303,-0.02914563566446303,-0.06674005848219448,0.5326554240222668,0.03473300237555319,0.8429813653927541
13.0,390,0,0.05308515668470198,-0.003451887208980086,0.01672196986909419,-0.17487381398677848,1.3575730323791504,-0.029145635664463224,-0.058847066862897146,0.6263745452154871,0.04352262230971381,0.7760784323604228,0.0716207262759278,-0.0038636797062770833,0.02661233758337299,-0.17947575449943542,1.1259419918060303,-0.02761165425181386,-0.06844158070069584,0.532549180026767,0.036196515762937004,0.8428504808865162
13.033334,391,0,0.05308515668470198,-0.003451887208980086,0.01672196986909419,-0.17487381398677848,1.3575730323791504,-0.029145635664463224,-0.058847066862897146,0.6263745452154871,0.04352262230971381,0.7760784323604228,0.07162729749863024,-0.0038625296060560313,0.02661545391432303,-0.1840776950120926,1.1259419918060303,-0.027611654251813875,-0.07038077169575742,0.5324644832134662,0.03742179868438809,0.842690767764161
13.066667,392,0,0.053087530044576864,-0.003451527348117679,0.016722481247117116,-0.17640778422355652,1.3575730323791504,-0.029145635664463057,-0.05944229010399183,0.6263409797776661,0.044003029415886796,0.7760330692699704,0.07164042577469555,-0.0038601290689286825,0.02662167850334947,-0.1932815760374068,1.1259419918060303,-0.02761165425181379,-0.07425802553596247,0.5322866327116401,0.039871763656276496,0.842357957606469
13.1,393,0,0.053097492946097724,-0.0033520925734077775,0.016723503592441694,-0.17947575449943537,1.3575730323791504,-0.027611654251813847,-0.06111297038681051,0.6262260540071468,0.045558901252172594,0.7759062576431727,0.07176263589193886,-0.003986620924846795,0.026758375225455572,-0.20708741247653967,1.1244080066680913,-0.029145635664463043,-0.07971455944402098,0.5314153562803537,0.04282645096203951,0.842264330967462
13.133333,394,0,0.0531046047830804,-0.0033509574042360026,0.016725036035783875,-0.1840776950120926,1.3575730323791504,-0.02761165425181386,-0.06289814425180333,0.6261195666580016,0.04699970689976073,0.7757635846371058,0.07176514219767693,-0.00411217446214567,0.02676252027017459,-0.21322332322597498,1.1244080066680913,-0.03067961521446702,-0.08189069800216503,0.5313444315240525,0.04381077492714295,0.8420496568904845
13.166667,395,0,0.053120698339593236,-0.003446098666750283,0.016729625361379855,-0.1978835165500642,1.3575730323791504,-0.02914563566446314,-0.0677716423395255,0.6258323814521944,0.05072592899590148,0.7753500596169328,0.07176949829005783,-0.0041112615494353745,0.02676459074866598,-0.2162912935018539,1.1244080066680913,-0.030679615214467007,-0.08318229280575214,0.5312766013168573,0.04462579752278272,0.8419230471083701
13.2,396,0,0.053129519215611404,-0.0035423102718249015,0.01673267792245578,-0.20708741247653972,1.3575730323791504,-0.030679615214467132,-0.07085918889578494,0.625646849580266,0.053010973978889105,0.7750708558558559,0.07165454556730017,-0.004235108928956106,0.026637189821078863,-0.21629129350185394,1.1259419918060303,-0.03221359476447104,-0.08272024632482183,0.5319844419538126,0.04405660571964548,0.8415515016084965
13.233334,397,0,0.053135814395383715,-0.003638872754679825,0.016735217223771456,-0.2147573083639147,1.3575730323791504,-0.032213594764471234,-0.07335128998594087,0.6254953987839635,0.05481562651850957,0.7748356867406613,0.07179863121220192,-0.004623167250043082,0.026716387717749604,-0.21475730836391446,1.1244080066680913,-0.03681553900241849,-0.08090609290788202,0.5315613907498233,0.041634912380822814,0.8421182969544931
13.266666,398,0,0.0531325163539497,-0.0037371895496530663,0.016735724581425526,-0.2162912935018541,1.3575730323791504,-0.033747576177120334,-0.07346582309311857,0.6255097032112167,0.054701096019651785,0.7748213820746785,0.07179863121220192,-0.004623167250043082,0.026716387717749604,-0.21475730836391446,1.1244080066680913,-0.03681553900241849,-0.08090609290788202,0.5315613907498233,0.041634912380822814,0.8421182969544931
13.3,399,0,0.0531325163539497,-0.0037371895496530663,0.016735724581425526,-0.2162912935018541,1.3575730323791504,-0.033747576177120334,-0.07346582309311857,0.6255097032112167,0.054701096019651785,0.7748213820746785,0.0718233835718807,-0.004240020846575755,0.026718457501034937,-0.21782527863979334,1.1244080066680908,-0.032213594764471,-0.08342053503034243,0.5313063563638626,0.04438755913486793,0.8418932917042731
13.333333,400,0,0.053126707827691536,-0.0038359466973193947,0.016735724581425512,-0.2162912935018539,1.3575730323791504,-0.035281557589769294,-0.07298604140203512,0.6255658668234658,0.05410679918916985,0.7748631093989242,0.07172116543374506,-0.004109249432552499,0.02659096412261558,-0.21782527863979334,1.1259419918060307,-0.03067961521446698,-0.08377366170754201,0.5318863973023018,0.04511002023744533,0.8414534568489606
13.366667,401,0,0.053126707827691536,-0.0038359466973193947,0.016735724581425512,-0.2162912935018539,1.3575730323791504,-0.035281557589769294,-0.07298604140203512,0.6255658668234658,0.05410679918916985,0.7748631093989242,0.0718233835718807,-0.004240020846575755,0.026718457501034937,-0.21782527863979334,1.1244080066680908,-0.032213594764471,-0.08342053503034243,0.5313063563638626,0.04438755913486793,0.8418932917042731
13.4,402,0,0.053138173381804356,-0.0036384236080115673,0.016735724581425526,-0.2162912935018541,1.3575730323791504,-0.032213594764471165,-0.0739455615661159,0.6254531716274253,0.05529536067086207,0.7747791989426055,0.0718233835718807,-0.004240020846575755,0.026718457501034937,-0.21782527863979334,1.1244080066680908,-0.032213594764471,-0.08342053503034243,0.5313063563638626,0.04438755913486793,0.8418932917042731
13.433333,403,0,0.05314367889135088,-0.003539649224743461,0.016735724581425526,-0.21629129350185408,1.3575730323791504,-0.030679615214467132,-0.07442525595636341,0.6253962721746616,0.05588959207168018,0.7747365600795714,0.07171476431219584,-0.004236520618929835,0.02659096412261558,-0.2178252786397934,1.1259419918060307,-0.032213594764471054,-0.0833656856784427,0.5319504943906668,0.044464620834669406,0.8414878082675454
13.466666,404,0,0.053138173381804356,-0.0036384236080115673,0.016735724581425526,-0.2162912935018541,1.3575730323791504,-0.032213594764471165,-0.0739455615661159,0.6254531716274253,0.05529536067086207,0.7747791989426055,0.0718233835718807,-0.004240020846575755,0.026718457501034937,-0.21782527863979334,1.1244080066680908,-0.032213594764471,-0.08342053503034243,0.5313063563638626,0.04438755913486793,0.8418932917042731
13.5,405,0,0.0531325163539497,-0.0037371895496530663,0.016735724581425526,-0.2162912935018541,1.3575730323791504,-0.033747576177120334,-0.07346582309311857,0.6255097032112167,0.054701096019651785,0.7748213820746785,0.07171476431219584,-0.004236520618929835,0.02659096412261558,-0.2178252786397934,1.1259419918060307,-0.032213594764471054,-0.0833656856784427,0.5319504943906668,0.044464620834669406,0.8414878082675454
13.533334,406,0,0.05314367889135088,-0.003539649224743461,0.016735724581425526,-0.21629129350185408,1.3575730323791504,-0.030679615214467132,-0.07442525595636341,0.6253962721746616,0.05588959207168018,0.7747365600795714,0.0718233835718807,-0.004240020846575755,0.026718457501034937,-0.21782527863979334,1.1244080066680908,-0.032213594764471,-0.08342053503034243,0.5313063563638626,0.04438755913486793,0.8418932917042731
13.566667,407,0,0.05314367889135088,-0.003539649224743461,0.016735724581425526,-0.21629129350185408,1.3575730323791504,-0.030679615214467132,-0.07442525595636341,0.6253962721746616,0.05588959207168018,0.7747365600795714,0.07171476431219584,-0.004236520618929835,0.02659096412261558,-0.2178252786397934,1.1259419918060307,-0.032213594764471054,-0.0833656856784427,0.5319504943906668,0.044464620834669406,0.8414878082675454
13.6,408,0,0.0531325163539497,-0.0037371895496530663,0.016735724581425526,-0.2162912935018541,1.3575730323791504,-0.033747576177120334,-0.07346582309311857,0.6255097032112167,0.054701096019651785,0.7748213820746785,0.07171476431219584,-0.004236520618929835,0.02659096412261558,-0.2178252786397934,1.1259419918060307,-0.032213594764471054,-0.0833656856784427,0.5319504943906668,0.044464620834669406,0.8414878082675454
13.633333,409,0,0.053126707827691536,-0.0038359466973193947,0.016735724581425512,-0.2162912935018539,1.3575730323791504,-0.035281557589769294,-0.07298604140203512,0.6255658668234658,0.05410679918916985,0.7748631093989242,0.07171476431219584,-0.004236520618929835,0.02659096412261558,-0.2178252786397934,1.1259419918060307,-0.032213594764471054,-0.0833656856784427,0.5319504943906668,0.044464620834669406,0.8414878082675454
13.666667,410,0,0.05314367889135088,-0.003539649224743461,0.016735724581425526,-0.21629129350185408,1.3575730323791504,-0.030679615214467132,-0.07442525595636341,0.6253962721746616,0.05588959207168018,0.7747365600795714,0.07171476431219584,-0.004236520618929835,0.02659096412261558,-0.2178252786397934,1.1259419918060307,-0.032213594764471054,-0.0833656856784427,0.5319504943906668,0.044464620834669406,0.8414878082675454
13.7,411,0,0.0531460365094861,-0.0035391927602224336,0.01673623176809834,-0.21782527863979345,1.3575730323791504,-0.03067961521446709,-0.0750194511912384,0.6253532213237626,0.056369249878772475,0.7746792485868348,0.07171476431219584,-0.004236520618929835,0.02659096412261558,-0.2178252786397934,1.1259419918060307,-0.032213594764471054,-0.0833656856784427,0.5319504943906668,0.044464620834669406,0.8414878082675454
13.733334,412,0,0.0531325163539497,-0.0037371895496530663,0.016735724581425526,-0.2162912935018541,1.3575730323791504,-0.033747576177120334,-0.07346582309311857,0.6255097032112167,0.054701096019651785,0.7748213820746785,0.0718233835718807,-0.004240020846575755,0.026718457501034937,-0.21782527863979334,1.1244080066680908,-0.032213594764471,-0.08342053503034243,0.5313063563638626,0.04438755913486793,0.8418932917042731
13.766666,413,0,0.0531325163539497,-0.0037371895496530663,0.016735724581425526,-0.2162912935018541,1.3575730323791504,-0.033747576177120334,-0.07346582309311857,0.6255097032112167,0.054701096019651785,0.7748213820746785,0.07171476431219584,-0.004236520618929835,0.02659096412261558,-0.2178252786397934,1.1259419918060307,-0.032213594764471054,-0.0833656856784427,0.5319504943906668,0.044464620834669406,0.8414878082675454
13.8,414,0,0.05314367889135088,-0.003539649224743461,0.016735724581425526,-0.21629129350185408,1.3575730323791504,-0.030679615214467132,-0.07442525595636341,0.6253962721746616,0.05588959207168018,0.7747365600795714,0.07171476431219584,-0.004236520618929835,0.02659096412261558,-0.2178252786397934,1.1259419918060307,-0.032213594764471054,-0.0833656856784427,0.5319504943906668,0.044464620834669406,0.8414878082675454
13.833333,415,0,0.05314367889135088,-0.003539649224743461,0.016735724581425526,-0.21629129350185408,1.3575730323791504,-0.030679615214467132,-0.07442525595636341,0.6253962721746616,0.05588959207168018,0.7747365600795714,0.07171476431219584,-0.004236520618929835,0.02659096412261558,-0.2178252786397934,1.1259419918060307,-0.032213594764471054,-0.0833656856784427,0.5319504943906668,0.044464620834669406,0.8414878082675454
13.866667,416,0,0.053126707827691536,-0.0038359466973193947,0.016735724581425512,-0.2162912935018539,1.3575730323791504,-0.035281557589769294,-0.07298604140203512,0.6255658668234658,0.05410679918916985,0.7748631093989242,0.07171476431219584,-0.004236520618929835,0.02659096412261558,-0.2178252786397934,1.1259419918060307,-0.032213594764471054,-0.0833656856784427,0.5319504943906668,0.044464620834669406,0.8414878082675454
13.9,417,0,0.0531325163539497,-0.0037371895496530663,0.016735724581425526,-0.2162912935018541,1.3575730323791504,-0.033747576177120334,-0.07346582309311857,0.6255097032112167,0.054701096019651785,0.7748213820746785,0.07171476431219584,-0.004236520618929835,0.02659096412261558,-0.2178252786397934,1.1259419918060307,-0.032213594764471054,-0.0833656856784427,0.5319504943906668,0.044464620834669406,0.8414878082675454
13.933333,418,0,0.0531460365094861,-0.0035391927602224336,0.01673623176809834,-0.21782527863979345,1.3575730323791504,-0.03067961521446709,-0.0750194511912384,0.6253532213237626,0.056369249878772475,0.7746792485868348,0.07171476431219584,-0.004236520618929835,0.02659096412261558,-0.2178252786397934,1.1259419918060307,-0.032213594764471054,-0.0833656856784427,0.5319504943906668,0.044464620834669406,0.8414878082675454
13.966666,419,0,0.053140531697372685,-0.0036379707605641793,0.01673623176809834,-0.21782527863979342,1.3575730323791504,-0.03221359476447114,-0.07453978964577548,0.6254105765308139,0.055775062294194024,0.7747222553593238,0.07171476431219584,-0.004236520618929835,0.02659096412261558,-0.2178252786397934,1.1259419918060307,-0.032213594764471054,-0.0833656856784427,0.5319504943906668,0.044464620834669406,0.8414878082675454
14.0,420,0,0.05312906752147813,-0.003835501087216339,0.01673623176809831,-0.21782527863979334,1.3575730323791504,-0.03528155758976931,-0.07358033412261694,0.6255241833114411,0.05458658759847328,0.7748069017357245,0.07171476431219584,-0.004236520618929835,0.02659096412261558,-0.2178252786397934,1.1259419918060307,-0.032213594764471054,-0.0833656856784427,0.5319504943906668,0.044464620834669406,0.8414878082675454
14.033334,421,0,0.053140531697372685,-0.0036379707605641793,0.01673623176809834,-0.21782527863979342,1.3575730323791504,-0.03221359476447114,-0.07453978964577548,0.6254105765308139,0.055775062294194024,0.7747222553593238,0.0718233835718807,-0.004240020846575755,0.026718457501034937,-0.21782527863979334,1.1244080066680908,-0.032213594764471,-0.08342053503034243,0.5313063563638626,0.04438755913486793,0.8418932917042731
14.066667,422,0,0.0531460365094861,-0.0035391927602224336,0.01673623176809834,-0.21782527863979345,1.3575730323791504,-0.03067961521446709,-0.0750194511912384,0.6253532213237626,0.056369249878772475,0.7746792485868348,0.0718233835718807,-0.004240020846575755,0.026718457501034937,-0.21782527863979334,1.1244080066680908,-0.032213594764471,-0.08342053503034243,0.5313063563638626,0.04438755913486793,0.8418932917042731
14.1,423,0,0.053140531697372685,-0.0036379707605641793,0.01673623176809834,-0.21782527863979342,1.3575730323791504,-0.03221359476447114,-0.07453978964577548,0.6254105765308139,0.055775062294194024,0.7747222553593238,0.07171476431219584,-0.004236520618929835,0.02659096412261558,-0.2178252786397934,1.1259419918060307,-0.032213594764471054,-0.0833656856784427,0.5319504943906668,0.044464620834669406,0.8414878082675454
14.133333,424,0,0.05312906752147813,-0.003835501087216339,0.01673623176809831,-0.21782527863979334,1.3575730323791504,-0.03528155758976931,-0.07358033412261694,0.6255241833114411,0.05458658759847328,0.7748069017357245,0.07171694309061141,-0.0042360583132181,0.02659199516212163,-0.21935924887657163,1.1259419918060303,-0.032213594764471026,-0.08401106972080594,0.5319162342273026,0.04487260582906938,0.8414236205241211
14.166667,425,0,0.053140531697372685,-0.0036379707605641793,0.01673623176809834,-0.21782527863979342,1.3575730323791504,-0.03221359476447114,-0.07453978964577548,0.6254105765308139,0.055775062294194024,0.7747222553593238,0.0718233835718807,-0.004240020846575755,0.026718457501034937,-0.21782527863979334,1.1244080066680908,-0.032213594764471,-0.08342053503034243,0.5313063563638626,0.04438755913486793,0.8418932917042731
14.2,426,0,0.0531460365094861,-0.0035391927602224336,0.01673623176809834,-0.21782527863979345,1.3575730323791504,-0.03067961521446709,-0.0750194511912384,0.6253532213237626,0.056369249878772475,0.7746792485868348,0.07171476431219584,-0.004236520618929835,0.02659096412261558,-0.2178252786397934,1.1259419918060307,-0.032213594764471054,-0.0833656856784427,0.5319504943906668,0.044464620834669406,0.8414878082675454
14.233334,427,0,0.053140531697372685,-0.0036379707605641793,0.01673623176809834,-0.21782527863979342,1.3575730323791504,-0.03221359476447114,-0.07453978964577548,0.6254105765308139,0.055775062294194024,0.7747222553593238,0.07171476431219584,-0.004236520618929835,0.02659096412261558,-0.2178252786397934,1.1259419918060307,-0.032213594764471054,-0.0833656856784427,0.5319504943906668,0.044464620834669406,0.8414878082675454
14.266666,428,0,0.05312906752147813,-0.003835501087216339,0.01673623176809831,-0.21782527863979334,1.3575730323791504,-0.03528155758976931,-0.07358033412261694,0.6255241833114411,0.05458658759847328,0.7748069017357245,0.07171476431219584,-0.004236520618929835,0.02659096412261558,-0.2178252786397934,1.1259419918060307,-0.032213594764471054,-0.0833656856784427,0.5319504943906668,0.044464620834669406,0.8414878082675454
14.3,429,0,0.053140531697372685,-0.0036379707605641793,0.01673623176809834,-0.21782527863979342,1.3575730323791504,-0.03221359476447114,-0.07453978964577548,0.6254105765308139,0.055775062294194024,0.7747222553593238,0.07182556076697488,-0.004239558489841896,0.02671949185696537,-0.2193592488765717,1.1244080066680908,-0.032213594764471054,-0.0840662300563039,0.531272155495132,0.044795050107701996,0.84182906177295
14.333333,430,0,0.0531460365094861,-0.0035391927602224336,0.01673623176809834,-0.21782527863979345,1.3575730323791504,-0.03067961521446709,-0.0750194511912384,0.6253532213237626,0.056369249878772475,0.7746792485868348,0.0718233835718807,-0.004240020846575755,0.026718457501034937,-0.21782527863979334,1.1244080066680908,-0.032213594764471,-0.08342053503034243,0.5313063563638626,0.04438755913486793,0.8418932917042731
14.366667,431,0,0.053134875361402656,-0.003736740320349304,0.01673623176809834,-0.21782527863979345,1.3575730323791504,-0.033747576177120264,-0.07406008366803352,0.625467563894504,0.05518084117708046,0.774764806434797,0.07171476431219584,-0.004236520618929835,0.02659096412261558,-0.2178252786397934,1.1259419918060307,-0.032213594764471054,-0.0833656856784427,0.5319504943906668,0.044464620834669406,0.8414878082675454
14.4,432,0,0.05312906752147813,-0.003835501087216339,0.01673623176809831,-0.21782527863979334,1.3575730323791504,-0.03528155758976931,-0.07358033412261694,0.6255241833114411,0.05458658759847328,0.7748069017357245,0.0718233835718807,-0.004240020846575755,0.026718457501034937,-0.21782527863979334,1.1244080066680908,-0.032213594764471,-0.08342053503034243,0.5313063563638626,0.04438755913486793,0.8418932917042731
14.433333,433,0,0.053140531697372685,-0.0036379707605641793,0.01673623176809834,-0.21782527863979342,1.3575730323791504,-0.03221359476447114,-0.07453978964577548,0.6254105765308139,0.055775062294194024,0.7747222553593238,0.07171476431219584,-0.004236520618929835,0.02659096412261558,-0.2178252786397934,1.1259419918060307,-0.032213594764471054,-0.0833656856784427,0.5319504943906668,0.044464620834669406,0.8414878082675454
14.466666,434,0,0.0531460365094861,-0.0035391927602224336,0.01673623176809834,-0.21782527863979345,1.3575730323791504,-0.03067961521446709,-0.0750194511912384,0.6253532213237626,0.056369249878772475,0.7746792485868348,0.07171476431219584,-0.004236520618929835,0.02659096412261558,-0.2178252786397934,1.1259419918060307,-0.032213594764471054,-0.0833656856784427,0.5319504943906668,0.044464620834669406,0.8414878082675454
14.5,435,0,0.053134875361402656,-0.003736740320349304,0.01673623176809834,-0.21782527863979345,1.3575730323791504,-0.033747576177120264,-0.07406008366803352,0.625467563894504,0.05518084117708046,0.774764806434797,0.0718233835718807,-0.004240020846575755,0.026718457501034937,-0.21782527863979334,1.1244080066680908,-0.032213594764471,-0.08342053503034243,0.5313063563638626,0.04438755913486793,0.8418932917042731
14.533334,436,0,0.05312906752147813,-0.003835501087216339,0.01673623176809831,-0.21782527863979334,1.3575730323791504,-0.03528155758976931,-0.07358033412261694,0.6255241833114411,0.05458658759847328,0.7748069017357245,0.0718233835718807,-0.004240020846575755,0.026718457501034937,-0.21782527863979334,1.1244080066680908,-0.032213594764471,-0.08342053503034243,0.5313063563638626,0.04438755913486793,0.8418932917042731
14.566667,437,0,0.0531460365094861,-0.0035391927602224336,0.01673623176809834,-0.21782527863979345,1.3575730323791504,-0.03067961521446709,-0.0750194511912384,0.6253532213237626,0.056369249878772475,0.7746792485868348,0.07171476431219584,-0.004236520618929835,0.02659096412261558,-0.2178252786397934,1.1259419918060307,-0.032213594764471054,-0.0833656856784427,0.5319504943906668,0.044464620834669406,0.8414878082675454
14.6,438,0,0.0531460365094861,-0.0035391927602224336,0.01673623176809834,-0.21782527863979345,1.3575730323791504,-0.03067961521446709,-0.0750194511912384,0.6253532213237626,0.056369249878772475,0.7746792485868348,0.07171476431219584,-0.004236520618929835,0.02659096412261558,-0.2178252786397934,1.1259419918060307,-0.032213594764471054,-0.0833656856784427,0.5319504943906668,0.044464620834669406,0.8414878082675454
14.633333,439,0,0.053134875361402656,-0.003736740320349304,0.01673623176809834,-0.21782527863979345,1.3575730323791504,-0.033747576177120264,-0.07406008366803352,0.625467563894504,0.05518084117708046,0.774764806434797,0.07171476431219584,-0.004236520618929835,0.02659096412261558,-0.2178252786397934,1.1259419918060307,-0.032213594764471054,-0.0833656856784427,0.5319504943906668,0.044464620834669406,0.8414878082675454
14.666667,440,0,0.053134875361402656,-0.003736740320349304,0.01673623176809834,-0.21782527863979345,1.3575730323791504,-0.033747576177120264,-0.07406008366803352,0.625467563894504,0.05518084117708046,0.774764806434797,0.07171476431219584,-0.004236520618929835,0.02659096412261558,-0.2178252786397934,1.1259419918060307,-0.032213594764471054,-0.0833656856784427,0.5319504943906668,0.044464620834669406,0.8414878082675454
14.7,441,0,0.0531460365094861,-0.0035391927602224336,0.01673623176809834,-0.21782527863979345,1.3575730323791504,-0.03067961521446709,-0.0750194511912384,0.6253532213237626,0.056369249878772475,0.7746792485868348,0.07171476431219584,-0.004236520618929835,0.02659096412261558,-0.2178252786397934,1.1259419918060307,-0.032213594764471054,-0.0833656856784427,0.5319504943906668,0.044464620834669406,0.8414878082675454
14.733334,442,0,0.0531460365094861,-0.0035391927602224336,0.01673623176809834,-0.21782527863979345,1.3575730323791504,-0.03067961521446709,-0.0750194511912384,0.6253532213237626,0.056369249878772475,0.7746792485868348,0.07171476431219584,-0.004236520618929835,0.02659096412261558,-0.2178252786397934,1.1259419918060307,-0.032213594764471054,-0.0833656856784427,0.5319504943906668,0.044464620834669406,0.8414878082675454
14.766666,443,0,0.05312906752147813,-0.003835501087216339,0.01673623176809831,-0.21782527863979334,1.3575730323791504,-0.03528155758976931,-0.07358033412261694,0.6255241833114411,0.05458658759847328,0.7748069017357245,0.0718233835718807,-0.004240020846575755,0.026718457501034937,-0.21782527863979334,1.1244080066680908,-0.032213594764471,-0.08342053503034243,0.5313063563638626,0.04438755913486793,0.8418932917042731
14.8,444,0,0.053134875361402656,-0.003736740320349304,0.01673623176809834,-0.21782527863979345,1.3575730323791504,-0.033747576177120264,-0.07406008366803352,0.625467563894504,0.05518084117708046,0.774764806434797,0.0718233835718807,-0.004240020846575755,0.026718457501034937,-0.21782527863979334,1.1244080066680908,-0.032213594764471,-0.08342053503034243,0.5313063563638626,0.04438755913486793,0.8418932917042731
14.833333,445,0,0.0531460365094861,-0.0035391927602224336,0.01673623176809834,-0.21782527863979345,1.3575730323791504,-0.03067961521446709,-0.0750194511912384,0.6253532213237626,0.056369249878772475,0.7746792485868348,0.0718233835718807,-0.004240020846575755,0.026718457501034937,-0.21782527863979334,1.1244080066680908,-0.032213594764471,-0.08342053503034243,0.5313063563638626,0.04438755913486793,0.8418932917042731
14.866667,446,0,0.053140531697372685,-0.0036379707605641793,0.01673623176809834,-0.21782527863979342,1.3575730323791504,-0.03221359476447114,-0.07453978964577548,0.6254105765308139,0.055775062294194024,0.7747222553593238,0.0718233835718807,-0.004240020846575755,0.026718457501034937,-0.21782527863979334,1.1244080066680908,-0.032213594764471,-0.08342053503034243,0.5313063563638626,0.04438755913486793,0.8418932917042731
14.9,447,0,0.05312906752147813,-0.003835501087216339,0.01673623176809831,-0.21782527863979334,1.3575730323791504,-0.03528155758976931,-0.07358033412261694,0.6255241833114411,0.05458658759847328,0.7748069017357245,0.07171476431219584,-0.004236520618929835,0.02659096412261558,-0.2178252786397934,1.1259419918060307,-0.032213594764471054,-0.0833656856784427,0.5319504943906668,0.044464620834669406,0.8414878082675454
14.933333,448,0,0.053134875361402656,-0.003736740320349304,0.01673623176809834,-0.21782527863979345,1.3575730323791504,-0.033747576177120264,-0.07406008366803352,0.625467563894504,0.05518084117708046,0.774764806434797,0.0718233835718807,-0.004240020846575755,0.026718457501034937,-0.21782527863979334,1.1244080066680908,-0.032213594764471,-0.08342053503034243,0.5313063563638626,0.04438755913486793,0.8418932917042731
14.966666,449,0,0.0531460365094861,-0.0035391927602224336,0.01673623176809834,-0.21782527863979345,1.3575730323791504,-0.03067961521446709,-0.0750194511912384,0.6253532213237626,0.056369249878772475,0.7746792485868348,0.0718233835718807,-0.004240020846575755,0.026718457501034937,-0.21782527863979334,1.1244080066680908,-0.032213594764471,-0.08342053503034243,0.5313063563638626,0.04438755913486793,0.8418932917042731
15.0,450,0,0.053140531697372685,-0.0036379707605641793,0.01673623176809834,-0.21782527863979342,1.3575730323791504,-0.03221359476447114,-0.07453978964577548,0.6254105765308139,0.055775062294194024,0.7747222553593238,0.0718233835718807,-0.004240020846575755,0.026718457501034937,-0.21782527863979334,1.1244080066680908,-0.032213594764471,-0.08342053503034243,0.5313063563638626,0.04438755913486793,0.8418932917042731
15.033334,451,0,0.05312906752147813,-0.003835501087216339,0.01673623176809831,-0.21782527863979334,1.3575730323791504,-0.03528155758976931,-0.07358033412261694,0.6255241833114411,0.05458658759847328,0.7748069017357245,0.0718233835718807,-0.004240020846575755,0.026718457501034937,-0.21782527863979334,1.1244080066680908,-0.032213594764471,-0.08342053503034243,0.5313063563638626,0.04438755913486793,0.8418932917042731
15.066667,452,0,0.053140531697372685,-0.0036379707605641793,0.01673623176809834,-0.21782527863979342,1.3575730323791504,-0.03221359476447114,-0.07453978964577548,0.6254105765308139,0.055775062294194024,0.7747222553593238,0.0718233835718807,-0.004240020846575755,0.026718457501034937,-0.21782527863979334,1.1244080066680908,-0.032213594764471,-0.08342053503034243,0.5313063563638626,0.04438755913486793,0.8418932917042731
15.1,453,0,0.0531460365094861,-0.0035391927602224336,0.01673623176809834,-0.21782527863979345,1.3575730323791504,-0.03067961521446709,-0.0750194511912384,0.6253532213237626,0.056369249878772475,0.7746792485868348,0.0718233835718807,-0.004240020846575755,0.026718457501034937,-0.21782527863979334,1.1244080066680908,-0.032213594764471,-0.08342053503034243,0.5313063563638626,0.04438755913486793,0.8418932917042731
15.133333,454,0,0.053140531697372685,-0.0036379707605641793,0.01673623176809834,-0.21782527863979342,1.3575730323791504,-0.03221359476447114,-0.07453978964577548,0.6254105765308139,0.055775062294194024,0.7747222553593238,0.07171476431219584,-0.004236520618929835,0.02659096412261558,-0.2178252786397934,1.1259419918060307,-0.032213594764471054,-0.0833656856784427,0.5319504943906668,0.044464620834669406,0.8414878082675454
15.166667,455,0,0.05312906752147813,-0.003835501087216339,0.01673623176809831,-0.21782527863979334,1.3575730323791504,-0.03528155758976931,-0.07358033412261694,0.6255241833114411,0.05458658759847328,0.7748069017357245,0.07171694309061141,-0.0042360583132181,0.02659199516212163,-0.21935924887657163,1.1259419918060303,-0.032213594764471026,-0.08401106972080594,0.5319162342273026,0.04487260582906938,0.8414236205241211
15.2,456,0,0.053140531697372685,-0.0036379707605641793,0.01673623176809834,-0.21782527863979342,1.3575730323791504,-0.03221359476447114,-0.07453978964577548,0.6254105765308139,0.055775062294194024,0.7747222553593238,0.0718233835718807,-0.004240020846575755,0.026718457501034937,-0.21782527863979334,1.1244080066680908,-0.032213594764471,-0.08342053503034243,0.5313063563638626,0.04438755913486793,0.8418932917042731
15.233334,457,0,0.0531460365094861,-0.0035391927602224336,0.01673623176809834,-0.21782527863979345,1.3575730323791504,-0.03067961521446709,-0.0750194511912384,0.6253532213237626,0.056369249878772475,0.7746792485868348,0.07171476431219584,-0.004236520618929835,0.02659096412261558,-0.2178252786397934,1.1259419918060307,-0.032213594764471054,-0.0833656856784427,0.5319504943906668,0.044464620834669406,0.8414878082675454
15.266666,458,0,0.053134875361402656,-0.003736740320349304,0.01673623176809834,-0.21782527863979345,1.3575730323791504,-0.033747576177120264,-0.07406008366803352,0.625467563894504,0.05518084117708046,0.774764806434797,0.0718233835718807,-0.004240020846575755,0.026718457501034937,-0.21782527863979334,1.1244080066680908,-0.032213594764471,-0.08342053503034243,0.5313063563638626,0.04438755913486793,0.8418932917042731
15.3,459,0,0.05312906752147813,-0.003835501087216339,0.01673623176809831,-0.21782527863979334,1.3575730323791504,-0.03528155758976931,-0.07358033412261694,0.6255241833114411,0.05458658759847328,0.7748069017357245,0.07171476431219584,-0.004236520618929835,0.02659096412261558,-0.2178252786397934,1.1259419918060307,-0.032213594764471054,-0.0833656856784427,0.5319504943906668,0.044464620834669406,0.8414878082675454
15.333333,460,0,0.0531460365094861,-0.0035391927602224336,0.01673623176809834,-0.21782527863979345,1.3575730323791504,-0.03067961521446709,-0.0750194511912384,0.6253532213237626,0.056369249878772475,0.7746792485868348,0.0718233835718807,-0.004240020846575755,0.026718457501034937,-0.21782527863979334,1.1244080066680908,-0.032213594764471,-0.08342053503034243,0.5313063563638626,0.04438755913486793,0.8418932917042731
15.366667,461,0,0.0531460365094861,-0.0035391927602224336,0.01673623176809834,-0.21782527863979345,1.3575730323791504,-0.03067961521446709,-0.0750194511912384,0.6253532213237626,0.056369249878772475,0.7746792485868348,0.0718233835718807,-0.004240020846575755,0.026718457501034937,-0.21782527863979334,1.1244080066680908,-0.032213594764471,-0.08342053503034243,0.5313063563638626,0.04438755913486793,0.8418932917042731
