timestamp,frame_index,episode_index,ee_state_x,ee_state_y,ee_state_z,ee_state_roll,ee_state_pitch,ee_state_yaw,ee_state_qx,ee_state_qy,ee_state_qz,ee_state_qw,ee_action_x,ee_action_y,ee_action_z,ee_action_roll,ee_action_pitch,ee_action_yaw,ee_action_qx,ee_action_qy,ee_action_qz,ee_action_qw
0.0,0,2,0.08909001068023295,-0.008224401001743382,0.03120173372007716,-0.09510681033134459,1.0323690176010132,-0.06596117466688155,-0.025062815732450672,0.49410255620944715,-0.005196774181831816,0.8690267618163173,0.09618826522529716,-0.008693290433629607,0.034785900835615724,-0.0951068103313446,0.9265244007110596,-0.06596117466688156,-0.027783426959681053,0.4475231947297124,-0.008235145323290166,0.8938026928504927
0.033333335,1,2,0.08909001068023295,-0.008224401001743382,0.03120173372007716,-0.09510681033134459,1.0323690176010132,-0.06596117466688155,-0.025062815732450672,0.49410255620944715,-0.005196774181831816,0.8690267618163173,0.09620147419136718,-0.008528471568029432,0.03478590083561574,-0.09510681033134459,0.9265244007110596,-0.0644271895289421,-0.02812666571864277,0.447501753415854,-0.007549602944687694,0.8938087462431018
0.06666667,2,2,0.08909001068023295,-0.008224401001743382,0.03120173372007716,-0.09510681033134459,1.0323690176010132,-0.06596117466688155,-0.025062815732450672,0.49410255620944715,-0.005196774181831816,0.8690267618163173,0.09620147419136718,-0.008528471568029432,0.03478590083561574,-0.09510681033134459,0.9265244007110596,-0.0644271895289421,-0.02812666571864277,0.447501753415854,-0.007549602944687694,0.8938087462431018
0.1,3,2,0.08909001068023295,-0.008224401001743382,0.03120173372007716,-0.09510681033134459,1.0323690176010132,-0.06596117466688155,-0.025062815732450672,0.49410255620944715,-0.005196774181831816,0.8690267618163173,0.09620147419136718,-0.008528471568029432,0.03478590083561574,-0.09510681033134459,0.9265244007110596,-0.0644271895289421,-0.02812666571864277,0.447501753415854,-0.007549602944687694,0.8938087462431018
0.13333334,4,2,0.08910250872865189,-0.008070471300524486,0.031201733720077146,-0.09510681033134458,1.0323690176010132,-0.06442718952894208,-0.02544178131226919,0.49408318788318156,-0.00453023565006149,0.8690304920886299,0.09612605530527055,-0.008523605806928241,0.034436937440786616,-0.0951068103313446,0.928058385848999,-0.06442718952894211,-0.02808829875820191,0.4481861168856628,-0.007505974459778001,0.8934673538810639
0.16666667,5,2,0.08910250872865189,-0.008070471300524486,0.031201733720077146,-0.09510681033134458,1.0323690176010132,-0.06442718952894208,-0.02544178131226919,0.49408318788318156,-0.00453023565006149,0.8690304920886299,0.09620147419136718,-0.008528471568029432,0.03478590083561574,-0.09510681033134459,0.9265244007110596,-0.0644271895289421,-0.02812666571864277,0.447501753415854,-0.007549602944687694,0.8938087462431018
0.2,6,2,0.08910250872865189,-0.008070471300524486,0.031201733720077146,-0.09510681033134458,1.0323690176010132,-0.06442718952894208,-0.02544178131226919,0.49408318788318156,-0.00453023565006149,0.8690304920886299,0.09620147419136718,-0.008528471568029432,0.03478590083561574,-0.09510681033134459,0.9265244007110596,-0.0644271895289421,-0.02812666571864277,0.447501753415854,-0.007549602944687694,0.8938087462431018
0.23333333,7,2,0.08909001068023295,-0.008224401001743382,0.03120173372007716,-0.09510681033134459,1.0323690176010132,-0.06596117466688155,-0.025062815732450672,0.49410255620944715,-0.005196774181831816,0.8690267618163173,0.09620147419136718,-0.008528471568029432,0.03478590083561574,-0.09510681033134459,0.9265244007110596,-0.0644271895289421,-0.02812666571864277,0.447501753415854,-0.007549602944687694,0.8938087462431018
0.26666668,8,2,0.08909001068023295,-0.008224401001743382,0.03120173372007716,-0.09510681033134459,1.0323690176010132,-0.06596117466688155,-0.025062815732450672,0.49410255620944715,-0.005196774181831816,0.8690267618163173,0.09618826522529716,-0.008693290433629607,0.034785900835615724,-0.0951068103313446,0.9265244007110596,-0.06596117466688156,-0.027783426959681053,0.4475231947297124,-0.008235145323290166,0.8938026928504927
0.3,9,2,0.08909001068023295,-0.008224401001743382,0.03120173372007716,-0.09510681033134459,1.0323690176010132,-0.06596117466688155,-0.025062815732450672,0.49410255620944715,-0.005196774181831816,0.8690267618163173,0.09618826522529716,-0.008693290433629607,0.034785900835615724,-0.0951068103313446,0.9265244007110596,-0.06596117466688156,-0.027783426959681053,0.4475231947297124,-0.008235145323290166,0.8938026928504927
0.33333334,10,2,0.08910250872865189,-0.008070471300524486,0.031201733720077146,-0.09510681033134458,1.0323690176010132,-0.06442718952894208,-0.02544178131226919,0.49408318788318156,-0.00453023565006149,0.8690304920886299,0.0961128538919373,-0.008688308986848229,0.0344369374407866,-0.0951068103313446,0.928058385848999,-0.06596117466688156,-0.02774453510888104,0.4482075285710527,-0.008191255005834185,0.893461334051592
0.36666667,11,2,0.08909001068023295,-0.008224401001743382,0.03120173372007716,-0.09510681033134459,1.0323690176010132,-0.06596117466688155,-0.025062815732450672,0.49410255620944715,-0.005196774181831816,0.8690267618163173,0.09618826522529716,-0.008693290433629607,0.034785900835615724,-0.0951068103313446,0.9265244007110596,-0.06596117466688156,-0.027783426959681053,0.4475231947297124,-0.008235145323290166,0.8938026928504927
0.4,12,2,0.08909001068023295,-0.008224401001743382,0.03120173372007716,-0.09510681033134459,1.0323690176010132,-0.06596117466688155,-0.025062815732450672,0.49410255620944715,-0.005196774181831816,0.8690267618163173,0.0961128538919373,-0.008688308986848229,0.0344369374407866,-0.0951068103313446,0.928058385848999,-0.06596117466688156,-0.02774453510888104,0.4482075285710527,-0.008191255005834185,0.893461334051592
0.43333334,13,2,0.08909001068023295,-0.008224401001743382,0.03120173372007716,-0.09510681033134459,1.0323690176010132,-0.06596117466688155,-0.025062815732450672,0.49410255620944715,-0.005196774181831816,0.8690267618163173,0.09618826522529716,-0.008693290433629607,0.034785900835615724,-0.0951068103313446,0.9265244007110596,-0.06596117466688156,-0.027783426959681053,0.4475231947297124,-0.008235145323290166,0.8938026928504927
0.46666667,14,2,0.08909001068023295,-0.008224401001743382,0.03120173372007716,-0.09510681033134459,1.0323690176010132,-0.06596117466688155,-0.025062815732450672,0.49410255620944715,-0.005196774181831816,0.8690267618163173,0.0961128538919373,-0.008688308986848229,0.0344369374407866,-0.0951068103313446,0.928058385848999,-0.06596117466688156,-0.02774453510888104,0.4482075285710527,-0.008191255005834185,0.893461334051592
0.5,15,2,0.08909001068023295,-0.008224401001743382,0.03120173372007716,-0.09510681033134459,1.0323690176010132,-0.06596117466688155,-0.025062815732450672,0.49410255620944715,-0.005196774181831816,0.8690267618163173,0.09618826522529716,-0.008693290433629607,0.034785900835615724,-0.0951068103313446,0.9265244007110596,-0.06596117466688156,-0.027783426959681053,0.4475231947297124,-0.008235145323290166,0.8938026928504927
0.53333336,16,2,0.08909001068023295,-0.008224401001743382,0.03120173372007716,-0.09510681033134459,1.0323690176010132,-0.06596117466688155,-0.025062815732450672,0.49410255620944715,-0.005196774181831816,0.8690267618163173,0.09618826522529716,-0.008693290433629607,0.034785900835615724,-0.0951068103313446,0.9265244007110596,-0.06596117466688156,-0.027783426959681053,0.4475231947297124,-0.008235145323290166,0.8938026928504927
0.56666666,17,2,0.08909001068023295,-0.008224401001743382,0.03120173372007716,-0.09510681033134459,1.0323690176010132,-0.06596117466688155,-0.025062815732450672,0.49410255620944715,-0.005196774181831816,0.8690267618163173,0.09618826522529716,-0.008693290433629607,0.034785900835615724,-0.0951068103313446,0.9265244007110596,-0.06596117466688156,-0.027783426959681053,0.4475231947297124,-0.008235145323290166,0.8938026928504927
0.6,18,2,0.08909001068023295,-0.008224401001743382,0.03120173372007716,-0.09510681033134459,1.0323690176010132,-0.06596117466688155,-0.025062815732450672,0.49410255620944715,-0.005196774181831816,0.8690267618163173,0.09612605530527055,-0.008523605806928241,0.034436937440786616,-0.0951068103313446,0.928058385848999,-0.06442718952894211,-0.02808829875820191,0.4481861168856628,-0.007505974459778001,0.8934673538810639
0.6333333,19,2,0.08909001068023295,-0.008224401001743382,0.03120173372007716,-0.09510681033134459,1.0323690176010132,-0.06596117466688155,-0.025062815732450672,0.49410255620944715,-0.005196774181831816,0.8690267618163173,0.09620147419136718,-0.008528471568029432,0.03478590083561574,-0.09510681033134459,0.9265244007110596,-0.0644271895289421,-0.02812666571864277,0.447501753415854,-0.007549602944687694,0.8938087462431018
0.6666667,20,2,0.08909001068023295,-0.008224401001743382,0.03120173372007716,-0.09510681033134459,1.0323690176010132,-0.06596117466688155,-0.025062815732450672,0.49410255620944715,-0.005196774181831816,0.8690267618163173,0.09620147419136718,-0.008528471568029432,0.03478590083561574,-0.09510681033134459,0.9265244007110596,-0.0644271895289421,-0.02812666571864277,0.447501753415854,-0.007549602944687694,0.8938087462431018
0.7,21,2,0.08909001068023295,-0.008224401001743382,0.03120173372007716,-0.09510681033134459,1.0323690176010132,-0.06596117466688155,-0.025062815732450672,0.49410255620944715,-0.005196774181831816,0.8690267618163173,0.09620147419136718,-0.008528471568029432,0.03478590083561574,-0.09510681033134459,0.9265244007110596,-0.0644271895289421,-0.02812666571864277,0.447501753415854,-0.007549602944687694,0.8938087462431018
0.73333335,22,2,0.08910250872865189,-0.008070471300524486,0.031201733720077146,-0.09510681033134458,1.0323690176010132,-0.06442718952894208,-0.02544178131226919,0.49408318788318156,-0.00453023565006149,0.8690304920886299,0.09620147419136718,-0.008528471568029432,0.03478590083561574,-0.09510681033134459,0.9265244007110596,-0.0644271895289421,-0.02812666571864277,0.447501753415854,-0.007549602944687694,0.8938087462431018
0.76666665,23,2,0.08910250872865189,-0.008070471300524486,0.031201733720077146,-0.09510681033134458,1.0323690176010132,-0.06442718952894208,-0.02544178131226919,0.49408318788318156,-0.00453023565006149,0.8690304920886299,0.09620147419136718,-0.008528471568029432,0.03478590083561574,-0.09510681033134459,0.9265244007110596,-0.0644271895289421,-0.02812666571864277,0.447501753415854,-0.007549602944687694,0.8938087462431018
0.8,24,2,0.08910250872865189,-0.008070471300524486,0.031201733720077146,-0.09510681033134458,1.0323690176010132,-0.06442718952894208,-0.02544178131226919,0.49408318788318156,-0.00453023565006149,0.8690304920886299,0.09620147419136718,-0.008528471568029432,0.03478590083561574,-0.09510681033134459,0.9265244007110596,-0.0644271895289421,-0.02812666571864277,0.447501753415854,-0.007549602944687694,0.8938087462431018
0.8333333,25,2,0.08910250872865189,-0.008070471300524486,0.031201733720077146,-0.09510681033134458,1.0323690176010132,-0.06442718952894208,-0.02544178131226919,0.49408318788318156,-0.00453023565006149,0.8690304920886299,0.09620147419136718,-0.008528471568029432,0.03478590083561574,-0.09510681033134459,0.9265244007110596,-0.0644271895289421,-0.02812666571864277,0.447501753415854,-0.007549602944687694,0.8938087462431018
0.8666667,26,2,0.08910250872865189,-0.008070471300524486,0.031201733720077146,-0.09510681033134458,1.0323690176010132,-0.06442718952894208,-0.02544178131226919,0.49408318788318156,-0.00453023565006149,0.8690304920886299,0.09620147419136718,-0.008528471568029432,0.03478590083561574,-0.09510681033134459,0.9265244007110596,-0.0644271895289421,-0.02812666571864277,0.447501753415854,-0.007549602944687694,0.8938087462431018
0.9,27,2,0.08910250872865189,-0.008070471300524486,0.031201733720077146,-0.09510681033134458,1.0323690176010132,-0.06442718952894208,-0.02544178131226919,0.49408318788318156,-0.00453023565006149,0.8690304920886299,0.09612605530527055,-0.008523605806928241,0.034436937440786616,-0.0951068103313446,0.928058385848999,-0.06442718952894211,-0.02808829875820191,0.4481861168856628,-0.007505974459778001,0.8934673538810639
0.93333334,28,2,0.08910250872865189,-0.008070471300524486,0.031201733720077146,-0.09510681033134458,1.0323690176010132,-0.06442718952894208,-0.02544178131226919,0.49408318788318156,-0.00453023565006149,0.8690304920886299,0.09620147419136718,-0.008528471568029432,0.03478590083561574,-0.09510681033134459,0.9265244007110596,-0.0644271895289421,-0.02812666571864277,0.447501753415854,-0.007549602944687694,0.8938087462431018
0.96666664,29,2,0.08910250872865189,-0.008070471300524486,0.031201733720077146,-0.09510681033134458,1.0323690176010132,-0.06442718952894208,-0.02544178131226919,0.49408318788318156,-0.00453023565006149,0.8690304920886299,0.09620147419136718,-0.008528471568029432,0.03478590083561574,-0.09510681033134459,0.9265244007110596,-0.0644271895289421,-0.02812666571864277,0.447501753415854,-0.007549602944687694,0.8938087462431018
1.0,30,2,0.08910250872865189,-0.008070471300524486,0.031201733720077146,-0.09510681033134458,1.0323690176010132,-0.06442718952894208,-0.02544178131226919,0.49408318788318156,-0.00453023565006149,0.8690304920886299,0.0962144302499911,-0.00836363343467042,0.03478590083561574,-0.09510681033134458,0.9265244007110596,-0.06289321184158322,-0.028469886264324784,0.4474800489528091,-0.006864059454540777,0.8938142738025011
1.0333333,31,2,0.08910250872865189,-0.008070471300524486,0.031201733720077146,-0.09510681033134458,1.0323690176010132,-0.06442718952894208,-0.02544178131226919,0.49408318788318156,-0.00453023565006149,0.8690304920886299,0.0962144302499911,-0.00836363343467042,0.03478590083561574,-0.09510681033134458,0.9265244007110596,-0.06289321184158322,-0.028469886264324784,0.4474800489528091,-0.006864059454540777,0.8938142738025011
1.0666667,32,2,0.08910250872865189,-0.008070471300524486,0.031201733720077146,-0.09510681033134458,1.0323690176010132,-0.06442718952894208,-0.02544178131226919,0.49408318788318156,-0.00453023565006149,0.8690304920886299,0.096139003988662,-0.008358883370137115,0.034436937440786616,-0.09510681033134459,0.928058385848999,-0.06289321184158324,-0.028432044214263926,0.44816444164834973,-0.006820692826571118,0.8934728480783211
1.1,33,2,0.08910250872865189,-0.008070471300524486,0.031201733720077146,-0.09510681033134458,1.0323690176010132,-0.06442718952894208,-0.02544178131226919,0.49408318788318156,-0.00453023565006149,0.8690304920886299,0.09620147419136718,-0.008528471568029432,0.03478590083561574,-0.09510681033134459,0.9265244007110596,-0.0644271895289421,-0.02812666571864277,0.447501753415854,-0.007549602944687694,0.8938087462431018
1.1333333,34,2,0.08910250872865189,-0.008070471300524486,0.031201733720077146,-0.09510681033134458,1.0323690176010132,-0.06442718952894208,-0.02544178131226919,0.49408318788318156,-0.00453023565006149,0.8690304920886299,0.09620147419136718,-0.008528471568029432,0.03478590083561574,-0.09510681033134459,0.9265244007110596,-0.0644271895289421,-0.02812666571864277,0.447501753415854,-0.007549602944687694,0.8938087462431018
1.1666666,35,2,0.08911477057760211,-0.007916523356375153,0.031201733720077146,-0.09510681033134458,1.0323690176010132,-0.06289321184158322,-0.02582073008472829,0.4940635289950476,-0.003863697690657999,0.8690337111154012,0.09596511004083699,-0.00867854947062247,0.03432595064892914,-0.0951068103313446,0.9295923709869385,-0.06596117466688156,-0.027705626936593283,0.44889159874195633,-0.008147359869646596,0.8931194496494269
1.2,36,2,0.08910250872865189,-0.008070471300524486,0.031201733720077146,-0.09510681033134458,1.0323690176010132,-0.06442718952894208,-0.02544178131226919,0.49408318788318156,-0.00453023565006149,0.8690304920886299,0.09605388561579312,-0.008518949672557674,0.03467468704362768,-0.09510681033134459,0.928058385848999,-0.0644271895289421,-0.0280882987582019,0.4481861168856627,-0.007505974459778001,0.8934673538810638
1.2333333,37,2,0.08909001068023295,-0.008224401001743382,0.03120173372007716,-0.09510681033134459,1.0323690176010132,-0.06596117466688155,-0.025062815732450672,0.49410255620944715,-0.005196774181831816,0.8690267618163173,0.09605388561579312,-0.008518949672557674,0.03467468704362768,-0.09510681033134459,0.928058385848999,-0.0644271895289421,-0.0280882987582019,0.4481861168856627,-0.007505974459778001,0.8934673538810638
1.2666667,38,2,0.08909001068023295,-0.008224401001743382,0.03120173372007716,-0.09510681033134459,1.0323690176010132,-0.06596117466688155,-0.025062815732450672,0.49410255620944715,-0.005196774181831816,0.8690267618163173,0.09605388561579312,-0.008518949672557674,0.03467468704362768,-0.09510681033134459,0.928058385848999,-0.0644271895289421,-0.0280882987582019,0.4481861168856627,-0.007505974459778001,0.8934673538810638
1.3,39,2,0.08910250872865189,-0.008070471300524486,0.031201733720077146,-0.09510681033134458,1.0323690176010132,-0.06442718952894208,-0.02544178131226919,0.49408318788318156,-0.00453023565006149,0.8690304920886299,0.09612605530527055,-0.008523605806928241,0.034436937440786616,-0.0951068103313446,0.928058385848999,-0.06442718952894211,-0.02808829875820191,0.4481861168856628,-0.007505974459778001,0.8934673538810639
1.3333334,40,2,0.08910250872865189,-0.008070471300524486,0.031201733720077146,-0.09510681033134458,1.0323690176010132,-0.06442718952894208,-0.02544178131226919,0.49408318788318156,-0.00453023565006149,0.8690304920886299,0.09618826522529716,-0.008693290433629607,0.034785900835615724,-0.0951068103313446,0.9265244007110596,-0.06596117466688156,-0.027783426959681053,0.4475231947297124,-0.008235145323290166,0.8938026928504927
1.3666667,41,2,0.08910250872865189,-0.008070471300524486,0.031201733720077146,-0.09510681033134458,1.0323690176010132,-0.06442718952894208,-0.02544178131226919,0.49408318788318156,-0.00453023565006149,0.8690304920886299,0.09618826522529716,-0.008693290433629607,0.034785900835615724,-0.0951068103313446,0.9265244007110596,-0.06596117466688156,-0.027783426959681053,0.4475231947297124,-0.008235145323290166,0.8938026928504927
1.4,42,2,0.08910250872865189,-0.008070471300524486,0.031201733720077146,-0.09510681033134458,1.0323690176010132,-0.06442718952894208,-0.02544178131226919,0.49408318788318156,-0.00453023565006149,0.8690304920886299,0.0961128538919373,-0.008688308986848229,0.0344369374407866,-0.0951068103313446,0.928058385848999,-0.06596117466688156,-0.02774453510888104,0.4482075285710527,-0.008191255005834185,0.893461334051592
1.4333333,43,2,0.08909001068023295,-0.008224401001743382,0.03120173372007716,-0.09510681033134459,1.0323690176010132,-0.06596117466688155,-0.025062815732450672,0.49410255620944715,-0.005196774181831816,0.8690267618163173,0.09618826522529716,-0.008693290433629607,0.034785900835615724,-0.0951068103313446,0.9265244007110596,-0.06596117466688156,-0.027783426959681053,0.4475231947297124,-0.008235145323290166,0.8938026928504927
1.4666667,44,2,0.08909001068023295,-0.008224401001743382,0.03120173372007716,-0.09510681033134459,1.0323690176010132,-0.06596117466688155,-0.025062815732450672,0.49410255620944715,-0.005196774181831816,0.8690267618163173,0.09618826522529716,-0.008693290433629607,0.034785900835615724,-0.0951068103313446,0.9265244007110596,-0.06596117466688156,-0.027783426959681053,0.4475231947297124,-0.008235145323290166,0.8938026928504927
1.5,45,2,0.08909001068023295,-0.008224401001743382,0.03120173372007716,-0.09510681033134459,1.0323690176010132,-0.06596117466688155,-0.025062815732450672,0.49410255620944715,-0.005196774181831816,0.8690267618163173,0.0961108870180277,-0.00868841076700541,0.034435472855768645,-0.09357282519340518,0.9280583858489995,-0.06596117466688159,-0.027059248811446782,0.44820111410473046,-0.008535024406533122,0.8934823511001314
1.5333333,46,2,0.08909001068023295,-0.008224401001743382,0.03120173372007716,-0.09510681033134459,1.0323690176010132,-0.06596117466688155,-0.025062815732450672,0.49410255620944715,-0.005196774181831816,0.8690267618163173,0.09618630059544886,-0.008693392362022753,0.03478443325201902,-0.09357282519340517,0.9265244007110596,-0.06596117466688158,-0.02709787883117075,0.4475167468011351,-0.00857838983215972,0.8938237396283829
1.5666667,47,2,0.08909001068023295,-0.008224401001743382,0.03120173372007716,-0.09510681033134459,1.0323690176010132,-0.06596117466688155,-0.025062815732450672,0.49410255620944715,-0.005196774181831816,0.8690267618163173,0.0961108870180277,-0.00868841076700541,0.034435472855768645,-0.09357282519340518,0.9280583858489995,-0.06596117466688159,-0.027059248811446782,0.44820111410473046,-0.008535024406533122,0.8934823511001314
1.6,48,2,0.08909001068023295,-0.008224401001743382,0.03120173372007716,-0.09510681033134459,1.0323690176010132,-0.06596117466688155,-0.025062815732450672,0.49410255620944715,-0.005196774181831816,0.8690267618163173,0.0961108870180277,-0.00868841076700541,0.034435472855768645,-0.09357282519340518,0.9280583858489995,-0.06596117466688159,-0.027059248811446782,0.44820111410473046,-0.008535024406533122,0.8934823511001314
1.6333333,49,2,0.08909001068023295,-0.008224401001743382,0.03120173372007716,-0.09510681033134459,1.0323690176010132,-0.06596117466688155,-0.025062815732450672,0.49410255620944715,-0.005196774181831816,0.8690267618163173,0.0961108870180277,-0.00868841076700541,0.034435472855768645,-0.09357282519340518,0.9280583858489995,-0.06596117466688159,-0.027059248811446782,0.44820111410473046,-0.008535024406533122,0.8934823511001314
1.6666666,50,2,0.08909001068023295,-0.008224401001743382,0.03120173372007716,-0.09510681033134459,1.0323690176010132,-0.06596117466688155,-0.025062815732450672,0.49410255620944715,-0.005196774181831816,0.8690267618163173,0.09617283872728236,-0.008858186957160528,0.03478443325201905,-0.09357282519340512,0.9265244007110596,-0.06749515235424042,-0.026754630542207912,0.44753739893909433,-0.009263940078242616,0.8938168971940542
1.7,51,2,0.08909001068023295,-0.008224401001743382,0.03120173372007716,-0.09510681033134459,1.0323690176010132,-0.06596117466688155,-0.025062815732450672,0.49410255620944715,-0.005196774181831816,0.8690267618163173,0.09609743288024114,-0.008853089685304528,0.03443547285576866,-0.09357282519340517,0.928058385848999,-0.06749515235424043,-0.02671547563181105,0.4482217364126013,-0.009220312824204487,0.8934755420270117
1.7333333,52,2,0.08909001068023295,-0.008224401001743382,0.03120173372007716,-0.09510681033134459,1.0323690176010132,-0.06596117466688155,-0.025062815732450672,0.49410255620944715,-0.005196774181831816,0.8690267618163173,0.09617283872728236,-0.008858186957160528,0.03478443325201905,-0.09357282519340512,0.9265244007110596,-0.06749515235424042,-0.026754630542207912,0.44753739893909433,-0.009263940078242616,0.8938168971940542
1.7666667,53,2,0.08907727658316059,-0.00837831060254605,0.031201733720077146,-0.09510681033134459,1.0323690176010132,-0.0674951523542404,-0.024683837249486307,0.4941216337743061,-0.005863306419095273,0.8690225203368939,0.09617283872728236,-0.008858186957160528,0.03478443325201905,-0.09357282519340512,0.9265244007110596,-0.06749515235424042,-0.026754630542207912,0.44753739893909433,-0.009263940078242616,0.8938168971940542
1.8,54,2,0.08907727658316059,-0.00837831060254605,0.031201733720077146,-0.09510681033134459,1.0323690176010132,-0.0674951523542404,-0.024683837249486307,0.4941216337743061,-0.005863306419095273,0.8690225203368939,0.09609743288024114,-0.008853089685304528,0.03443547285576866,-0.09357282519340517,0.928058385848999,-0.06749515235424043,-0.02671547563181105,0.4482217364126013,-0.009220312824204487,0.8934755420270117
1.8333334,55,2,0.08907727658316059,-0.00837831060254605,0.031201733720077146,-0.09510681033134459,1.0323690176010132,-0.0674951523542404,-0.024683837249486307,0.4941216337743061,-0.005863306419095273,0.8690225203368939,0.09609743288024114,-0.008853089685304528,0.03443547285576866,-0.09357282519340517,0.928058385848999,-0.06749515235424043,-0.02671547563181105,0.4482217364126013,-0.009220312824204487,0.8934755420270117
1.8666667,56,2,0.08907727658316059,-0.00837831060254605,0.031201733720077146,-0.09510681033134459,1.0323690176010132,-0.0674951523542404,-0.024683837249486307,0.4941216337743061,-0.005863306419095273,0.8690225203368939,0.09609743288024114,-0.008853089685304528,0.03443547285576866,-0.09357282519340517,0.928058385848999,-0.06749515235424043,-0.02671547563181105,0.4482217364126013,-0.009220312824204487,0.8934755420270117
1.9,57,2,0.08907727658316059,-0.00837831060254605,0.031201733720077146,-0.09510681033134459,1.0323690176010132,-0.0674951523542404,-0.024683837249486307,0.4941216337743061,-0.005863306419095273,0.8690225203368939,0.0961708739251215,-0.008858282112343876,0.034782965464263765,-0.09203884750604631,0.9265244007110596,-0.06749515235424043,-0.026069075151484544,0.447530161964274,-0.009607193511845927,0.8938371547915217
1.9333333,58,2,0.08907727658316059,-0.00837831060254605,0.031201733720077146,-0.09510681033134459,1.0323690176010132,-0.0674951523542404,-0.024683837249486307,0.4941216337743061,-0.005863306419095273,0.8690225203368939,0.09609546583393687,-0.008853184688788642,0.03443400806700926,-0.09203884750604632,0.9280583858489995,-0.06749515235424042,-0.026030182068183732,0.44821453269810657,-0.009564091149796169,0.8934957696935075
1.9666667,59,2,0.08907727658316059,-0.00837831060254605,0.031201733720077146,-0.09510681033134459,1.0323690176010132,-0.0674951523542404,-0.024683837249486307,0.4941216337743061,-0.005863306419095273,0.8690225203368939,0.0961708739251215,-0.008858282112343876,0.034782965464263765,-0.09203884750604631,0.9265244007110596,-0.06749515235424043,-0.026069075151484544,0.447530161964274,-0.009607193511845927,0.8938371547915217
2.0,60,2,0.08907727658316059,-0.00837831060254605,0.031201733720077146,-0.09510681033134459,1.0323690176010132,-0.0674951523542404,-0.024683837249486307,0.4941216337743061,-0.005863306419095273,0.8690225203368939,0.0961708739251215,-0.008858282112343876,0.034782965464263765,-0.09203884750604631,0.9265244007110596,-0.06749515235424043,-0.026069075151484544,0.447530161964274,-0.009607193511845927,0.8938371547915217
2.0333333,61,2,0.08907516801463429,-0.008378399797592452,0.03120048074582954,-0.09357282519340514,1.0323690176010132,-0.0674951523542404,-0.024017296238997798,0.4941169913219565,-0.0062422922785831956,0.8690411970415526,0.0961708739251215,-0.008858282112343876,0.034782965464263765,-0.09203884750604631,0.9265244007110596,-0.06749515235424043,-0.026069075151484544,0.447530161964274,-0.009607193511845927,0.8938371547915217
2.0666666,62,2,0.08907516801463429,-0.008378399797592452,0.03120048074582954,-0.09357282519340514,1.0323690176010132,-0.0674951523542404,-0.024017296238997798,0.4941169913219565,-0.0062422922785831956,0.8690411970415526,0.09609743288024114,-0.008853089685304528,0.03443547285576866,-0.09357282519340517,0.928058385848999,-0.06749515235424043,-0.02671547563181105,0.4482217364126013,-0.009220312824204487,0.8934755420270117
2.1,63,2,0.08907516801463429,-0.008378399797592452,0.03120048074582954,-0.09357282519340514,1.0323690176010132,-0.0674951523542404,-0.024017296238997798,0.4941169913219565,-0.0062422922785831956,0.8690411970415526,0.09617283872728236,-0.008858186957160528,0.03478443325201905,-0.09357282519340512,0.9265244007110596,-0.06749515235424042,-0.026754630542207912,0.44753739893909433,-0.009263940078242616,0.8938168971940542
2.1333334,64,2,0.08907516801463429,-0.008378399797592452,0.03120048074582954,-0.09357282519340514,1.0323690176010132,-0.0674951523542404,-0.024017296238997798,0.4941169913219565,-0.0062422922785831956,0.8690411970415526,0.09609743288024114,-0.008853089685304528,0.03443547285576866,-0.09357282519340517,0.928058385848999,-0.06749515235424043,-0.02671547563181105,0.4482217364126013,-0.009220312824204487,0.8934755420270117
2.1666667,65,2,0.08907516801463429,-0.008378399797592452,0.03120048074582954,-0.09357282519340514,1.0323690176010132,-0.0674951523542404,-0.024017296238997798,0.4941169913219565,-0.0062422922785831956,0.8690411970415526,0.09609743288024114,-0.008853089685304528,0.03443547285576866,-0.09357282519340517,0.928058385848999,-0.06749515235424043,-0.02671547563181105,0.4482217364126013,-0.009220312824204487,0.8934755420270117
2.2,66,2,0.08907516801463429,-0.008378399797592452,0.03120048074582954,-0.09357282519340514,1.0323690176010132,-0.0674951523542404,-0.024017296238997798,0.4941169913219565,-0.0062422922785831956,0.8690411970415526,0.09617283872728236,-0.008858186957160528,0.03478443325201905,-0.09357282519340512,0.9265244007110596,-0.06749515235424042,-0.026754630542207912,0.44753739893909433,-0.009263940078242616,0.8938168971940542
2.2333333,67,2,0.08907516801463429,-0.008378399797592452,0.03120048074582954,-0.09357282519340514,1.0323690176010132,-0.0674951523542404,-0.024017296238997798,0.4941169913219565,-0.0062422922785831956,0.8690411970415526,0.09617283872728236,-0.008858186957160528,0.03478443325201905,-0.09357282519340512,0.9265244007110596,-0.06749515235424042,-0.026754630542207912,0.44753739893909433,-0.009263940078242616,0.8938168971940542
2.2666667,68,2,0.08907516801463429,-0.008378399797592452,0.03120048074582954,-0.09357282519340514,1.0323690176010132,-0.0674951523542404,-0.024017296238997798,0.4941169913219565,-0.0062422922785831956,0.8690411970415526,0.09617283872728236,-0.008858186957160528,0.03478443325201905,-0.09357282519340512,0.9265244007110596,-0.06749515235424042,-0.026754630542207912,0.44753739893909433,-0.009263940078242616,0.8938168971940542
2.3,69,2,0.08907516801463429,-0.008378399797592452,0.03120048074582954,-0.09357282519340514,1.0323690176010132,-0.0674951523542404,-0.024017296238997798,0.4941169913219565,-0.0062422922785831956,0.8690411970415526,0.09609743288024114,-0.008853089685304528,0.03443547285576866,-0.09357282519340517,0.928058385848999,-0.06749515235424043,-0.02671547563181105,0.4482217364126013,-0.009220312824204487,0.8934755420270117
2.3333333,70,2,0.08907516801463429,-0.008378399797592452,0.03120048074582954,-0.09357282519340514,1.0323690176010132,-0.0674951523542404,-0.024017296238997798,0.4941169913219565,-0.0062422922785831956,0.8690411970415526,0.09609743288024114,-0.008853089685304528,0.03443547285576866,-0.09357282519340517,0.928058385848999,-0.06749515235424043,-0.02671547563181105,0.4482217364126013,-0.009220312824204487,0.8934755420270117
2.3666666,71,2,0.08907516801463429,-0.008378399797592452,0.03120048074582954,-0.09357282519340514,1.0323690176010132,-0.0674951523542404,-0.024017296238997798,0.4941169913219565,-0.0062422922785831956,0.8690411970415526,0.09608372607740931,-0.009017748571211235,0.034435472855768604,-0.09357282519340517,0.9280583858489995,-0.06902913749217988,-0.026371685066380924,0.448242095142481,-0.009905599146253746,0.893468207310474
2.4,72,2,0.08907516801463429,-0.008378399797592452,0.03120048074582954,-0.09357282519340514,1.0323690176010132,-0.0674951523542404,-0.024017296238997798,0.4941169913219565,-0.0062422922785831956,0.8690411970415526,0.09625693579152284,-0.009029492361656802,0.034951303837784636,-0.09510681033134458,0.9249904155731206,-0.06902913749217984,-0.027136827897419558,0.44688075077099615,-0.009650620066476422,0.8941297739670395
2.4333334,73,2,0.08907516801463429,-0.008378399797592452,0.03120048074582954,-0.09357282519340514,1.0323690176010132,-0.0674951523542404,-0.024017296238997798,0.4941169913219565,-0.0062422922785831956,0.8690411970415526,0.09624295827055296,-0.009194394914130523,0.034951303837784636,-0.09510681033134456,0.9249904155731201,-0.07056311517953871,-0.02679406739881231,0.446901432969521,-0.010336404722078404,0.8941221090541481
2.4666667,74,2,0.08907516801463429,-0.008378399797592452,0.03120048074582954,-0.09357282519340514,1.0323690176010132,-0.0674951523542404,-0.024017296238997798,0.4941169913219565,-0.0062422922785831956,0.8690411970415526,0.09611842903938224,-0.009517067762702537,0.03478590083561574,-0.09510681033134459,0.9265244007110596,-0.07363107800483702,-0.026066997040710863,0.447626451742959,-0.011662766493756579,0.8937645390386665
2.5,75,2,0.08906219764083043,-0.008532287196284028,0.031200480745829512,-0.09357282519340512,1.0323690176010132,-0.06902913749217984,-0.023638305151191783,0.4941352670689205,-0.006908838517389795,0.8690361536315083,0.09610173826711967,-0.0096818411174504,0.03478443325201902,-0.09357282519340512,0.9265244007110596,-0.07516505569219589,-0.025038153716085018,0.4476367104730239,-0.012691608156388548,0.8937747979092858
2.5333333,76,2,0.0890489912861139,-0.008686153770280057,0.031200480745829512,-0.09357282519340511,1.0323690176010132,-0.07056311517953871,-0.023259301998365327,0.49415325204054167,-0.007575377454490388,0.8690305990152061,0.09586794928011147,-0.009829690060674232,0.03513526308288886,-0.09357282519340512,0.9295923709869385,-0.07669904083013532,-0.024610190316875627,0.44902381921139484,-0.013286719773594606,0.8930819735002145
2.5666666,77,2,0.08903554885327328,-0.0088400006521854,0.03120048074582954,-0.09357282519340512,1.0323690176010132,-0.07209710031747818,-0.022880283321815856,0.49417094640094705,-0.008241915172578279,0.8690245331419556,0.09627637724666095,-0.009861530152738543,0.037595634449602275,-0.09050486981868741,0.9203884601593018,-0.07669904083013532,-0.023490752722824224,0.4448952324224475,-0.014240310606310865,0.8951612314315938
2.6,78,2,0.08903554885327328,-0.0088400006521854,0.03120048074582954,-0.09357282519340512,1.0323690176010132,-0.07209710031747818,-0.022880283321815856,0.49417094640094705,-0.008241915172578279,0.8690245331419556,0.09715280755636188,-0.0097618837480519,0.042111423423251956,-0.08743690699338913,0.9019807577133179,-0.07516505569219589,-0.022945885706130157,0.436611113224738,-0.01474911982851858,0.8992367238953825
2.6333334,79,2,0.08903554885327328,-0.0088400006521854,0.03120048074582954,-0.09357282519340512,1.0323690176010132,-0.07209710031747818,-0.022880283321815856,0.49417094640094705,-0.008241915172578279,0.8690245331419556,0.09777486605799711,-0.00997733923765532,0.04827057322635557,-0.08590292185544968,0.8851068019866943,-0.07669904083013535,-0.022369155779716026,0.42902638531535325,-0.016239809639840286,0.902868899761093
2.6666667,80,2,0.08900584700728165,-0.009147699414723102,0.031199227597278084,-0.09203884750604627,1.0323690176010132,-0.07516505569219586,-0.0214556814117214,0.4941979735602278,-0.009954016419370677,0.8690275796666329,0.09750199001662539,-0.009956368769590024,0.051358270851144514,-0.08590292185544968,0.8897088766098022,-0.07669904083013535,-0.02224716645613441,0.4310995382172561,-0.016112802305921346,0.9018861509832558
2.7,81,2,0.08898958730858178,-0.00930154183376821,0.031197974271286344,-0.09050486981868738,1.0323690176010132,-0.07669904083013529,-0.02041009442386841,0.4942059933344241,-0.010999604803572757,0.8690355993238189,0.09673897346028215,-0.009730932227915465,0.0527826183942562,-0.08590292185544969,0.9096505641937256,-0.0751650556921959,-0.0220547236864592,0.44003961245538364,-0.014873041569429594,0.8975842697305383
2.7333333,82,2,0.08932044371823855,-0.00932696808129815,0.032215829516917024,-0.09050486981868747,1.0277670621871948,-0.07669904083013537,-0.020538024336942427,0.4922089947072267,-0.011133534030450252,0.8701635130856897,0.09623995988950024,-0.009693353046967477,0.05688303093906455,-0.08590292185544968,0.9326602220535278,-0.07516505569219592,-0.02144844082238191,0.4503205085901861,-0.014238880932789933,0.8924957468801443
2.7666667,83,2,0.09064668977371251,-0.009428889819876725,0.036886427646749265,-0.09050486981868743,1.0078253746032715,-0.07669904083013533,-0.021091118775043355,0.48352540831535923,-0.01171320029486631,0.8749977972321613,0.09653754786630589,-0.009882251587251716,0.06161190635479502,-0.08590292185544969,0.9403301477432251,-0.07669904083013536,-0.020897693579514584,0.45375047506039434,-0.014710282284429041,0.8907622580580272
2.8,84,2,0.09194094055524285,-0.00936895664130159,0.04250436113891676,-0.09050486981868743,0.9878835678100586,-0.07516505569219588,-0.02200627652430349,0.4747769599877656,-0.011616944004939784,0.8797542888047193,0.0974073857424334,-0.009949098450434079,0.06673801112012266,-0.08590292185544966,0.943398118019104,-0.07669904083013533,-0.0208154679611619,0.4551140686056759,-0.014624968733263398,0.8900696664533048
2.8333333,85,2,0.09334421394243125,-0.009636194001479196,0.04949706044723942,-0.09050486981868743,0.9710098505020142,-0.07669904083013533,-0.02210666958546684,0.4673684785442677,-0.012780254324751886,0.8836937622969,0.09886578259891075,-0.010061175951088039,0.0730403598090706,-0.08590292185544968,0.9433982372283936,-0.07669904083013535,-0.020815464765244034,0.4551141215687856,-0.014624965417643547,0.890069639501209
2.8666666,86,2,0.09494026675439932,-0.00975885033420689,0.05980441832695624,-0.09050486981868743,0.9602719545364384,-0.07669904083013533,-0.02240147712124442,0.46262595023217656,-0.013090679754254814,0.8861738193481761,0.10015791980638444,-0.010332593777729878,0.07783262011481336,-0.08590292185544968,0.9403302669525146,-0.0782330185174942,-0.020549662680024464,0.4537664228945339,-0.015393479270035398,0.8907506865634173
2.9,87,2,0.09586937548025118,-0.009995751249917808,0.06532408831142543,-0.09050486981868743,0.9664080142974854,-0.07823301851749419,-0.02187617562484952,0.46535457639688765,-0.013591932964744565,0.8847495750350977,0.1016572498712268,-0.01062460849385959,0.08234314654760887,-0.08590292185544968,0.9372621774673462,-0.07976700365543365,-0.020285894181901732,0.4524174642541998,-0.01616301523095642,0.8914290086561489
2.9333334,88,2,0.09691029597254994,-0.010077352146884735,0.06968917767628818,-0.09050486981868747,0.9725438356399536,-0.07823301851749423,-0.021705510344795908,0.46806167156190986,-0.013413383661490615,0.8833273592355737,0.1036743728738946,-0.01114117425089702,0.08825407939241384,-0.08590292185544966,0.9341943264007573,-0.08283495903015135,-0.019678185611879874,0.4510826357454194,-0.01761778018648528,0.8920912725507913
2.9666667,89,2,0.09822627192952244,-0.010518923060872223,0.07414935757369374,-0.09050486981868743,0.9771457910537724,-0.0813009813427925,-0.020856241627407446,0.47012168882647304,-0.01463273309176173,0.882233811414179,0.10534211204935037,-0.011640312113772835,0.09289700219954769,-0.08590292185544966,0.9295923709869385,-0.08590292185544966,-0.01911874328025939,0.4490623016370209,-0.019118743280259386,0.8930912588079833
3.0,90,2,0.09921007402362075,-0.010769875255405723,0.07737699697813781,-0.09050486981868745,0.9802137613296509,-0.08283495903015138,-0.020407063499561735,0.4714876120992897,-0.015218371051761012,0.8815051812546343,0.10687348257290655,-0.012320687429300828,0.09703069126809155,-0.08590292185544969,0.9280582666397095,-0.09050486981868745,-0.018131145067037863,0.4484212961525353,-0.021218615259104342,0.8933864634646779
3.0333333,91,2,0.10100810153808126,-0.011092773426113409,0.08232094132985256,-0.09050486981868743,0.9725438356399541,-0.0843689441680908,-0.020269414638841278,0.46812606036713655,-0.01612333178491732,0.8832820504275495,0.10938475596701905,-0.013109028897047684,0.10344848522563926,-0.08743690699338917,0.9188544750213627,-0.09510681033134465,-0.018069627819426122,0.44437239657649774,-0.023207458882874513,0.8953591880153611
3.0666666,92,2,0.10316040313660754,-0.011451783566618388,0.0877869006632768,-0.09050486981868745,0.9694758653640747,-0.08590292185544969,-0.020000909325689334,0.4667887815948609,-0.016892817169428663,0.8839812383367709,0.11131195832505178,-0.013292873611258953,0.10813900647461017,-0.08743690699338916,0.911184549331665,-0.09510681033134463,-0.018306970067997346,0.44094253394619026,-0.023438103043994768,0.8970424694125364
3.1,93,2,0.1048640615483872,-0.011957895374084928,0.09224110185217788,-0.09050486981868748,0.9664078950881962,-0.08897088468074803,-0.01937741834997371,0.46546526792731596,-0.018341879125511187,0.8846638771203372,0.1132850411453354,-0.013674132063325782,0.11278798625289911,-0.08743690699338914,0.9035146236419682,-0.0966407880187035,-0.018208475291802754,0.4375202807949052,-0.02435769797917033,0.8986941403335457
3.1333334,94,2,0.10689069315931055,-0.012504566067799858,0.09668917898413401,-0.09050486981868745,0.960271954536438,-0.09203884750604631,-0.018852556683459254,0.46278415823354924,-0.01988709560556564,0.886047350553534,0.11609278260039987,-0.013946535756803068,0.12032850367936176,-0.08590292185544965,0.8851068019866943,-0.09664078801870343,-0.018090346861453464,0.42922809527975625,-0.025241244884590702,0.9026620968721468
3.1666667,95,2,0.1094258832333494,-0.012925509362463304,0.10290401833634664,-0.09050486981868743,0.9510680437088013,-0.09357282519340514,-0.018784155810496788,0.45872511106230807,-0.02085021071897822,0.8881349540944407,0.11828717897830471,-0.014159266627236003,0.12578929798331773,-0.08590292185544968,0.872835099697113,-0.09664078801870346,-0.01847027200311142,0.4236923492888541,-0.025605374075941774,0.9052557688436201
3.2,96,2,0.1115381784352937,-0.013314015651149728,0.10823574966997422,-0.09050486981868744,0.9387962818145752,-0.0951068103313446,-0.01881793832121238,0.4532934725353328,-0.02191087750338759,0.8908932744168799,0.12054394167711449,-0.014582383982629645,0.13100706396162126,-0.08590292185544968,0.8620971441268921,-0.09817477315664291,-0.01848089411055287,0.41884967932738626,-0.02661923919770872,0.9074771725970607
3.2333333,97,2,0.11373026106049461,-0.013910643246296057,0.11388664987422588,-0.09050486981868743,0.9249904155731201,-0.0981747731566429,-0.01856498844154087,0.44717537843413974,-0.02370812357523102,0.8939392859713633,0.12362785451493766,-0.014886122894364882,0.13833230222259885,-0.08590292185544968,0.8452233672142029,-0.09817477315664291,-0.019007175050203138,0.411193433362644,-0.027119828105147598,0.9109463225567129
3.2666667,98,2,0.11687204854090928,-0.014220082312958572,0.12182656561574563,-0.09050486981868744,0.9050486087799072,-0.09817477315664291,-0.01920246615911587,0.43825966483884926,-0.024328186326902673,0.898313904389101,0.1258928189466645,-0.01510920242604754,0.1427449090119342,-0.08590292185544969,0.8390875458717351,-0.09817477315664293,-0.019198213428723878,0.40840210281361206,-0.02730138080753177,0.9121917482769547
3.3,99,2,0.11918859441964247,-0.014448242173886367,0.12720268390003517,-0.09050486981868745,0.8927768468856812,-0.09817477315664293,-0.01959381148377109,0.43275141221817703,-0.024708561457528245,0.900961588951167,0.1282086223449695,-0.015337289159033953,0.14764835541088894,-0.08590292185544966,0.8283495903015137,-0.0981747731566429,-0.019532103046501208,0.40350791837603733,-0.027618486605198188,0.9143506307517135
3.3333333,100,2,0.12158374894775807,-0.014684144311224685,0.13177532772666534,-0.09050486981868741,0.8851069211959839,-0.09817477315664289,-0.01983803101065826,0.4293004339901628,-0.024945826731898338,0.9025991888042777,0.13154951869174664,-0.015666548449979598,0.15451684042585118,-0.08436894416809082,0.8114758133888249,-0.09817477315664294,-0.01935177702401263,0.3957720009838159,-0.02841874024162298,0.9177049673867731
3.3666666,101,2,0.1249789739378028,-0.01501854479457311,0.13799040055217238,-0.09050486981868743,0.8743690252304077,-0.09817477315664293,-0.020179447393861957,0.42445846886153843,-0.0252773809831768,0.9048695221551161,0.13396712939029093,-0.015679534184864858,0.15930121107003561,-0.08436894416809079,0.8007379174232487,-0.09664078801870346,-0.019982365437182955,0.39083276889646884,-0.028024516904856807,0.9198179593161376
3.4,102,2,0.12744441753305222,-0.01526136980096799,0.14319778880904832,-0.09050486981868747,0.8620972633361816,-0.09817477315664294,-0.020568920928056223,0.41890987463135937,-0.02565540369881594,0.9074322215401242,0.13636822616666858,-0.016141149724844546,0.16403113412719889,-0.08436894416809078,0.7900000810623169,-0.09817477315664287,-0.02001284130221248,0.3859127205642689,-0.029040434144262665,0.921860895946026
3.4333334,103,2,0.13004248014483363,-0.015517256640778784,0.1475669156459417,-0.09050486981868743,0.8544273376464844,-0.0981747731566429,-0.0208119519270412,0.4154339471911339,-0.025891180591326807,0.9090165812270797,0.13966029038975808,-0.016231445000579846,0.16945705457035418,-0.08436894416809079,0.7792622447013855,-0.09664078801870346,-0.02063470430769738,0.3809506222394434,-0.02864139680956034,0.9239212643847483
3.4666667,104,2,0.13322703823461135,-0.015830908244897888,0.15332289437909902,-0.09050486981868745,0.8421554565429692,-0.09817477315664293,-0.021200163394330493,0.4098597762967537,-0.026267630157424955,0.9115237399277878,0.14237401520105092,-0.016494521009560937,0.17321977180164227,-0.0843689441680908,0.7731262445449829,-0.09664078801870347,-0.020820655969047294,0.37811899095570833,-0.028817047436375115,0.9250741087830234
3.5,105,2,0.1356812900716654,-0.016072630959291203,0.1572889143104312,-0.09050486981868745,0.8344855308532715,-0.09817477315664293,-0.021442391162796594,0.406368070048423,-0.026502409824533064,0.913073292665947,0.14500111384603148,-0.016749405150234185,0.17678704912378979,-0.08283495903015134,0.7669904232025146,-0.09664078801870346,-0.02029599764770362,0.37526153590139655,-0.029280253106152922,0.9262340519169272
3.5333333,106,2,0.1384370426214988,-0.016111998635057106,0.16109012825897326,-0.09050486981868747,0.8283496499061589,-0.09664078801870352,-0.021945473740118432,0.4035537134392509,-0.025988679685033416,0.914323457579396,0.1488109618501638,-0.017118742381327344,0.18084565052339996,-0.08283495903015135,0.7608544230461125,-0.09664078801870345,-0.020480684700126848,0.37242267975782684,-0.02945318227201078,0.927369613050948
3.5666666,107,2,0.14211398025820815,-0.016468451166541696,0.1671845563985324,-0.09050486981868744,0.8145438432693481,-0.09664078801870346,-0.02237538525047897,0.39724480221555336,-0.026407630447788898,0.9170597288627123,0.15140680331250994,-0.0173705925934042,0.1841346389899042,-0.08130098134279248,0.7547184824943542,-0.09664078801870346,-0.019953024769427927,0.3695575143819345,-0.02990928779079986,0.9285120111609994
3.6,108,2,0.1450118701034469,-0.016749380644644915,0.1698624025186883,-0.09050486981868743,0.8130097985267644,-0.09664078801870347,-0.02242308981560497,0.3965426078161795,-0.026454105229037763,0.9173610769735089,0.15402732162733207,-0.017624632906134665,0.1870007414574852,-0.08130098134279252,0.7501165866851811,-0.09664078801870347,-0.02009062096249446,0.3674234086682909,-0.03003695410608557,0.929351487382435
3.6333334,109,2,0.14763379662289244,-0.017003557472636842,0.17318705974136991,-0.09050486981868745,0.8068739175796513,-0.09664078801870347,-0.022613766619182973,0.39373163802001804,-0.026639839429946473,0.9185610125280265,0.15776399371862584,-0.01798687626130386,0.1901302941929988,-0.0813009813427925,0.7470486164093018,-0.09664078801870347,-0.020182293897105606,0.36599957167449265,-0.03012197777739232,0.929908412157841
3.6666667,110,2,0.15132365279224724,-0.017361262362502107,0.17682889520500372,-0.09050486981868741,0.8022719621658325,-0.09664078801870343,-0.022756636026704476,0.39162095671376956,-0.02677897697834754,0.9194552997135496,0.16046983786248603,-0.01824918829652915,0.19247247638719067,-0.08130098134279248,0.7439806461334229,-0.09664078801870343,-0.02027391934056032,0.3645748734434636,-0.030206930568373667,0.930463148756517
3.7,111,2,0.15423553441483945,-0.017643548242304342,0.17877287976596926,-0.09050486981868743,0.802271962165833,-0.09664078801870347,-0.022756636026704465,0.39162095671376973,-0.026778976978347545,0.9194552997135494,0.1629169946048589,-0.018486422457655437,0.19528182363726604,-0.08130098134279248,0.7378447353839874,-0.09664078801870346,-0.020457026002804878,0.36172292054193794,-0.030376621886411187,0.9315660468718798
3.7333333,112,2,0.1574509625268769,-0.0176938477091476,0.17975547010846182,-0.09050486981868743,0.8068738877773285,-0.09510681033134459,-0.02291574862695192,0.39371416404161974,-0.025935306511499903,0.9185811806117244,0.16574086974287652,-0.018760375116546046,0.19779497267863166,-0.07976700365543361,0.7347767949104309,-0.09664078801870345,-0.019833579620789084,0.3602722031020299,-0.030737693789988526,0.9321296921415542
3.7666667,113,2,0.16147038106132477,-0.018077278566151822,0.1807223359413897,-0.09050486981868743,0.8130098581314087,-0.09510681033134456,-0.0227272251142333,0.3965253202101158,-0.025750490008773375,0.9173810854465991,0.16785079583916152,-0.018964917203623498,0.19965569559364804,-0.07976700365543364,0.7301748394966125,-0.09664078801870347,-0.01997008386895708,0.35812962503595647,-0.030863024462250793,0.9329479305636057
3.8,114,2,0.1634909784464802,-0.018540796654176996,0.18283283523628246,-0.09050486981868745,0.8084079027175903,-0.0966407880187035,-0.022566116839637017,0.3944347357601658,-0.026593428867518327,0.918261835827699,0.16922464129788994,-0.01909810159237767,0.20060675769449166,-0.07976700365543367,0.7301748394966125,-0.09664078801870347,-0.019970083868957076,0.3581296250359566,-0.030863024462250786,0.9329479305636057
3.8333333,115,2,0.1654180139805469,-0.018727829809097443,0.18517850774565367,-0.08897088468074799,0.8022719919681554,-0.09664078801870349,-0.022051413099454135,0.3916003159247355,-0.02707933854570488,0.9194724776587343,0.1706840045325507,-0.01952156550507385,0.20095822359990603,-0.07976700365543365,0.7317087948322296,-0.09817477315664291,-0.01964935852245816,0.35885919155207274,-0.031536612730924715,0.9326518243190801
3.8666666,116,2,0.16734266651663526,-0.01919144271417505,0.18990375118351588,-0.08743690699338913,0.7853981852531438,-0.09817477315664291,-0.021569636984321176,0.38383851094139165,-0.028584452440453743,0.9227056287664768,0.171299082875622,-0.019582145435954205,0.2009695481327981,-0.07976700365543367,0.7317087948322296,-0.09817477315664293,-0.019649358522458162,0.35885919155207285,-0.031536612730924715,0.9326518243190801
3.9,117,2,0.16857734881252212,-0.01931304830960302,0.19152703768211754,-0.08743690699338913,0.7807962596416473,-0.09817477315664291,-0.021712226013330033,0.3817181619782193,-0.02872033715538517,0.9235772660103739,0.17117608179626748,-0.019570030886694838,0.20083183278231392,-0.07976700365543368,0.7332427799701695,-0.09817477315664294,-0.01960330933054897,0.35957334927559415,-0.03149462665034326,0.9323791102583636
3.9333334,118,2,0.1695789777919816,-0.019411700156196143,0.19199334871017176,-0.08743690699338913,0.7807962298393254,-0.09817477315664294,-0.021712226936372984,0.38171814824016714,-0.02872033803489044,0.923577271639316,0.17117608179626748,-0.019570030886694838,0.20083183278231392,-0.07976700365543368,0.7332427799701695,-0.09817477315664294,-0.01960330933054897,0.35957334927559415,-0.03149462665034326,0.9323791102583636
3.9666667,119,2,0.17029855420770273,-0.019201180130993877,0.19024001401152663,-0.08743690699338912,0.7900001406669617,-0.09664078801870347,-0.02172295252970019,0.38594029358960447,-0.02774137113724072,0.9218506492077706,0.17126882953628864,-0.019862148506865462,0.200969548132798,-0.07976700365543368,0.7317087948322301,-0.0997087508440018,-0.019374111773489668,0.35887415683598584,-0.032251936929028745,0.932627361764909
4.0,120,2,0.1703831352970772,-0.01949090275961144,0.18960424228916078,-0.08743690699338914,0.793068110942841,-0.09817477315664293,-0.02133173365874553,0.3873679271678325,-0.028357640493656914,0.9212420367994729,0.17120703432956436,-0.02042201513724185,0.200969548132798,-0.07976700365543365,0.7317087948322296,-0.10277671366930011,-0.018823582908725593,0.35890345411855507,-0.0336825314598416,0.9325767906305117
4.0333333,121,2,0.17052352756222708,-0.019504730191213807,0.18932392255639938,-0.08743690699338913,0.79460209608078,-0.09817477315664291,-0.021284115234689295,0.38807312843388336,-0.028312227951013902,0.9209476918775924,0.17094268616538785,-0.022659505432512664,0.2009695481327981,-0.07976700365543368,0.7317087948322301,-0.11504855751991272,-0.016621038805676124,0.3590121971754882,-0.03940407986620857,0.932352563056565
4.0666666,122,2,0.17021222440533515,-0.01975541533358037,0.18988434529051387,-0.08743690699338914,0.7915341258049016,-0.09970875084400178,-0.021082767452214258,0.38667878200388495,-0.0291098356386418,0.9215137839086505,0.1706915431691065,-0.025751264928854142,0.20068780302545025,-0.07976700365543364,0.7332427799701691,-0.13192234933376312,-0.013533442042719798,0.3598529271694951,-0.0472221640579572,0.931714969277464
4.1,123,2,0.17003559562931544,-0.020300162610658274,0.19051994016066315,-0.08743690699338912,0.7884661555290222,-0.10277671366930007,-0.020588006464228707,0.3852993500756359,-0.030615475498591463,0.9220538148509103,0.17018672259674508,-0.02909584969619638,0.20068780302545025,-0.07976700365543365,0.7332427799701691,-0.1503301113843918,-0.010220872061024197,0.35996224388161846,-0.05579543659859217,0.9312408850607854
4.133333,124,2,0.169699068850668,-0.0219518410363766,0.19079964742365363,-0.08743690699338912,0.7869321703910828,-0.1119805946946144,-0.018867111134039532,0.38468424950577335,-0.034905734565387175,0.9221950173331487,0.1694196757359275,-0.033539858883736354,0.2006896207269971,-0.08130098134279248,0.7332427799701691,-0.1748738139867783,-0.006516480848019635,0.3601120155483354,-0.06694281594872044,0.9304813437828449
4.1666665,125,2,0.1693275821777599,-0.02585151058505519,0.19051994016066315,-0.08743690699338916,0.7884661555290227,-0.13345633447170263,-0.01467539704803342,0.3855698223413772,-0.04475544950609642,0.9214757156651654,0.16881802017935116,-0.03658157721815265,0.20033107195856004,-0.0813009813427925,0.7347767651081085,-0.19174760580062866,-0.003398448428606361,0.3608651457485246,-0.07473543025911651,0.929612506690911
4.2,126,2,0.16882573418782865,-0.03002153910186079,0.19024001401152663,-0.08743690699338913,0.7900001406669617,-0.1564660370349884,-0.01017046922334585,0.3864173371348842,-0.05529982137633573,0.920608566586857,0.168105296741362,-0.03988774403742458,0.1999743517092482,-0.0828349590301514,0.7363107502460484,-0.21015536785125735,-0.0007030790690329709,0.36165486342362957,-0.08295300152540191,0.9286140559887004
4.233333,127,2,0.1680873398252868,-0.03415671819305321,0.19024001401152663,-0.0874369069933891,0.7900001406669617,-0.1794757544994354,-0.005724217336972187,0.3865087712051523,-0.0658873994822707,0.9199114379693438,0.16703589437583408,-0.044558437517481946,0.19955543231296188,-0.0828349590301513,0.7393787205219269,-0.23623304069042195,0.004203611157192087,0.36305017464835304,-0.09492969362679173,0.9269116751929296
4.266667,128,2,0.16713573777850604,-0.038821275230833716,0.19024001401152663,-0.08743690699338916,0.7900001406669621,-0.2055534273386002,-0.0006842489083056644,0.3865505512686139,-0.0778760336561661,0.91897417074657,0.16595185521193967,-0.04864549373511138,0.19919712281715385,-0.08283495903015134,0.7409127056598663,-0.2592427432537079,0.008483818486226138,0.36368476346944223,-0.10552197073352125,0.9254871859386181
4.3,129,2,0.16639094357108303,-0.04209819497918357,0.19024001401152663,-0.0874369069933891,0.7900001406669617,-0.2239611893892288,0.002873495127137118,0.38654047641662576,-0.08633074470122308,0.9182184955862599,0.164855903818238,-0.05243629063579558,0.19884063435457208,-0.08436894416809082,0.7424466907978058,-0.2807184755802155,0.011791042369604083,0.36436670087575,-0.1151058608280467,0.9240392412748466
4.3333335,130,2,0.16572429081873818,-0.04481811288457756,0.19024001401152663,-0.08743690699338914,0.7900001406669621,-0.23930099606513977,0.0058381096299286684,0.3865070676696439,-0.09337078346065236,0.9175293455325045,0.16338782763940984,-0.0575891734560123,0.19820041534190352,-0.08436894416809083,0.7455146312713627,-0.30986413359642034,0.017343013125858255,0.3655632426956223,-0.12841352265599634,0.9217226820929686
4.366667,131,2,0.1644194862771273,-0.049686964532563827,0.19024001401152663,-0.08743690699338917,0.7900001406669617,-0.2669126689434051,0.011173437114456385,0.38638963648846353,-0.10602874299141408,0.916152885045407,0.16212172178959744,-0.06162827850671446,0.19797818762832287,-0.08436894416809083,0.7455146312713627,-0.332873821258545,0.021547520603894817,0.36533952546945536,-0.1390090658326168,0.9201843375660775
4.4,132,2,0.16314719983020554,-0.0539831413009044,0.19024001401152663,-0.08743690699338912,0.7900001406669617,-0.29145634174346924,0.015914187167773746,0.3862234269557283,-0.11726335536733425,0.9147827658003601,0.16052641001809737,-0.06555196938355824,0.1974839750597187,-0.08436894416809079,0.7485826015472417,-0.35588353872299194,0.02602498919994732,0.3664676836487771,-0.14942795408813764,0.917984435224953
4.4333334,133,2,0.1618590075969748,-0.057981327529822754,0.19024001401152663,-0.08743690699338913,0.7900001406669617,-0.3144660592079163,0.0203564819074821,0.3860147801924016,-0.12777980918037754,0.9133731567564204,0.15868674106123531,-0.0705879084064989,0.19720362002982678,-0.08590292185544965,0.7501165866851807,-0.3850291669368743,0.03080842468812073,0.36687192278947645,-0.16242468903416096,0.9154638461616849
4.4666667,134,2,0.16009582457836882,-0.0630013591352513,0.19024001401152663,-0.08743690699338907,0.7900001406669617,-0.34361168742179865,0.02597944295517073,0.3856771518075406,-0.14107618743213102,0.9114141278568028,0.15724737628305402,-0.07427064426227523,0.19733924055835605,-0.08590292185544976,0.7485826015472412,-0.40650489926338207,0.03459024140026816,0.3658239490960233,-0.1723318902079474,0.9139354862817273
4.5,135,2,0.15860095174613092,-0.06692695304780845,0.19024001401152663,-0.08743690699338921,0.7900001406669621,-0.36662140488624584,0.03041478689490361,0.38535274440540246,-0.1515523104594999,0.909730784524603,0.15561362781181962,-0.07787184424992821,0.19733924055835605,-0.08590292185544965,0.7485826015472412,-0.4279806315898895,0.03851634037908024,0.36543144097920954,-0.1821354835622533,0.9120323563861128
4.5333333,136,2,0.1571245901717741,-0.07055891324146922,0.19024001401152663,-0.08743690699338916,0.7900001406669617,-0.3880971372127534,0.03455082015068412,0.385003945057129,-0.1613119531063623,0.9080510210898796,0.15352958501165856,-0.0821973664918679,0.1973428232278372,-0.08897088468074801,0.7485826015472412,-0.45405831933021557,0.04188240553193718,0.36519536395173813,-0.193451536691447,0.9096453777196548
4.5666666,137,2,0.1549968881387218,-0.07543563506408198,0.19024001401152663,-0.08743690699338916,0.7900001406669617,-0.41724276542663585,0.040157543830024116,0.3844595798730699,-0.17452721511360855,0.9056039168985802,0.15212079540287088,-0.08496654583952293,0.1973446142013922,-0.09050486981868738,0.7485826015472412,-0.4709320962429046,0.04426556316611039,0.3649831630939109,-0.20083925695466642,0.908015111901475
4.6,138,2,0.15334030556774747,-0.07898878122623443,0.19024173478840026,-0.08897088468074804,0.7900001406669621,-0.43871849775314337,0.04359030124825297,0.38414741560306837,-0.1839466377010505,0.903711393754139,0.15079982904484976,-0.08746310949237719,0.19734640491693997,-0.09203884750604621,0.7485826015472412,-0.4862719178199768,0.046368372730899644,0.3647921892576558,-0.2075179456913634,0.9064838304586195
4.633333,139,2,0.15186014922447832,-0.08200554109391589,0.190243455338174,-0.09050486981868738,0.7900001406669617,-0.4571262896060943,0.046432232033781884,0.3838772962376229,-0.19196202018081665,0.902015993244994,0.1494391502394679,-0.08993853240329373,0.19734640491693997,-0.09203884750604635,0.7485826015472412,-0.5016117095947266,0.04916489955431639,0.3644258223355187,-0.21446441029668992,0.9048655421569484
4.6666665,140,2,0.15006154576139602,-0.08548926689477784,0.190243455338174,-0.09050486981868741,0.7900001406669617,-0.47860199213027954,0.050551493305590334,0.3833565928256895,-0.20163648098063805,0.8999027718589371,0.14874460867450148,-0.09116834873262608,0.19734640491693997,-0.0920388475060463,0.7485826015472412,-0.5092816352844238,0.050562094084870404,0.36423459744354014,-0.21793295046895333,0.9040364272344293
4.7,141,2,0.14913429143162538,-0.08721644691291305,0.19024345533817397,-0.09050486981868752,0.7900001406669617,-0.4893398582935333,0.0526089707278922,0.3830796613464339,-0.20646506940757303,0.8988072342700516,0.14845048398673505,-0.09165108874056174,0.1969880369832635,-0.0920388475060463,0.7501165866851807,-0.5123496055603027,0.051313924864230476,0.36484309482563737,-0.21921665912935032,0.9034381293886401
4.733333,142,2,0.14818854468689924,-0.08893357081699332,0.19024345533817397,-0.0905048698186875,0.7900001406669621,-0.5000777244567871,0.05466493167697961,0.38279168745297726,-0.2112877064018311,0.8976857882272098,0.14814139365930112,-0.09212495506210894,0.19627315819142163,-0.09357282519340507,0.7531845569610596,-0.5154175162315369,0.051569572071722115,0.3663046218846471,-0.22011452630492817,0.9026134823565635
4.766667,143,2,0.14750174781202852,-0.09015382474839123,0.19024345533817397,-0.09050486981868752,0.7900001406669621,-0.5077476501464844,0.05613251800096012,0.38257923514119085,-0.2147287359117973,0.8968689086122759,0.14793675759956648,-0.09233345972111745,0.19484015245409778,-0.0935728251934051,0.759320467710495,-0.5169515013694763,0.052629719244910056,0.36900491621525316,-0.22038864833320979,0.901384672682555
4.8,144,2,0.1472244118711475,-0.09064044534440155,0.190243455338174,-0.09050486981868741,0.7900001406669617,-0.5108156204223632,0.056719322588595904,0.38249267860109093,-0.2161042663085652,0.8965384628363081,0.14775583184923752,-0.0922305996340821,0.19404777824742564,-0.09357282519340515,0.7623884379863739,-0.5169515013694764,0.05301914055406703,0.3703735997959693,-0.22017881367937076,0.9008516289133457
4.8333335,145,2,0.14708518437576568,-0.0908834359981499,0.19024345533817397,-0.09050486981868747,0.7900001406669617,-0.5123496055603028,0.05701267491865185,0.3824490628004817,-0.21679184101528928,0.8963724487794428,0.1476812386363625,-0.09218819182671019,0.19261550157712712,-0.0935728251934052,0.7685243487358098,-0.5169515013694763,0.05379760419692315,0.37310833587519315,-0.2197575926027206,0.8997791884549076
4.866667,146,2,0.14703817558316518,-0.09085699601857514,0.1895321485996898,-0.09050486981868733,0.7930681109428406,-0.5123496055603027,0.05739682621968743,0.3838101022121456,-0.21658021100900846,0.8958171811140389,0.14764107720647116,-0.09216535921075264,0.1918995639404757,-0.0935728251934051,0.7715923190116887,-0.5169515013694763,0.05418664847983703,0.3744743952212755,-0.2195462051252034,0.899239789080368
4.9,147,2,0.14698926544515442,-0.090829486631959,0.18882101758423178,-0.0905048698186875,0.7961360514163971,-0.5123496055603027,0.05778083872999832,0.38517022526844946,-0.21636807342888212,0.8952598109169113,0.14759900692483802,-0.09214144137250949,0.19118377835999806,-0.09357282519340515,0.7746602594852452,-0.5169515013694764,0.05457556147828681,0.37583956013085884,-0.21933430309227628,0.8986982789663046
4.9333334,148,2,0.14691233462044603,-0.09078621707914905,0.18775464186906954,-0.09050486981868738,0.8007380068302155,-0.5123496055603027,0.058356607875916025,0.3872087292762016,-0.21604890949413905,0.89441979796733,0.14762492656157195,-0.09183264149803086,0.1893932427401972,-0.09203884750604627,0.782330185174942,-0.5154175162315368,0.05594475069372768,0.37912371960511504,-0.21840482007154194,0.8974601521360801
4.9666667,149,2,0.14683112788775957,-0.09074054255243211,0.1866886905349387,-0.09050486981868747,0.8053399324417114,-0.5123496055603028,0.058932064327322085,0.38924517002741715,-0.21572860376731096,0.8935750550015673,0.14766481196929193,-0.09185523630091386,0.18845138109050785,-0.09203884750604632,0.7853981256484985,-0.5154175162315369,0.05633174417304097,0.38048623587309016,-0.21819257988046556,0.8969107854155044
5.0,150,2,0.14674564591509096,-0.0906924634275208,0.18562317235021591,-0.09050486981868744,0.8099418878555298,-0.5123496055603027,0.05950721249083629,0.3912795631163607,-0.21540715379562225,0.8927255755509134,0.14795567145253996,-0.09137278264985571,0.18715114258652,-0.0920388475060463,0.7900000810623173,-0.5123496055603028,0.05632514307571863,0.382615200767707,-0.21649844724022466,0.8964159239669712
5.0333333,151,2,0.14665589102482765,-0.09064198101063627,0.18455811678493408,-0.09050486981868747,0.8145438432693481,-0.5123496055603028,0.060082045593647736,0.3933118845771945,-0.21508456335160397,0.8918713695682065,0.1487861853498367,-0.09151545364449631,0.18663266569627507,-0.0920388475060463,0.7853982150554657,-0.5108156204223633,0.05545612800277076,0.38061488467180843,-0.21612825295854615,0.8974104443933628
5.0666666,152,2,0.14642985755221033,-0.09051484904087893,0.18207491977872536,-0.09050486981868733,0.8252817094326019,-0.5123496055603026,0.061422076787959023,0.39804583810932803,-0.21432742886070671,0.889859872387139,0.149956694423519,-0.0918451967671272,0.1860926850685819,-0.09203884750604624,0.7792622745037079,-0.5092816352844238,0.054398423502113595,0.3779289939280055,-0.21586048651928408,0.8986738771260174
5.1,153,2,0.14625418307207616,-0.09041604136236595,0.18030298543929252,-0.09050486981868736,0.8329516053199764,-0.5123496055603027,0.06237815912778905,0.4014202129025701,-0.2137828353460921,0.8884073824819722,0.15134182140721805,-0.09229046228541668,0.18581575311314702,-0.09050486981868741,0.7700583338737488,-0.5077476501464843,0.05365271782441649,0.3737049566812091,-0.21608368432370023,0.9004298043662508
5.133333,154,2,0.14630005398888724,-0.09044184134650651,0.17971897820016497,-0.09050486981868744,0.8344855904579163,-0.5123496055603028,0.062569266701935,0.4020943836336541,-0.21367353867356495,0.8881153148017269,0.15390342628847728,-0.09371575297546553,0.18509401705914894,-0.09050486981868744,0.7562524974346165,-0.5077476501464844,0.05193279728750469,0.36753942140670415,-0.2170091470548157,0.9028426155053058
5.1666665,155,2,0.14646398671013255,-0.09053404490166261,0.17925893638813037,-0.0905048698186875,0.8344855606555939,-0.512349605560303,0.06256926298944684,0.4020943705381356,-0.21367354079820614,0.8881153204811046,0.15674286507919846,-0.0952958836526639,0.18235236037669006,-0.08897088468074815,0.7577866017818451,-0.5077476501464844,0.05281629271000833,0.36805893168138043,-0.21718918184659275,0.9025363822709527
5.2,156,2,0.14796514860020177,-0.09137836970806965,0.1791839933179047,-0.09050486981868747,0.8222136795520787,-0.5123496055603028,0.06103938121028494,0.3966944147777642,-0.21454438918542929,0.8904372186149025,0.15989085243469595,-0.09704793123968089,0.1785707808511052,-0.08590292185544973,0.7654563784599304,-0.5077476501464844,0.055153274558080584,0.37115283908704433,-0.217247906180537,0.9011143288192237
5.233333,157,2,0.15062118904139635,-0.0928722531100906,0.17910587480030654,-0.09050486981868741,0.8053398728370671,-0.5123496055603027,0.05893205687596111,0.3892451436645361,-0.21572860792334606,0.8935750659734181,0.16398651856153712,-0.09862105699900273,0.1740215880674623,-0.08436894416809071,0.7761942148208618,-0.5046796798706054,0.05659869605787268,0.3758633040364646,-0.2154433767557041,0.899504038732145
5.266667,158,2,0.1547211168500848,-0.09551525628762642,0.17591859122967396,-0.09050486981868727,0.8022719621658321,-0.5138835906982422,0.058845948469082934,0.3878427420610499,-0.21662800350200137,0.8939728574616105,0.16639367948053405,-0.09959386602263626,0.17298226783174145,-0.08436894416809079,0.7731263339519501,-0.503145694732666,0.05593349079164284,0.3745383114622704,-0.21495551168574534,0.900214766514509
5.3,159,2,0.1582824088924225,-0.09752574617931409,0.17104267708478013,-0.08897088468074787,0.814543753862381,-0.5138835906982421,0.06106759815613257,0.39310003841123736,-0.2160701333572552,0.8916595795075063,0.16861743564457102,-0.099737461000421,0.17190383360149927,-0.08436894416809082,0.7715923488140111,-0.49854376912117004,0.05488461321413677,0.373981091784126,-0.2129838263254897,0.9009793071675072
5.3333335,160,2,0.16154508756741115,-0.09901662528018014,0.16557907372242955,-0.0889708846807481,0.8329515755176544,-0.5123496055603028,0.06305953886487285,0.40125611189757493,-0.21409066086656206,0.8883592832591491,0.17142905182108736,-0.09909028086278546,0.1724545274447997,-0.08436894416809068,0.7608545124530788,-0.4893398582935332,0.051875688368148244,0.3694231187414894,-0.20952479009436065,0.9038444748028038
5.366667,161,2,0.16514553213049032,-0.09961556276167297,0.15980543240198802,-0.0889708846807479,0.8498253524303441,-0.5062136650085449,0.06390312417694427,0.4088577906434316,-0.21017066927500475,0.8857651988688054,0.17354620953957867,-0.0983984912403906,0.17262623443739966,-0.08436894416809076,0.7531846165657043,-0.4816699624061584,0.04955136709000288,0.36617602681007405,-0.20654071278063632,0.9059805259348384
5.4,162,2,0.16677404929954856,-0.09980249178587705,0.15818362724040907,-0.08897088468074796,0.8498254120349884,-0.503145694732666,0.06327587474438895,0.4089553621395069,-0.2088116676550683,0.8860865436873457,0.1754608766974455,-0.09793959254305523,0.17288081428338398,-0.08436894416809085,0.7439807057380676,-0.47553405165672324,0.0473507927931057,0.3621839024058607,-0.20433173201852303,0.908201115695327
5.4333334,163,2,0.16814733767072276,-0.09912283716143473,0.15884943866523332,-0.08897088468074807,0.8421554863452916,-0.4970097839832307,0.06109382137241501,0.40577859845630965,-0.20662975652430554,0.8882091069920723,0.1783873114288786,-0.09797339971020683,0.1735184927083691,-0.08436894416809082,0.7301748394966125,-0.4693981111049652,0.04464124727624923,0.35609454829577464,-0.20238634938298156,0.911177039492918
5.4666667,164,2,0.17033394671989124,-0.0981476549647763,0.16227487356026077,-0.08897088468074799,0.8160777390003204,-0.48780590295791626,0.05611998060022859,0.394542209020981,-0.20432213869019875,0.8941137828706912,0.18031132433790706,-0.09857872656245151,0.17330889287217638,-0.08436894416809076,0.7225049734115601,-0.4678641259670257,0.04348199308057393,0.35265794503391135,-0.2021499943203205,0.9126209891726653
5.5,165,2,0.17232807338188721,-0.09776100931330113,0.16450332501339227,-0.08897088468074793,0.7946020662784576,-0.4816699624061584,0.05237361355327534,0.38517281006223225,-0.20300735642660633,0.8987140391853332,0.18202607411929794,-0.09944515844072518,0.17380679074155214,-0.08436894416809085,0.7117670774459839,-0.46786412596702576,0.04224034512029274,0.34779017217712,-0.20279260179004427,0.9144030347939317
5.5333333,166,2,0.17442364761894785,-0.09776680817994049,0.16465695091460766,-0.08897088468074799,0.7838641703128815,-0.4770680367946625,0.05022810414937463,0.38050278261201487,-0.20164030588744253,0.9011303773703847,0.18393551776881228,-0.10003302795656194,0.17406443523458176,-0.08436894416809074,0.7010292112827301,-0.4663301706314087,0.04073446483466244,0.3429437309258718,-0.20272662885405007,0.9163144737189024
5.5666666,167,2,0.1776685676544027,-0.09834076730564861,0.16227928900495608,-0.08897088468074785,0.782330185174942,-0.472466081380844,0.04917402951644291,0.37993182126668573,-0.19966538104822976,0.9018688716332105,0.18488765047083994,-0.10051229129662162,0.17438389838288496,-0.08436894416809076,0.6933593451976776,-0.46633017063140864,0.039848662150359156,0.33945287614930725,-0.2031769165936631,0.9175527066944337
5.6,168,2,0.17954527654329833,-0.09892966713912389,0.15967146478613112,-0.08897088468074796,0.7869321405887604,-0.47093209624290466,0.04941618802510984,0.3820257464694895,-0.1986766178964076,0.901189198169142,0.1854659844557117,-0.10080340016901873,0.17548367616350863,-0.08436894416809082,0.6841554343700409,-0.4663301706314087,0.03878491823088065,0.3352572325646995,-0.2037133212132805,0.9190207837101061
5.633333,169,2,0.18071249732696784,-0.09952394482867281,0.15785227095985507,-0.08897088468074787,0.7884661257266998,-0.47093209624290455,0.04959398929963404,0.38271073781395964,-0.19857739147550088,0.9009106209730398,0.1865530613129487,-0.10020796030342045,0.1763499822124687,-0.08590292185544976,0.674951583147049,-0.46172821521759044,0.03625215243699246,0.3312953650579402,-0.20187284936129546,0.9209649913137647
5.6666665,170,2,0.1811836709638537,-0.09976383773001804,0.15766793406757912,-0.08897088468074801,0.7853981554508209,-0.47093209624290466,0.049238357680150516,0.38134053038784077,-0.19877572744031585,0.9014672452158509,0.1873811040468091,-0.09985816196011393,0.17658887386696032,-0.08590292185544973,0.6703496277332306,-0.4586602449417115,0.03521884632667319,0.3292447533530348,-0.20072315326298,0.9219911827111383
5.7,171,2,0.18143252057905135,-0.09989053678852855,0.15981414858818954,-0.08897088468074801,0.7731263339519505,-0.47093209624290466,0.04781468786123431,0.3758507862939487,-0.19956438542530874,0.9036725060201688,0.18784217550379828,-0.09970491336041012,0.17702506263922665,-0.08590292185544965,0.6657476723194122,-0.45712628960609436,0.03444268128033869,0.3271636910016008,-0.20027762567030544,0.922857786255442
5.733333,172,2,0.18181714207019986,-0.10008636261197904,0.16185903772859805,-0.08897088468074793,0.759320467710495,-0.4709320962429047,0.046210902404081794,0.3696578900965727,-0.20044264750536175,0.9061127644225038,0.1882501998029226,-0.09990561020209629,0.17760909133770714,-0.08590292185544968,0.6596117913722992,-0.45712628960609436,0.03374422976122202,0.3243503890237068,-0.20062487663549783,0.9238007420288118
5.766667,173,2,0.1830057261056467,-0.09993944466991964,0.16365541433674985,-0.08897088468074799,0.7439806163311005,-0.46786412596702576,0.043869824590991195,0.36282397092709007,-0.20001300899939028,0.9090814049589088,0.18845300615498942,-0.10000536552162276,0.17790215205826893,-0.08590292185544968,0.6565438210964203,-0.45712628960609436,0.033394881093268616,0.32294257787419217,-0.20079779587470903,0.9242689643629696
5.8,174,2,0.18400124041774102,-0.0993130097022443,0.16386619616432663,-0.08897088468074801,0.7393787205219269,-0.4632622003555298,0.04250694842187731,0.36084726796831085,-0.19820477693197885,0.9103281138891682,0.18855410654785967,-0.10005509424999957,0.17804894209817695,-0.08590292185544973,0.6550098359584808,-0.4571262896060944,0.03322017723972117,0.3222383871225477,-0.20088407833246869,0.9245022600087764
5.8333335,175,2,0.18448771579465653,-0.09917975926770126,0.16308622653814786,-0.08897088468074801,0.7409127056598663,-0.46172821521759044,0.04240563714341523,0.36157234931992543,-0.19741213438883132,0.9102173626896911,0.18880832866661804,-0.09979795456992488,0.17819590479742137,-0.08590292185544968,0.6534758508205414,-0.4555923044681549,0.03279882995382774,0.32155925784471584,-0.20026091868871848,0.924888882457761
5.866667,176,2,0.18481911325013364,-0.09934466365402156,0.16230471380114297,-0.08897088468074796,0.7424466907978062,-0.46172821521759033,0.04258108056753881,0.362264721595441,-0.19731764884248493,0.9099543222164242,0.18880690175814566,-0.09979748783378406,0.17819396315056338,-0.08436894416809074,0.6534758508205414,-0.4555923044681549,0.033508199691450344,0.3214055653871852,-0.20050749212395474,0.9248634540805166
5.9,177,2,0.18470715685447228,-0.09928895380949485,0.1621683182968568,-0.08897088468074799,0.7439806759357457,-0.46172821521759033,0.04275649894216771,0.36295688075874577,-0.19722304721859119,0.9096907464374382,0.18890767610357256,-0.09984686434517798,0.1783410958849947,-0.08436894416809085,0.6519418656826019,-0.455592304468155,0.03333417550877616,0.32070079644701877,-0.20059281952813207,0.9250958613328417
5.9333334,178,2,0.18448770097074974,-0.09955600566626169,0.1629787328262931,-0.08897088468074801,0.7393787205219269,-0.4632622003555298,0.042506948421877314,0.3608472679683109,-0.19820477693197885,0.9103281138891682,0.18906060415297063,-0.09953970808988208,0.1783410958849947,-0.08436894416809082,0.6519418656826019,-0.45405831933021557,0.033088190600281654,0.32072626917887703,-0.19988321894434463,0.9252494424131501
5.9666667,179,2,0.1846200099794281,-0.0992455892582245,0.163696873733258,-0.08897088468074799,0.736310750246048,-0.46172821521759033,0.04187915760624394,0.35949395789381,-0.19769489400709048,0.9110032707293428,0.1891632747808433,-0.09920811300213395,0.17795205067356124,-0.08436894416809079,0.6534758508205414,-0.452524334192276,0.03301512910001599,0.32145658829603657,-0.1990885299790887,0.9251699413201594
6.0,180,2,0.1846200099794281,-0.0992455892582245,0.163696873733258,-0.08897088468074799,0.736310750246048,-0.46172821521759033,0.04187915760624394,0.35949395789381,-0.19769489400709048,0.9110032707293428,0.18916184790707702,-0.09920764718534902,0.17795010876536838,-0.08283495903015134,0.6534758508205414,-0.4525243341922759,0.03372471778943923,0.3213037943350965,-0.19933502620972582,0.9251443468355955
6.0333333,181,2,0.18471069028080536,-0.09929071205323345,0.16335997459187565,-0.08897088468074807,0.7378447353839874,-0.46172821521759044,0.04205467555953638,0.3601869670616153,-0.1976007570266153,0.9107418371004186,0.18937372975225977,-0.09892912676152577,0.1772181255235825,-0.08283495903015131,0.6565437912940979,-0.4509903490543364,0.03382265496207087,0.32273944988802644,-0.1984565368959709,0.92482986460243
6.0666666,182,2,0.18472988206538296,-0.09930026194387337,0.16264179995662661,-0.08897088468074801,0.7409127056598663,-0.46172821521759044,0.04240563714341522,0.36157234931992543,-0.19741213438883132,0.9102173626896911,0.19028024743907096,-0.09898545618093411,0.17530177063772748,-0.08283495903015142,0.6642136573791508,-0.44945636391639715,0.03443301858230769,0.3262873414596043,-0.19732387126121986,0.9238042151154213
6.1,183,2,0.18472988206538296,-0.09930026194387337,0.16264179995662661,-0.08897088468074801,0.7409127056598663,-0.46172821521759044,0.04240563714341522,0.36157234931992543,-0.19741213438883132,0.9102173626896911,0.19231910943621375,-0.09919763479371316,0.17212018479482907,-0.08283495903015131,0.6749515235424042,-0.4463884234428405,0.03512513998704233,0.33126442611114504,-0.19531166165625632,0.9224334444041026
6.133333,184,2,0.18472988206538296,-0.09930026194387337,0.16264179995662661,-0.08897088468074801,0.7409127056598663,-0.46172821521759044,0.04240563714341522,0.36157234931992543,-0.19741213438883132,0.9102173626896911,0.1962342720480974,-0.09989661614241555,0.1666339584282618,-0.08283495903015134,0.6872234046459198,-0.4417864680290222,0.03571170978682872,0.3369639754540106,-0.19250635345867134,0.9209349905983458
6.1666665,185,2,0.1857011159930125,-0.09865130258610744,0.16133535302464888,-0.08897088468074804,0.7470486462116241,-0.4571262896060944,0.04226881268293582,0.3644387817474797,-0.19494102829457322,0.9096129491823663,0.19967782616869906,-0.10033623765798606,0.16294339666402358,-0.08283495903015137,0.6902913749217987,-0.43718451261520386,0.03527005578688464,0.3384489539770062,-0.1902162198135175,0.9208833359533204
6.2,186,2,0.18851900905222246,-0.09851426922237759,0.1585194236444556,-0.08897088468074796,0.7516506016254425,-0.45099034905433644,0.04166533729475686,0.36664344729530585,-0.191868537586654,0.9094080747980453,0.20317966540915527,-0.10076930401272406,0.15981670196192527,-0.08283495903015128,0.6887573599815369,-0.4325825870037078,0.03432593368262866,0.33782706722612277,-0.18818157788660234,0.9215651342527674
6.233333,187,2,0.1925357089242956,-0.09891514350806396,0.15330432048039855,-0.08897088468074804,0.7608544528484344,-0.4448544383049012,0.041556515037530224,0.37092022768384425,-0.18851769637123963,0.9083789511584808,0.20801210342574042,-0.10136811453804148,0.1554024650281477,-0.08283495903015131,0.6856894195079803,-0.4264466464519499,0.03296304915114723,0.33652493397756866,-0.18552107265150153,0.9226301197144435
6.266667,188,2,0.1979462863670672,-0.09952608043502037,0.14604872809497632,-0.08897088468074799,0.7715922892093658,-0.43718451261520386,0.04129968111978526,0.37591390293125015,-0.18438175133761045,0.9071860028109309,0.21135924931073585,-0.10206360663162646,0.15135177407999667,-0.08283495903015134,0.6872233748435974,-0.42337870597839355,0.03260886150091774,0.33727837123139204,-0.18402214497967553,0.9226677693559
6.3,189,2,0.20152606453108823,-0.10000482516122707,0.1400171808071095,-0.08897088468074796,0.780796229839325,-0.4325825870037079,0.041423519969689994,0.3801476707749556,-0.1817354704768147,0.9059492586057276,0.21451108323536533,-0.10264938349948538,0.14706976682125145,-0.08283495903015137,0.6902913451194763,-0.42031073570251454,0.03241337518974931,0.3387344608040221,-0.18244015375890354,0.9224553802049422
6.3333335,190,2,0.20415118861830997,-0.10041388887228939,0.13443323187647627,-0.08897088468074799,0.7915341258049011,-0.429514616727829,0.041985552106471015,0.3850320216116918,-0.17969223035152151,0.904266696334231,0.21848408221741455,-0.10357825691004585,0.1415966056359063,-0.0828349590301514,0.6948933303356171,-0.41724276542663574,0.032373246760865254,0.34089273739707315,-0.18077561773447381,0.9219893114981376
6.366667,191,2,0.20759098694765218,-0.10158236179686488,0.12943744790640963,-0.08897088468074801,0.7946020662784576,-0.42798063158988964,0.0420161501504103,0.38643981696300717,-0.17881143346333822,0.9038392458036562,0.22099501835844537,-0.10426412328259965,0.13722577765400007,-0.08283495903015131,0.699495255947113,-0.4157087802886962,0.032589504302982464,0.3430249555570806,-0.17981873781421012,0.9213777865811901
6.4,192,2,0.2105138903930847,-0.10250381938890549,0.1270637865446278,-0.08897088468074801,0.7884661257266998,-0.4264466464519502,0.04106989400980034,0.3837190852938922,-0.1784912167118569,0.9051043105321968,0.22352499207718335,-0.10538094312777882,0.135241445831489,-0.08283495903015145,0.6964272558689122,-0.4157087802886963,0.03227103200490749,0.34162014164775434,-0.17998529161481197,0.9218782751080739
6.4333334,193,2,0.2133385520760555,-0.10337059232078698,0.1247707487737055,-0.08897088468074799,0.780796200037003,-0.424912691116333,0.039965369261559594,0.3803037186453255,-0.17825987616561875,0.9066395465639818,0.22736154663173053,-0.1070745339472788,0.13357676621209555,-0.08283495903015142,0.6887573301792149,-0.41570878028869623,0.03147452840694112,0.33810463128589024,-0.1803998182889281,0.9231199910769535
6.4666667,194,2,0.21648407007200698,-0.10395089065205637,0.11950304643836891,-0.0889708846807479,0.7838642001152039,-0.4218447208404541,0.03970398371336055,0.3817444618827373,-0.17668490108538995,0.9063537969400219,0.2303012087501077,-0.10837220473635038,0.13136631868512622,-0.08283495903015131,0.6887573897838593,-0.4157087802886962,0.03147453459855594,0.3381046586250664,-0.18039981507785305,0.9231199814800393
6.5,195,2,0.21859948668130685,-0.10490026208592816,0.11500001019955507,-0.08897088468074799,0.7915340662002563,-0.4218447208404541,0.04050866297842447,0.3851901755721472,-0.1762231053932386,0.9049491665237127,0.23295226017276888,-0.109542472560672,0.12919074618545243,-0.0828349590301514,0.6902913749217987,-0.4157087802886963,0.03163387272385352,0.33880816014351056,-0.1803171217944678,0.9228727237839568
6.5333333,196,2,0.22104402263249998,-0.10556832746219477,0.11114340387464382,-0.08897088468074801,0.7992039918899541,-0.42031073570251465,0.041014664104283005,0.38866182335918253,-0.17506566106478177,0.9036657560776991,0.2367984040421696,-0.11124029644277289,0.12706787349233142,-0.0828349590301514,0.6887573599815369,-0.4157087802886962,0.03147453150274854,0.3381046449554784,-0.1803998166833906,0.9231199862784966
6.5666666,197,2,0.2244110406256843,-0.10707320033877964,0.10783702082525679,-0.08897088468074785,0.8038059175014496,-0.4203107357025144,0.04149524281960608,0.39072348430788195,-0.1747864446275088,0.9028083973956629,0.23970868607410686,-0.1125249978229743,0.1253104771793732,-0.08283495903015126,0.6887573301792145,-0.4157087802886961,0.03147452840694111,0.33810463128589,-0.18039981828892807,0.9231199910769534
6.6,198,2,0.22738728059774696,-0.10840341681437646,0.10733725496667407,-0.08897088468074799,0.7992040067911148,-0.42031073570251465,0.041014665660763006,0.3886618300382345,-0.17506566016217112,0.9036657533092917,0.24237706877179716,-0.11370291628483081,0.12459983235930164,-0.08283495903015142,0.6856894195079803,-0.4157087802886962,0.03115580289441831,0.3366970593039863,-0.18056488322054381,0.9236128675747233
6.633333,199,2,0.23060439729428184,-0.10984129201053629,0.10662025127829844,-0.08897088468074796,0.7930680513381962,-0.42031073570251465,0.04037355098310462,0.3859097252162467,-0.1754365099877026,0.9048014651446308,0.2459068871918188,-0.11526110293007613,0.12251356776558911,-0.0828349590301514,0.6856893971562386,-0.4157087802886963,0.03115580057202592,0.33669704904601105,-0.18056488442160287,0.9236128711577364
6.6666665,200,2,0.2348680882987039,-0.11174692867766485,0.10590279852055207,-0.08897088468074801,0.7838642001152039,-0.42031073570251476,0.039411176898077036,0.3817748022543656,-0.17598968255655564,0.9064890463391112,0.24856269103497164,-0.11643346864082184,0.12189747046822356,-0.08283495903015134,0.6826214268803596,-0.4157087802886962,0.03083699555432738,0.33528865743397307,-0.18072952767217482,0.924103583873961
6.7,201,2,0.23740964949446333,-0.11288286751595472,0.10410727306866543,-0.08897088468074796,0.7853981703519821,-0.42031073570251454,0.039571630570955904,0.382464517681042,-0.17589774593403742,0.906209115902223,0.25117938129234196,-0.11758856823196541,0.12097313076732581,-0.0828349590301514,0.6795535087585449,-0.4157087802886963,0.0305181233951707,0.3338795008129621,-0.18089374285828627,0.9245921137864224
6.733333,202,2,0.23983855619903044,-0.11396845595856392,0.10277062871352248,-0.08897088468074801,0.7869321405887604,-0.42031073570251465,0.03973206096518431,0.38315400811679173,-0.1758057058368307,0.9059286523731932,0.2542992348606333,-0.11896578189759148,0.11868540662228191,-0.08283495903015134,0.6795534938573837,-0.4157087802886962,0.030518121846204223,0.3338794939666478,-0.18089374365486113,0.9245921161539746
6.766667,203,2,0.2428300249203159,-0.11530547885209384,0.09981077132605513,-0.08897088468074804,0.7915340624749665,-0.4203107357025147,0.040213212700508046,0.38522113044068673,-0.1755289645656226,0.9050840628277704,0.2564202757853933,-0.11990186031747525,0.11734861106964851,-0.08436894416809085,0.6780194975435734,-0.4157087802886963,0.02964930404716219,0.333313312714708,-0.1807200979895639,0.9248585840653201
6.8,204,2,0.2452504835993584,-0.11638729148937663,0.09838267246399178,-0.08897088468074799,0.7900001145899296,-0.42031073570251465,0.04005285504540732,0.3845323274509201,-0.17562131341764184,0.9053661205398358,0.25814847920735806,-0.12066475040754293,0.115039311867637,-0.08436894416809085,0.6810875008814037,-0.4157087802886963,0.029968594844648516,0.33472277551260654,-0.180555009929379,0.924371373023622
6.8333335,205,2,0.24760988189574917,-0.11744181347544451,0.09795829610506687,-0.08897088468074804,0.7838641814887524,-0.4203107357025147,0.03941117494960456,0.3817747938780337,-0.17598968367228068,0.906489049734969,0.26107496232291705,-0.12045868606091706,0.11323246156147201,-0.08436894416809085,0.6795534947887063,-0.41110685467720043,0.029040316203830754,0.33408584535628044,-0.17850962571946818,0.9250284436128742
6.866667,206,2,0.2501109546956894,-0.11855965621540401,0.09655457661227725,-0.08897088468074801,0.7807961914222687,-0.42031073570251465,0.03909019295560512,0.3803946673530545,-0.17617324923838412,0.9070473196679669,0.26352318275540354,-0.11902030984631123,0.11090044121901112,-0.08590292185544968,0.6826214417815213,-0.4034369587898254,0.027359862778695617,0.33573970222122657,-0.17454113028122725,0.9252381769583898
6.9,207,2,0.25173993786020576,-0.11880284948761516,0.0942810038940736,-0.08897088468074804,0.7838641982525587,-0.41877675056457525,0.03911834670387734,0.3818049171986577,-0.17529436060825018,0.9066237628106965,0.26647639715797466,-0.11726401561885028,0.10920746954413812,-0.08590292185544965,0.6810874417424202,-0.3942330479621886,0.02566228564454091,0.3351560083126064,-0.17036200782740563,0.9262767855649159
6.9333334,208,2,0.2536980352547866,-0.11918660702557966,0.09191964333313173,-0.08897088468074793,0.7838641703128815,-0.4172427654266357,0.03882549078864737,0.3818347958043469,-0.17459893709240312,0.906757950692618,0.2690595596326792,-0.11632177028895802,0.10537033413275851,-0.08590292185544968,0.6856894195079808,-0.3880971372127533,0.0250840774949296,0.3373520907888155,-0.1672795514172833,0.9260571837496191
6.9666667,209,2,0.25676090741419055,-0.11857728809576178,0.08942428189165401,-0.08897088468074793,0.782330222427845,-0.41110685467720026,0.03749655997847449,0.3812614523632979,-0.171906771871583,0.9075691569882159,0.2708135738406028,-0.11552349214056613,0.10297512066663378,-0.08590292185544968,0.6872233748435974,-0.3834952116012574,0.02445617105034175,0.3381151547563199,-0.16506869998488957,0.9261924001561257
7.0,210,2,0.2589007935947817,-0.1170467748321917,0.08755827822967051,-0.08897088468074793,0.7838641926646233,-0.4034369587898254,0.036188820280180695,0.3820937151640275,-0.16833556322043178,0.9079415731610376,0.2718001042884319,-0.11491067452640574,0.10019167135127333,-0.08743690699338916,0.6918253600597386,-0.3804272413253783,0.02366932504233959,0.34039576480586003,-0.16314850034269104,0.9257175882471956
7.0333333,211,2,0.26117598865744074,-0.11505851854968813,0.08521437511824567,-0.0889708846807479,0.7869321405887604,-0.3942330479621886,0.0347329398287482,0.38363948375441775,-0.16397883400177837,0.9081438825400485,0.27306254506768524,-0.11339277235179832,0.09668138386674996,-0.0874369069933891,0.697961263358593,-0.3742913007736206,0.023205935781997884,0.3432898350628077,-0.15998961968189046,0.9252118110363033
7.0666666,212,2,0.26334186124379577,-0.11299932192164377,0.08066852600322066,-0.0905048698186875,0.7946020811796188,-0.38502916693687445,0.033011989657705444,0.38737508579368946,-0.15906401495986527,0.9074962207028847,0.27389872555035744,-0.11220594108427225,0.09428939876506327,-0.08897088468074796,0.70256319642067,-0.3696893751621245,0.02213741765409657,0.3455792873958314,-0.15735753267267466,0.9248370114640556
7.1,213,2,0.2646809199031991,-0.11157146835649567,0.07792817744842973,-0.09050486981868736,0.7961360365152359,-0.37889325618743896,0.03196960925469279,0.3881657719827479,-0.1561918173352266,0.9076945487016317,0.27470286580481174,-0.11100342860519541,0.09142218633676966,-0.09050486981868744,0.7086991369724274,-0.3650874197483062,0.021201816965227528,0.34856782310350154,-0.15464362830318001,0.924194949066206
7.133333,214,2,0.26510151108590824,-0.11124729602729551,0.07478906260620943,-0.08897088468074799,0.8022719323635101,-0.37735927104949957,0.03294986613667586,0.39083418124872427,-0.15544616434648525,0.9066418471917012,0.27547398166722536,-0.10978558292610949,0.08854772380506433,-0.09050486981868736,0.7148350477218628,-0.3604854941368102,0.020962288619553845,0.35143324728331266,-0.15219727174820394,0.9235211127159682
7.1666665,215,2,0.2654620786984283,-0.1104067774944336,0.07060498113910621,-0.09050486981868747,0.8130098432302475,-0.3742913007736207,0.03266611590083539,0.3958304887340448,-0.15314380772939856,0.9048746450280621,0.27562956944667566,-0.10984423286470729,0.08647149347112637,-0.09050486981868744,0.7194369733333588,-0.3604854941368103,0.021384085246782595,0.35354424633889137,-0.1519567737333608,0.9227449949446336
7.2,216,2,0.26597452254328285,-0.10913503016947929,0.0693610871484069,-0.09050486981868752,0.8160777986049657,-0.36968937516212463,0.032040867225553105,0.39728264653842116,-0.15088712808202367,0.9046396830595159,0.2759581751516631,-0.10946423435546102,0.08486438220961717,-0.0905048698186875,0.7225049585103989,-0.35895150899887096,0.021392972639370938,0.35496706842718395,-0.1510886086662574,0.9223410179457252
7.233333,217,2,0.2661856514475366,-0.10872663313661539,0.06857380790890959,-0.09050486981868747,0.8176117837429047,-0.3681553900241853,0.03187840331939435,0.39799588818262555,-0.15010622663430506,0.904461807439728,0.2758589744359069,-0.10942701362361473,0.08250737508975231,-0.09050486981868738,0.7301748692989349,-0.3589515089988708,0.022092894864179938,0.35847969457047835,-0.15068610207297353,0.9210308959091602
7.266667,218,2,0.26685450098086183,-0.10751396448712061,0.06701707977773784,-0.09050486981868744,0.8222137168049812,-0.36355343461036693,0.031384447631121075,0.4001340960380567,-0.14776517356380825,0.9039210004841984,0.2759642809222969,-0.10946652527896639,0.08147204705614643,-0.09050486981868744,0.7332428321242332,-0.3589515089988709,0.022372773217643572,0.35988327104515094,-0.150524478668014,0.9205030535322067
7.3,219,2,0.2670469814984442,-0.10709779905172509,0.06498168683478268,-0.09050486981868733,0.8268156573176384,-0.36201947927474964,0.03149770358519389,0.40222216724584964,-0.14681223071537083,0.9031452772158463,0.2759168876473981,-0.10944874302444452,0.08052914594933727,-0.0905048698186875,0.736310787498951,-0.3589515089988709,0.022652598246272533,0.3612859972735207,-0.15036250145792168,0.9199730464106474
7.3333335,220,2,0.26748054998550663,-0.1067724010491352,0.0631949922008666,-0.09050486981868738,0.8283496275544167,-0.36048549413681025,0.031328680709448484,0.4029338767247399,-0.14603300030580385,0.9029602248018804,0.2758921752911822,-0.10943947079312048,0.08005775245265564,-0.09050486981868741,0.7378447726368904,-0.35895150899887074,0.022792491492339646,0.361987045196873,-0.15028137975377512,0.9197072296880733
7.366667,221,2,0.2673543794687683,-0.10672484016044781,0.06103106372530685,-0.09050486981868738,0.8344855383038521,-0.36048549413681025,0.03188644938963059,0.4056821928405803,-0.14568621375296578,0.9017653463510925,0.2758921752911822,-0.10943947079312048,0.08005775245265564,-0.09050486981868741,0.7378447726368904,-0.35895150899887074,0.022792491492339646,0.361987045196873,-0.15028137975377512,0.9197072296880733
7.4,222,2,0.2667907633724526,-0.10651238099714835,0.05893939764440734,-0.09050486981868744,0.8421554416418076,-0.3604854941368103,0.032583238925711924,0.4091122219625101,-0.14525080177933403,0.9002598108126723,0.2758921752911822,-0.10943947079312048,0.08005775245265564,-0.09050486981868741,0.7378447726368904,-0.35895150899887074,0.022792491492339646,0.361987045196873,-0.15028137975377512,0.9197072296880733
7.4333334,223,2,0.266953824587588,-0.10608574544799333,0.05893939764440731,-0.09050486981868736,0.8421554416418076,-0.35895150899887074,0.0322694433383632,0.4091370927264165,-0.14456026653810433,0.9003709522860232,0.2758937932524229,-0.10943983893072437,0.08005956092689184,-0.09203884750604632,0.7378447726368904,-0.35895150899887085,0.022087079672788588,0.3621022028538601,-0.15000369555262072,0.9197244407541133
7.4666667,224,2,0.2675401960909061,-0.10630575572030761,0.0602400535762191,-0.09050486981868738,0.8360195085406303,-0.35895150899887074,0.03171415305109525,0.40639311697074293,-0.1449078432056324,0.9015767099656844,0.27586840649745437,-0.10943031366075096,0.07958820594948388,-0.0920388475060463,0.7393787577748303,-0.3589515089988708,0.022227163762815152,0.3628029753349684,-0.14992194793264182,0.919458190353013
7.5,225,2,0.26742995020662735,-0.10675332709657405,0.060697781998659675,-0.09050486981868741,0.8344855383038521,-0.3604854941368103,0.03188644938963058,0.4056821928405803,-0.1456862137529658,0.9017653463510925,0.2758937932524229,-0.10943983893072437,0.08005956092689184,-0.09203884750604632,0.7378447726368904,-0.35895150899887085,0.022087079672788588,0.3621022028538601,-0.15000369555262072,0.9197244407541133
7.5333333,226,2,0.26759338027731494,-0.10632571076121324,0.060697781998659675,-0.09050486981868741,0.8344855383038521,-0.35895150899887085,0.031575284813824614,0.40570653018104746,-0.14499452364920748,0.9018768213393225,0.2755440983767462,-0.10930863121617962,0.07930463066669266,-0.09203884750604627,0.7409127280116081,-0.35895150899887074,0.022367233416511034,0.36350352758301696,-0.1498401129123263,0.9191914016495233
7.5666666,227,2,0.2675401960909061,-0.10630575572030761,0.0602400535762191,-0.09050486981868738,0.8360195085406303,-0.35895150899887074,0.03171415305109525,0.40639311697074293,-0.1449078432056324,0.9015767099656844,0.2753760831977507,-0.10974844032058781,0.0793046306666926,-0.09203884750604627,0.7409127280116081,-0.3604854941368102,0.02264603131455488,0.36348626516239385,-0.15054508174393957,0.9190762050378112
7.6,228,2,0.26697456534107944,-0.10658166647838732,0.05951986694122341,-0.09050486981868747,0.8390874713659286,-0.3604854941368104,0.03230457922895219,0.4077409255027358,-0.14542522377746384,0.9008636168257032,0.2753760831977507,-0.10974844032058781,0.0793046306666926,-0.09203884750604627,0.7409127280116081,-0.3604854941368102,0.02264603131455488,0.36348626516239385,-0.15054508174393957,0.9190762050378112
7.633333,229,2,0.2673767966935168,-0.10673329049542711,0.0602400535762191,-0.09050486981868741,0.8360195085406303,-0.3604854941368103,0.0320258441929687,0.4063686729174284,-0.14559930315171596,0.9014653015489784,0.2754943206907143,-0.10979276772257553,0.0794432199309763,-0.0935728251934051,0.7393787428736687,-0.3604854941368103,0.021800290693789796,0.36290123635012617,-0.15034882521227252,0.9193599244792573
7.6666665,230,2,0.2673767966935168,-0.10673329049542711,0.0602400535762191,-0.09050486981868741,0.8360195085406303,-0.3604854941368103,0.0320258441929687,0.4063686729174284,-0.14559930315171596,0.9014653015489784,0.2754943206907143,-0.10979276772257553,0.0794432199309763,-0.0935728251934051,0.7393787428736687,-0.3604854941368103,0.021800290693789796,0.36290123635012617,-0.15034882521227252,0.9193599244792573
7.7,231,2,0.2673767966935168,-0.10673329049542711,0.0602400535762191,-0.09050486981868741,0.8360195085406303,-0.3604854941368103,0.0320258441929687,0.4063686729174284,-0.14559930315171596,0.9014653015489784,0.2753271845525691,-0.11023286680443657,0.07944502537414727,-0.0951068103313445,0.7393787428736687,-0.36201947927474964,0.021373566804649198,0.3630001594343038,-0.1507755491014131,0.9192610013950797
7.733333,232,2,0.26721274165664216,-0.10716057411537956,0.0602400535762191,-0.09050486981868744,0.8360195085406303,-0.36201947927474976,0.03233751649475628,0.4063439898065376,-0.1462906774449949,0.9013533628204535,0.27547766978729904,-0.1112985938938634,0.08046768527593451,-0.0966407880187034,0.7317088171839714,-0.36508741974830616,0.02051113338763131,0.35958069813647153,-0.15232703580143186,0.9203681269463823
7.766667,233,2,0.26743172370705187,-0.10675375656088432,0.06069942338818844,-0.09203884750604627,0.8344855383038521,-0.3604854941368103,0.031194796118224614,0.40579381320454266,-0.14537501721593504,0.9017895376580535,0.2761676345606652,-0.11156205824006835,0.08129993832968838,-0.09817477315664289,0.7225049361586571,-0.36508741974830616,0.01894639568263551,0.35548741043743504,-0.15255544355067044,0.9219525865000769
7.8,234,2,0.26756156125758546,-0.10680245668845895,0.06082560783861568,-0.09357282519340507,0.8329515531659126,-0.3604854941368102,0.03036325029182981,0.4052186034501172,-0.14515161421973657,0.9021125014869582,0.27661868244215027,-0.11224185746881264,0.08189658103265515,-0.09817477315664294,0.7133010551333427,-0.3666214048862457,0.01835659424293888,0.3512558903118835,-0.153764735138098,0.9233843951447938
7.8333335,235,2,0.26769121625761605,-0.10685108399514323,0.06095200740141009,-0.09510681033134466,0.8314175680279736,-0.36048549413681036,0.029531206662672907,0.4046430522149608,-0.1449290923367238,0.9024341894684955,0.2771138213244704,-0.11243223726481541,0.08201753731267532,-0.09664078801870349,0.7040971890091896,-0.3666214048862457,0.01820315173842351,0.3469131533408341,-0.15452980891544738,0.9249002364917321
7.866667,236,2,0.2683296855601254,-0.10709150852846418,0.06158057838363269,-0.0966407880187034,0.8237477019429207,-0.36048549413681025,0.02813704265507596,0.40131708387966647,-0.14506164817413297,0.9039413826382501,0.27738576465946196,-0.1130460103739395,0.08258377611536569,-0.09664078801870346,0.6979612484574318,-0.36815539002418524,0.01789240089575532,0.3440789655591425,-0.15556858537389673,0.9257904421059339
7.9,237,2,0.26908776105988763,-0.1073772705701272,0.06233975518462051,-0.09664078801870343,0.814543791115284,-0.3604854941368103,0.02729409267068229,0.3971848555246945,-0.14559038181318984,0.9057056165060485,0.2774749602917982,-0.1130804169261525,0.08225012321359243,-0.09664078801870338,0.6979612484574313,-0.36815539002418507,0.017892400895755313,0.34407896555914236,-0.1555685853738967,0.925790442105934
7.9333334,238,2,0.26978956469076626,-0.10764182052388419,0.06264467335032603,-0.09664078801870352,0.8068738803267483,-0.36048549413681036,0.02659119340529568,0.39373490938464956,-0.1460286374991918,0.9071611580062682,0.2774713433319309,-0.11358913171211957,0.0826322899179106,-0.0966407880187034,0.6964272707700729,-0.36968937516212447,0.01801152837535691,0.34335971718767117,-0.1563609348616859,0.9259216746072888
7.9666667,239,2,0.26985259663061156,-0.10815933325192986,0.06255796006197195,-0.09664078801870346,0.8022719472646713,-0.3620194792747498,0.02646966094218814,0.39164197816821883,-0.14698696739066314,0.9079156069830423,0.2772967596638572,-0.11403189214424263,0.08263228991791059,-0.09664078801870343,0.6964272707700729,-0.371223360300064,0.018274877403213406,0.34334580148519556,-0.15707106384411212,0.9258014745944537
8.0,240,2,0.2703266547979233,-0.10883401667318462,0.06354691087177945,-0.0966407880187034,0.7961360141634941,-0.3635534346103667,0.026203003979517425,0.38885553487475316,-0.14803306212120343,0.9089504871546847,0.2773176728258366,-0.11404003303653899,0.0831082382419971,-0.09664078801870349,0.6948932856321339,-0.371223360300064,0.01812955169314895,0.3426402834974881,-0.15715348512685423,0.9260516927216591
8.033334,241,2,0.2699343572766645,-0.10868476112447611,0.06281594765617776,-0.09664078801870343,0.7992039769887924,-0.3635534346103668,0.026486549697464966,0.39023900556396174,-0.14785834277816928,0.9083776151427706,0.2773309626399745,-0.11455629341731433,0.08396722488208327,-0.09664078801870343,0.6918253153562546,-0.37275734543800354,0.018100582923808933,0.34121486058773925,-0.1580286612953355,0.9264295602047206
8.066667,242,2,0.2699343572766645,-0.10868476112447611,0.06281594765617776,-0.09664078801870343,0.7992039769887924,-0.3635534346103668,0.026486549697464966,0.39023900556396174,-0.14785834277816928,0.9083776151427706,0.2772412854820287,-0.1145212261762234,0.08582709603486609,-0.09664078801870343,0.6887573823332787,-0.37275734543800343,0.01780877791245437,0.339802657928545,-0.1581932351366716,0.9269260496128883
8.1,243,2,0.2701593738089067,-0.10926582285823382,0.06354691087177945,-0.0966407880187034,0.7961360141634941,-0.36508741974830616,0.026501245548607107,0.38883532298989176,-0.14873017677979355,0.9088366795496154,0.2772199397442244,-0.11451287916622674,0.08687732107371166,-0.09664078801870346,0.6872233971953392,-0.37275734543800354,0.017662857877584908,0.3390962479722779,-0.15827538348954395,0.9271734794761751
8.133333,244,2,0.26976730570491114,-0.10911596570680139,0.06281594765617776,-0.09664078801870346,0.7992039769887924,-0.36508741974830616,0.02678585229478681,0.3902185757947305,-0.14855501809961807,0.9082639417146297,0.2770882390349303,-0.11548453979926518,0.09212372937108013,-0.09664078801870354,0.6718835756182671,-0.37582528591156006,0.016712394512681094,0.3319960135489967,-0.16051755467769224,0.9293726149922436
8.166667,245,2,0.26976730570491114,-0.10911596570680139,0.06281594765617776,-0.09664078801870346,0.7992039769887924,-0.36508741974830616,0.02678585229478681,0.3902185757947305,-0.14855501809961807,0.9082639417146297,0.2762803461573339,-0.1167009023307953,0.09882939859509211,-0.09664078801870338,0.6534758135676384,-0.3804272413253783,0.015690666478666033,0.323447744137752,-0.16363382221800185,0.9318579999248715
8.2,246,2,0.2699914306326947,-0.10969737192878892,0.06354691087177945,-0.09664078801870349,0.7961360141634941,-0.3666214048862457,0.026799471527608396,0.3888148823619306,-0.1494272039437564,0.9087223372963107,0.2753314237951289,-0.1173446259467125,0.10822197679936665,-0.09664078801870349,0.6273981332778931,-0.3834952116012573,0.013636413068317239,0.3113261278739626,-0.1664311627014058,0.9355163058031076
8.233334,247,2,0.269648930295604,-0.10956585818010217,0.06327840966863908,-0.09664078801870346,0.7976700067520146,-0.3666214048862456,0.026942314296461656,0.38950651902178385,-0.14933944827326762,0.9084363007549399,0.2736972035879979,-0.11719489656845689,0.12027816837170272,-0.09664078801870346,0.5967185236513615,-0.3850291669368744,0.010860819492292846,0.2970183239785522,-0.16872526512136143,0.939783987270827
8.266666,248,2,0.2694120257147057,-0.1104660989874042,0.0669449927093243,-0.0966407880187034,0.7869321331381798,-0.3696893751621245,0.02653212615996326,0.38462005957367623,-0.1513482909022318,0.9101962156018597,0.27226732777172774,-0.1166154308422365,0.12862799817270787,-0.09664078801870349,0.5767767746001482,-0.3850291669368743,0.008900064048117747,0.2876874182715605,-0.1697288083047976,0.942522609733908
8.3,249,2,0.2692295047121638,-0.11138830967596706,0.07325342909677347,-0.09664078801870349,0.7685243785381317,-0.37275734543800354,0.025380152417838295,0.3762507140551368,-0.15379444439859377,0.9133118399037509,0.27045433249250894,-0.11588070366232855,0.13684671988228708,-0.09664078801870343,0.5599029953591526,-0.3850291669368743,0.007240265201424181,0.27976966386182717,-0.17056478405862865,0.9447667268598564
8.333333,250,2,0.26888817773605284,-0.11224895925817503,0.08195715537713989,-0.09664078801870343,0.7424467131495476,-0.37582528591155995,0.02346770090302543,0.364362473254533,-0.15666765516734857,0.9176843144145652,0.2673502674065547,-0.11462276272172306,0.1481118938029746,-0.09664078801870349,0.536893256008625,-0.3850291669368744,0.004976091697933313,0.2689407241929818,-0.17168517551792525,0.9477184845139127
8.366667,251,2,0.2678045957052683,-0.11231745091750497,0.09579205247507774,-0.09664078801870346,0.7102331146597862,-0.37735927104949946,0.0206550408055965,0.3496245908877711,-0.15915771471277745,0.9230410806585392,0.26460303119409634,-0.11350942881619286,0.15692923581108745,-0.09664078801870346,0.5184855312108994,-0.38502916693687433,0.00316427085128434,0.2602519050689259,-0.17256513101152943,0.9499895835518136
8.4,252,2,0.2666894917382302,-0.11187495751727522,0.10765652673863464,-0.09970875084400171,0.6810874603688712,-0.37735927104949946,0.016429537142978155,0.3364746045860089,-0.16022232274690085,0.9278166403290816,0.2614771462671811,-0.1122426452545397,0.16656735605316567,-0.09664078801870346,0.49854377657175064,-0.38502916693687433,0.0012011620667236578,0.25081413741986436,-0.17350192018661506,0.9523591283605026
8.433333,253,2,0.2649309881644882,-0.11117796770654806,0.11994596141810218,-0.09970875084400171,0.650407827924937,-0.37735927104949946,0.013468356281750448,0.3222988128712598,-0.1618709392879044,0.9325984546496396,0.2567795920755145,-0.11033893332364318,0.1769202208682461,-0.09664078801870349,0.48166994750499725,-0.3850291669368744,-0.0004600346827887316,0.24280880283254372,-0.17428112061146037,0.9542901889014322
8.466666,254,2,0.2615433524484338,-0.10983526496098528,0.13536206944990248,-0.09970875084400169,0.6166602745652194,-0.3773592710494995,0.01020742787715972,0.3066179970450741,-0.16364040771667224,0.937604943068519,0.25317195630801065,-0.10840391882461753,0.18416545163892362,-0.09664078801870349,0.47093209624290466,-0.3834952116012573,-0.001699460699030988,0.23770424966857467,-0.1740376320257992,0.9556174465557256
8.5,255,2,0.25855747820318575,-0.1086518019552081,0.1440517659652465,-0.09970875084400177,0.6013204604387283,-0.3773592710494994,0.008724169458772683,0.29946121685126154,-0.164429340134421,0.939792456115804,0.24923067425672263,-0.10681372499317185,0.18989571010170747,-0.09664078801870354,0.46786415576934814,-0.3834952116012573,-0.002000364855948168,0.23624467027573137,-0.17417627668510333,0.9559534920417773
8.533334,256,2,0.25527329002725435,-0.1078245036129456,0.15136031672297837,-0.09970875084400174,0.5921165943145752,-0.37889325618743885,0.00806034682425096,0.29515258089232177,-0.16561980998874348,0.9409516795994185,0.2437010650727256,-0.104582686894332,0.19821656738524834,-0.09664078801870349,0.45866023004055023,-0.3834952116012573,-0.002903056482543221,0.23186256075791178,-0.17458975494010115,0.956948140001222
8.566667,257,2,0.2506583115196061,-0.10598714229016923,0.1593203063179066,-0.09970875084400174,0.5890486091375351,-0.37889325618743896,0.007762470204742801,0.29371722123810196,-0.16577560070810937,0.9413757954262229,0.23939606871206892,-0.10284599816273053,0.20435560026619193,-0.09510681033134458,0.45099033415317535,-0.3834952116012573,-0.0029206558004799816,0.22807283040785029,-0.17510647499889456,0.9577640503865805
8.6,258,2,0.2475470287733202,-0.10428776700029876,0.16503638473435422,-0.09970875084400177,0.5844466835260391,-0.37735927104949946,0.007091997593651603,0.29156843659018933,-0.1652859908676958,0.9421348584875566,0.23516383149136977,-0.10113841229752427,0.21009348056952387,-0.0951068103313446,0.4433204382658005,-0.3834952116012574,-0.0036721814941852874,0.2244137224147694,-0.17544283517361947,0.9585639299813355
8.633333,259,2,0.2443183610145777,-0.10300807183011594,0.1709502584361655,-0.09970875084400171,0.5767767876386642,-0.37735927104949946,0.006349927688719816,0.28797391580838266,-0.16567149175178997,0.9431774271329182,0.22975199411169006,-0.09895489173087484,0.2164428370784131,-0.09510681033134458,0.43718449771404266,-0.3834952116012573,-0.00427336603117074,0.22148404575315003,-0.1757100668378074,0.9591936865051987
8.666667,260,2,0.23947500472858751,-0.10108838850876045,0.1791400861997763,-0.0997087508440018,0.5660388916730885,-0.3773592710494995,0.005310871338579666,0.28293446387261006,-0.16620710048030832,0.9446137218718942,0.2257846373956023,-0.0973541775229167,0.2211573086853057,-0.09510681033134455,0.42951466143131256,-0.38349521160125727,-0.005024780717238787,0.21781906428578368,-0.1760417765332682,0.9599681764138955
8.7,261,2,0.2355293680870399,-0.09952451990078344,0.18599524354764554,-0.0997087508440018,0.5537670403718948,-0.3773592710494994,0.004123195542575789,0.27716512611997685,-0.16681335584210302,0.9462218537077395,0.2218201061832983,-0.09575460332438418,0.22559264348178784,-0.0951068103313446,0.42337872087955475,-0.3834952116012573,-0.005625866796868645,0.2148847358775647,-0.17630528352443672,0.9605776110814686
8.733334,262,2,0.2314716893202228,-0.09834837268692068,0.19116577760983988,-0.09970875084400177,0.5491651147603989,-0.3788932561874389,0.0038886975325339275,0.2749960295352448,-0.16776523415218286,0.9466873232388899,0.21624729489994926,-0.09350613442231812,0.23165165742549204,-0.09510681033134455,0.4126408174633982,-0.38349521160125727,-0.006677637344366781,0.2097448073666461,-0.1767624265110328,0.9616223632570935
8.766666,263,2,0.22617637240646807,-0.09624014824491037,0.20015025286903143,-0.09970875084400174,0.5292233750224113,-0.37889325618743896,0.0019511357189332624,0.2655939620701771,-0.16873508135460014,0.9492020399796495,0.2120319885872733,-0.09180537969102945,0.2361132686967033,-0.0951068103313446,0.40343696624040626,-0.3834952116012573,-0.0075789964396005965,0.2053343682414543,-0.17715020565968573,0.9624957977397004
8.8,264,2,0.2221212256089314,-0.09462567271233177,0.20562015202351702,-0.09970875084400174,0.518485501408577,-0.37889325618743885,0.0009077392460256116,0.2605203073385558,-0.16925036519455183,0.9505170484295359,0.2081657158282016,-0.0902454499493473,0.23932071155721266,-0.09510681033134455,0.39883502572774887,-0.3834952116012572,-0.008029618449596059,0.2031275050002205,-0.17734268950440554,0.9629248737151218
8.833333,265,2,0.21843873173218148,-0.09315956148141533,0.21090488788528378,-0.09970875084400174,0.5062136203050613,-0.37889325618743885,-0.00028474663430884346,0.2547126457913351,-0.16983328742604237,0.9519863662234851,0.20287875018463347,-0.08849554829080966,0.2436944252229466,-0.09510681033134458,0.39116509258747123,-0.3850291669368744,-0.008627588680870714,0.19945367581303483,-0.17840043957181842,0.9634921271493632
8.866667,266,2,0.21313357967202506,-0.09104742137271829,0.2173253763650317,-0.09970875084400177,0.4939417988061905,-0.37889325618743896,-0.0014772160022680208,0.24889542267995582,-0.17040981270934774,0.9534198351902554,0.19867901775384017,-0.08679358160583614,0.2470100096792713,-0.09510681033134455,0.3850292041897774,-0.3850291669368743,-0.009230505615596766,0.19650764672591384,-0.1786539566614864,0.9640447636461283
8.9,267,2,0.2093860498404107,-0.08955541737808481,0.22125951905831437,-0.09970875084400174,0.4878058582544327,-0.37889325618743885,-0.002073435531916768,0.2459832692467035,-0.1706956721550082,0.9541231155481711,0.1946358799786407,-0.085523816973504,0.25021125100285624,-0.0966407880187034,0.3773592710494993,-0.3865631520748138,-0.010575962913023457,0.19296785627453295,-0.17956042219142082,0.9645774257340426
8.933333,268,2,0.20560132285267613,-0.08804860408025325,0.2263316060986761,-0.09970875084400171,0.474000059068203,-0.3788932561874389,-0.0034148430540152184,0.2394225323883894,-0.1713329744004558,0.9556726435944162,0.18961037339863868,-0.08347821965721897,0.25291830318978964,-0.09664078801870352,0.37275734543800354,-0.38656315207481384,-0.011030011414097677,0.19075589871417606,-0.1797498816789604,0.9649769458336046
8.966666,269,2,0.20064485402128712,-0.08607528522010076,0.23192970437710828,-0.09970875084400174,0.4586602598428726,-0.37889325618743885,-0.0049051044107998685,0.23211944744109778,-0.17203151266369068,0.9573409323334091,0.18597012289148562,-0.08235017774377604,0.2544846142754592,-0.09817477315664291,0.3681553602218628,-0.38809713721275335,-0.012079716209932126,0.18869017903238636,-0.18053410074180518,0.9652240855171204
9.0,270,2,0.19675224258298263,-0.08452551988761126,0.23621630888962505,-0.09970875084400171,0.44792237132787704,-0.3788932561874389,-0.005948123709401459,0.2269991238484723,-0.1725144717037649,0.9584752342388063,0.182797984102115,-0.08140202474609144,0.25522241871410545,-0.09817477315664291,0.36508741229772546,-0.3896311223506928,-0.012240077756918882,0.1872240854898644,-0.1814010402626824,0.9653450082227624
9.033334,271,2,0.1928598519194673,-0.08297636032289747,0.24045289337481882,-0.09664078801870352,0.43411655724048615,-0.37889325618743896,-0.0058164221992707136,0.22014044243178635,-0.17346600354227754,0.9599030682593986,0.17840132649513402,-0.08165063454999755,0.255535744659259,-0.09970875084400174,0.3604855090379715,-0.39883500337600697,-0.012586169331081257,0.18520941988872022,-0.18589054436287303,0.9648749994908812
9.066667,272,2,0.18790995071864944,-0.0810051383626917,0.24491322180432198,-0.09970875084400169,0.4187767505645752,-0.37889325618743874,-0.00877821778028613,0.21306858125645703,-0.17380025053507528,0.9614146844561443,0.17530119839237196,-0.0823805650558725,0.25536016252549354,-0.10124272853136065,0.3574175536632538,-0.4080388844013215,-0.0127920766225879,0.18393797119441466,-0.19031690343867338,0.9642523849045327
9.1,273,2,0.18416885104794795,-0.08021322040229342,0.24755781307054145,-0.09970875084400174,0.4049709141254425,-0.38196122646331787,-0.009801467325595906,0.20646919928615945,-0.17587305519307844,0.962467178371008,0.17257071039588023,-0.08288413092718064,0.25482806111292894,-0.10584467649459836,0.35588356852531455,-0.4157087802886962,-0.014466172878595765,0.1836955441820033,-0.19365659858413364,0.9636097751241153
9.133333,274,2,0.1805984550246948,-0.08049858372636494,0.24804375181784577,-0.09970875084400174,0.3988349735736847,-0.38963112235069264,-0.009620778309314832,0.20356547624315252,-0.17982814135154576,0.9623566787239907,0.16965651855499125,-0.08259627004695871,0.2540297331761092,-0.11504855751991275,0.3543495833873751,-0.42031073570251465,-0.018640548640715772,0.18389231482806928,-0.19509641291400284,0.9632100166431183
9.166667,275,2,0.17582267021740255,-0.08158226474931861,0.24773046631590867,-0.10431069135665894,0.3942330479621887,-0.40343695878982544,-0.010901293293946046,0.20185314750440808,-0.18620374025458855,0.9614908401863663,0.1679370963632329,-0.08215803892751797,0.2536385346914972,-0.11965049803256989,0.3528156131505966,-0.4218447208404541,-0.020881098942477434,0.1836213934458683,-0.19548378181883483,0.9631371940807593
9.2,276,2,0.17308877259206898,-0.08243536009794084,0.24642454394452445,-0.10737865418195719,0.3957670331001282,-0.4126408398151397,-0.011284077271233683,0.20292677331850353,-0.19024624975453705,0.9604685100121771,0.16665698345028782,-0.08158289049021628,0.25338244329414294,-0.12271846085786817,0.351281598210335,-0.421844720840454,-0.022524365411077666,0.1831857399523418,-0.19527522827088864,0.9632254268159107
9.233334,277,2,0.1710507583939169,-0.08322002801973091,0.2452097111535008,-0.11198059469461447,0.3988350182771685,-0.4203107357025146,-0.012384275017252176,0.20487913958916143,-0.19331529317105528,0.9594271026605882,0.16596829950853068,-0.08127348674451385,0.2525934513977038,-0.12425244599580765,0.3528156131505966,-0.4218447208404541,-0.02309719533395407,0.18407071005495051,-0.19506075665049222,0.9630865976029929
9.266666,278,2,0.1696750145819785,-0.08327317962917469,0.24384150765820117,-0.11811652034521097,0.4019029438495638,-0.4233787059783936,-0.014679572352013986,0.2069579549763728,-0.19400654715004073,0.9588088311496086,0.1657325859734707,-0.08116770157870817,0.252046106931077,-0.12425244599580768,0.3543495833873749,-0.4218447208404541,-0.022931236458481958,0.18480582969488446,-0.19498673196022057,0.9629647647057205
9.3,279,2,0.16929504879394,-0.08276714713301092,0.24276795898290698,-0.12118448317050937,0.4049709588289263,-0.4218447208404541,-0.015977035887628433,0.20870586860406048,-0.19280019177873708,0.9586525339165136,0.16517475411554233,-0.08124392011745568,0.25264271579483816,-0.1242524459958077,0.3512816131114962,-0.4233787059783936,-0.023122520075744998,0.18335325657786503,-0.19587338383466565,0.9630579161570689
9.333333,280,2,0.1687635028804743,-0.08219488029181465,0.24284177928103565,-0.12578642368316648,0.40343695878982566,-0.42031073570251454,-0.018509135397105476,0.2084035497479723,-0.19166239137397534,0.9589008812656838,0.16529917345925216,-0.08097319168487793,0.2526427157948382,-0.12425244599580773,0.3512816131114962,-0.4218447208404541,-0.02326314384601833,0.1833354678472256,-0.19513466802794904,0.9632078662995129
9.366667,281,2,0.16825543766871573,-0.08196780293188977,0.242985107265313,-0.12578642368316648,0.401902973651886,-0.42031073570251454,-0.018675025359850824,0.20767204838144326,-0.19174051913992216,0.95904073796102,0.16529917345925216,-0.08097319168487793,0.2526427157948382,-0.12425244599580773,0.3512816131114962,-0.4218447208404541,-0.02326314384601833,0.1833354678472256,-0.19513466802794904,0.9632078662995129
9.4,282,2,0.16800311848867694,-0.08251813365680688,0.24298510726531297,-0.1257864236831665,0.401902973651886,-0.42337870597839355,-0.01835643767681108,0.20770045124397998,-0.19321144720840727,0.958745482605523,0.16551608845621296,-0.08107054031152086,0.2523445935461338,-0.12425244599580773,0.35281559824943565,-0.4218447208404542,-0.0230971969460316,0.18407070291338817,-0.19506075736901923,0.9630865987837397
9.433333,283,2,0.16800311848867694,-0.08251813365680688,0.24298510726531297,-0.1257864236831665,0.401902973651886,-0.42337870597839355,-0.01835643767681108,0.20770045124397998,-0.19321144720840727,0.958745482605523,0.16557404166172368,-0.08109654895566751,0.2525183939381422,-0.12425244599580768,0.3512816131114962,-0.4218447208404541,-0.02326314384601833,0.18333546784722554,-0.19513466802794904,0.9632078662995129
9.466666,284,2,0.1678763260465327,-0.08279300808153772,0.242985107265313,-0.12578642368316653,0.4019029736518862,-0.424912691116333,-0.018197127590414232,0.20771446940113186,-0.19394674096602008,0.9585970088715716,0.16591512411096693,-0.08092214600156727,0.252219809677086,-0.12425244599580762,0.3528155982494354,-0.42031073570251454,-0.023238370999707502,0.18405293339437026,-0.19432201980196817,0.9632359256393477
9.5,285,2,0.16795121499551183,-0.08249474432355963,0.24336804424390027,-0.12578642368316645,0.40036898851394653,-0.4233787059783936,-0.01852343875748173,0.20696908302522296,-0.19328967575847936,0.9588846552810604,0.1663139446004837,-0.08077263995907993,0.2520945640893165,-0.12425244599580768,0.35281559824943565,-0.4187767505645752,-0.023379531382770897,0.18403505560113972,-0.19358316791963118,0.9633846858448639
9.533334,286,2,0.168129489128526,-0.08224306505783538,0.242985107265313,-0.1257864236831665,0.4019029736518862,-0.4218447208404541,-0.018515736964527334,0.207686310901311,-0.1924760397888334,0.9588933923310098,0.16708167750966782,-0.07980220127347652,0.2519688570775421,-0.1242524459958077,0.3528155982494354,-0.4126408398151397,-0.02394403180693746,0.18396246225418086,-0.1906266402957593,0.9639740555802105
9.566667,287,2,0.16820346266215308,-0.08194457294684222,0.24336804424390032,-0.12578642368316648,0.40036898851394653,-0.42031073570251454,-0.018840904336497592,0.20694042484610584,-0.19181853410922187,0.9591800304741991,0.16787769722921264,-0.07949402521324604,0.2517183451743771,-0.12578642368316648,0.3528155982494352,-0.40957286953926075,-0.024965772767443304,0.18407053609603247,-0.1890065702781807,0.9642464748823938
9.6,288,2,0.16838096381287543,-0.0816923479266922,0.242985107265313,-0.12578642368316642,0.401902973651886,-0.4187767505645751,-0.018834302769075724,0.2076576636927671,-0.19100488569436383,0.9591875194088731,0.16850957813087936,-0.07878404290991961,0.25214569284470506,-0.1242524459958077,0.3497476428747177,-0.40497091412544245,-0.024968802988156947,0.18239596674997058,-0.18707410202648272,0.9649412161067986
9.633333,289,2,0.16838096381287543,-0.0816923479266922,0.242985107265313,-0.12578642368316642,0.401902973651886,-0.4187767505645751,-0.018834302769075724,0.2076576636927671,-0.19100488569436383,0.9591875194088731,0.1695984843135022,-0.07630312387248649,0.25298832488941136,-0.12118448317050937,0.34667962789535545,-0.3911651074886323,-0.025053936907059763,0.18046614277465678,-0.18082940143987908,0.9664910755575498
9.666667,290,2,0.16850606726562836,-0.08141670069041851,0.24298510726531297,-0.12578642368316645,0.401902973651886,-0.4172427654266357,-0.01899356909850272,0.20764315684374474,-0.1902691398849152,0.9593337365882215,0.17145761246227476,-0.07153555995358067,0.25336862371608726,-0.11965049803256993,0.34514564275741577,-0.3650874197483062,-0.02680643712347105,0.17925483251711177,-0.1684189072959477,0.9689087633070755
9.7,291,2,0.16912523150451816,-0.08003560913624488,0.24298510726531297,-0.12578642368316645,0.4019029736518862,-0.4095728695392608,-0.019789728176636052,0.20756879078953663,-0.18658875483636608,0.9600563526780492,0.17426722802584976,-0.06550236126718885,0.25349480526362017,-0.118116520345211,0.3436116576194761,-0.33133983612060547,-0.029214011362594577,0.17791761320667573,-0.1522492428997369,0.9717571880297068
9.733334,292,2,0.1703306966143464,-0.07725929405256513,0.24298286609857092,-0.12425244599580759,0.401902973651886,-0.39423304796218867,-0.020643729876401933,0.20727338090351416,-0.17937882132158287,0.9614753353294594,0.17772249580031352,-0.057401891070554864,0.253874717615837,-0.11658254265785219,0.3405437618494034,-0.28685441613197327,-0.03264682356982015,0.1756323093518152,-0.13085915421291688,0.9751735017837745
9.766666,293,2,0.17294195676507237,-0.07080604430500782,0.24298062449151978,-0.12271846085786821,0.401902973651886,-0.35895150899887085,-0.023557026417779788,0.2067523647050243,-0.162549251259662,0.964508303287305,0.18066989234302713,-0.0515974458872938,0.2536435492391354,-0.11504855751991269,0.3405437618494036,-0.2546408176422119,-0.034721860220484235,0.17499535479414569,-0.11527018958788723,0.9771815602106257
9.8,294,2,0.17552024414386874,-0.06369202161125835,0.24297838247120906,-0.12118448317050935,0.4019029736518862,-0.3206019699573517,-0.026774852358209773,0.2061521572835202,-0.1441844374510357,0.9674684714891101,0.1831951376035161,-0.04592131530573627,0.253887642887887,-0.1150485575199127,0.3374757468700409,-0.22396118938922882,-0.03758553475678043,0.17294375564202238,-0.1003826874897665,0.9790817642126786
9.833333,295,2,0.17828470008045016,-0.05630226491458541,0.24275317504662502,-0.11965049803256995,0.40343695878982566,-0.2807184755802155,-0.030022156414223223,0.20622293095538063,-0.12495576632174801,0.9700292930295233,0.1862071835684691,-0.03838066611260091,0.2539914239654052,-0.11351457983255386,0.3344077914953232,-0.1840776950120926,-0.040427555396765395,0.1705956191445859,-0.08108040464149953,0.981167017116091
9.866667,296,2,0.1823279505167778,-0.04666267606757711,0.24109699348684896,-0.11965049803256991,0.4111068844795227,-0.2285631448030472,-0.03491557463224794,0.20908925555268323,-0.09930868039918969,0.9722141594617394,0.1877931729014995,-0.03175748025700889,0.25476825437662265,-0.11351457983255384,0.32827191054821014,-0.15033011138439176,-0.04355574249611643,0.1668788241402852,-0.06472273897173818,0.9828862204798499
9.9,297,2,0.1850183929547195,-0.04065989420808791,0.23925830040066365,-0.11965049803256989,0.42031073570251465,-0.19634954631328583,-0.03778158373847506,0.2129673851347417,-0.0832763733082813,0.9727705230154247,0.1889852092935699,-0.025050834921784407,0.25546999106078655,-0.11351457983255388,0.32213596999645233,-0.11658254265785219,-0.046569504777795104,0.16310430163662945,-0.04832963889250662,0.9843233787820435
9.933333,298,2,0.1872580162188442,-0.03574268750294257,0.23685479038167678,-0.11965049803256994,0.4325826168060303,-0.1702718734741211,-0.03996875946165748,0.21841463267903102,-0.07011838789834234,0.972512703350099,0.19004807976293364,-0.015511043288037867,0.25638341531036496,-0.11351457983255386,0.3160000294446945,-0.06902913749217984,-0.05056604537762282,0.15892965726337197,-0.025102734079708044,0.9856745364666467
9.966666,299,2,0.1889812782860508,-0.028172071247414866,0.2364010894646349,-0.11811652034521102,0.43411654233932495,-0.1319223493337631,-0.043343394722047825,0.21831406057383168,-0.05157086522992519,0.9735505980426343,0.19029751822493923,-0.008394931867907855,0.257717530406234,-0.11351457983255388,0.3098641037940977,-0.033747576177120195,-0.053439842210772553,0.15498823477345636,-0.007891600590028457,0.9864383168685323
10.0,300,2,0.19002575964637958,-0.022044647810495227,0.2365204622454921,-0.11811652034521102,0.43104854226112366,-0.10124272853136061,-0.04678214588598058,0.21613077537998523,-0.03673625056144635,0.9745508538063244,0.1904469763775839,-0.0012800250701304032,0.258282099372442,-0.11504855751991269,0.3067961335182192,0.0015339808305725317,-0.05693443998342173,0.15250081358392434,0.009541428169444574,0.9866158991971002
10.033334,301,2,0.19054125679625805,-0.014300059841080778,0.2373845086833446,-0.11811652034521106,0.4264466762542727,-0.06289321184158325,-0.05101699008893027,0.21295173668681344,-0.018191864496503125,0.9755602906178976,0.1898947142606539,0.008599464783542739,0.25964764394203854,-0.11504855751991272,0.3021941930055616,0.05062136426568032,-0.06062244196612086,0.14878726982959095,0.03362942030279382,0.9864361763220257
10.066667,302,2,0.19067971779170434,-0.004067146340892077,0.23872759641056593,-0.11811652034521103,0.4187767505645752,-0.012271846644580357,-0.056460469150338054,0.20784962791891115,0.006277180489063063,0.9765097770132164,0.18922325752491803,0.015668419036243598,0.2608028446273619,-0.11504855751991272,0.29759225249290466,0.08590292185544968,-0.06315981097230454,0.14542460657226536,0.05090883880152478,0.9860379364979447
10.1,303,2,0.190923522859277,0.00430461805668465,0.23979081828894205,-0.11811652034521103,0.4111068844795229,0.02914563566446305,-0.06074438995935173,0.20288948976813803,0.026286693531728175,0.9769621199275128,0.188282879200433,0.022077491370860562,0.26233900541943145,-0.11351457983255388,0.29145634174346924,0.11811652034521099,-0.0645849271854862,0.1414135782327942,0.06652737581731759,0.9855988511248907
10.133333,304,2,0.19069440707199908,0.011747528104860482,0.24145796901609812,-0.11811652034521103,0.4019029885530474,0.06596117466688156,-0.06437506556314594,0.19723829392032352,0.044029606858219716,0.9772483308069916,0.18680788883929833,0.030257636020464246,0.2636978246670889,-0.11351457983255385,0.2868544012308121,0.15953400731086725,-0.06733697113286458,0.13777831254742298,0.08681978498558336,0.9843501378296715
10.166667,305,2,0.19019852831259113,0.020429134137240273,0.24332125067388874,-0.11811652034521102,0.3942330777645111,0.10891263931989668,-0.06843616449625703,0.19206085377805474,0.06482460731113276,0.9768453767726208,0.18581165350094714,0.035697943056732497,0.26408152050594397,-0.11351457983255385,0.28532041609287284,0.18714565038681025,-0.06916799291335501,0.13608036943277044,0.10036816536296693,0.9831704598863061
10.2,306,2,0.18920161596059393,0.026873489766803427,0.2443060473877819,-0.11811652034521104,0.3911651223897936,0.1411262303590775,-0.07143236908909288,0.18943431413514572,0.08048184928233887,0.975978856948531,0.18457945126411202,0.0410874285503665,0.2648485062900819,-0.11351457983255389,0.28225246071815513,0.21475730836391446,-0.07088979304736956,0.13360380743480532,0.11386921705857313,0.9819157098687709
10.233334,307,2,0.18810728939358942,0.032664672680410435,0.24584577258600962,-0.11811652034521106,0.3850292116403582,0.17027187347412112,-0.07396453610335739,0.18537605516469677,0.09456874351577338,0.9753059613887521,0.1827097530683452,0.0478933606851733,0.2649774006268637,-0.11351457983255388,0.2822524607181549,0.2500388622283936,-0.07323551571165554,0.13233253325551986,0.13117235724298454,0.9797542919405576
10.266666,308,2,0.18637728198388243,0.039897836746135305,0.24786558530589464,-0.11811652034521099,0.37582531571388245,0.20708741247653967,-0.07694899473615913,0.1794909922552572,0.11232939205244792,0.9742915085278354,0.1808873760627881,0.052790688032375375,0.26643206765487126,-0.11351457983255385,0.2761165201663971,0.2761165499687195,-0.07456125550780122,0.12835869927145274,0.14382365686509058,0.9784065715357771
10.3,309,2,0.18492268537877576,0.04495492125572899,0.2489430890920638,-0.118116520345211,0.3712233603000643,0.23316508531570437,-0.0790452536126928,0.1762278026219368,0.124940175575985,0.9731832109070679,0.17904643401058495,0.05765824353840504,0.2677829312747819,-0.11351457983255389,0.2715145945549011,0.302194207906723,-0.07590357450275832,0.1251231105089707,0.15648770756009814,0.9767775857260697
10.333333,310,2,0.18376035382332456,0.04975569651337129,0.2489430890920638,-0.118116520345211,0.3712233603000641,0.2577087581157683,-0.08120188614189894,0.17524452694064174,0.13687321322063717,0.9715767252085687,0.17631758979819584,0.06381082919160774,0.2684191048481518,-0.11504855751991272,0.26998060941696167,0.33594179153442383,-0.07863001611536857,0.12294285823619354,0.17301570986639173,0.9740471951162535
10.366667,311,2,0.18205664706362398,0.05601078141615644,0.24894308909206375,-0.11811652034521103,0.3712233603000641,0.28992235660552973,-0.08401385967879721,0.17391394974964658,0.15250377380435454,0.9692462063066221,0.17440374822472504,0.06828492392486682,0.2685443599935741,-0.11504855751991269,0.26998060941696167,0.3604854941368103,-0.080132794021181,0.12196868921139913,0.18495574440602167,0.9718506813217896
10.4,312,2,0.1807510396278138,0.06110427775096664,0.24863419431070885,-0.11811652034521107,0.37275734543800354,0.3160000443458557,-0.0863844163383874,0.17354814825859838,0.16514996007240207,0.9670285743130715,0.1726054762129382,0.07213979124488136,0.2686691373614356,-0.11504855751991278,0.26998060941696167,0.38196122646331787,-0.08143783263195475,0.12110121899385493,0.19538048365343122,0.9698086619440783
10.433333,313,2,0.1789908780799742,0.06638177675378235,0.24863419431070885,-0.11811652034521102,0.37275734543800376,0.34361168742179865,-0.08877208265508876,0.17233903937062664,0.1784844212894319,0.9646564591640198,0.1706922306898636,0.07659244369878465,0.26904999486774805,-0.11504855751991266,0.2684466242790222,0.406504899263382,-0.08277042581217754,0.11934836147521145,0.2072447512807217,0.9674474860635305
10.466666,314,2,0.17696958845193544,0.07255962713477755,0.24832494389397877,-0.118116520345211,0.3742913305759432,0.37582528591155995,-0.09166856415859773,0.17162758004436876,0.1940152687296259,0.961508670586483,0.16961750260930936,0.07909692939695276,0.26904999486774805,-0.11504855751991272,0.26844662427902244,0.42031073570251465,-0.08359229923914951,0.11877416505225119,0.213917971506832,0.9659938543750967
10.5,315,2,0.17503691221859147,0.0767809762486217,0.24863419431070885,-0.11811652034521103,0.37275734543800354,0.3988350033760071,-0.09349620670097974,0.1698225146517386,0.20504876683522805,0.9593611291214795,0.16888138200136188,0.0807577149104251,0.269047643845518,-0.11351457983255386,0.2684466242790222,0.429514616727829,-0.08339783551130353,0.11855566765000476,0.21827027024698742,0.9650634403117747
10.533334,316,2,0.17371486905362105,0.07991326043658487,0.24863419431070888,-0.118116520345211,0.3727573454380033,0.4157087802886962,-0.09492563575573724,0.16902766290309224,0.21313539589401437,0.9575970320896934,0.1682566865131356,0.08213691494297129,0.269047643845518,-0.11351457983255389,0.2684466242790222,0.43718451261520386,-0.0838518759527847,0.11823497028843721,0.2219696242019173,0.964219290738238
10.566667,317,2,0.17272028249344434,0.08217704750665408,0.24863419431070885,-0.11811652034521103,0.37275734543800354,0.4279806315898895,-0.09596098347050552,0.16844202801404898,0.21900709099946755,0.9562712308450143,0.16808999897523286,0.08272783324636127,0.26866678733405236,-0.11351457983255389,0.26998060941696167,0.4402524828910829,-0.08419314266003786,0.11884799856545594,0.2234680965504852,0.9637679584786553
10.6,318,2,0.17234016066231236,0.08302279738490478,0.24863419431070885,-0.11811652034521106,0.37275734543800376,0.4325825870037079,-0.09634831044733938,0.16822077821736356,0.22120686807567685,0.9557647693685082,0.16809046802639882,0.08272836359081195,0.2686691373614356,-0.11504855751991269,0.26998060941696167,0.44025248289108276,-0.08493231709538343,0.11867656608782173,0.22355918590054505,0.9637030998050684
10.633333,319,2,0.1720845855721348,0.08358565493385936,0.24863419431070885,-0.11811652034521106,0.37275734543800354,0.4356505572795869,-0.09660624516073119,0.16807278347804266,0.22267273619022027,0.955424316943759,0.1683277909512466,0.08284016381151123,0.2683659809796898,-0.11504855751991275,0.2715145945549011,0.4402524828910829,-0.08509217769352559,0.11941827586227426,0.22357925935465234,0.9635927103667195
10.666667,320,2,0.17195615326621388,0.08386678355001548,0.24863419431070885,-0.11811652034521114,0.3727573454380033,0.43718451261520386,-0.09673512480504724,0.16799863921789432,0.22340545973860948,0.9552532509281861,0.168565166777389,0.0829523024688428,0.2680647701478248,-0.1165825426578522,0.2730485796928406,0.4402524828910829,-0.08599094643118552,0.11998838113294563,0.22369129726605083,0.9634160830359826
10.7,321,2,0.17182728736502584,0.0841477202822059,0.24863419431070885,-0.11811652034521106,0.37275734543800354,0.4387184977531433,-0.09686395004673859,0.16792439468836928,0.2241380660995091,0.9550816196404681,0.16888617044650261,0.08310384141559704,0.26738171878593187,-0.11811652034521103,0.2761165499687195,0.4402524828910829,-0.0870489775905897,0.12129978135514322,0.22382502538829316,0.9631257428568492
10.733334,322,2,0.17169799066285266,0.08442845900555915,0.24863419431070885,-0.11811652034521108,0.37275734543800354,0.4402524828910828,-0.09699271830554061,0.16785005137268905,0.22487054060501144,0.9549094264996538,0.16924138690019616,0.08327150176181444,0.2661381360886097,-0.11965049803256989,0.2822524756193161,0.4402524828910829,-0.08842494691349922,0.1240931521423556,0.2240022173355905,0.9626032022507809
10.766666,323,2,0.17156826346394383,0.08470899905946609,0.24863419431070888,-0.11811652034521095,0.37275734543800354,0.4417864680290222,-0.09712142950570174,0.1677756093145881,0.22560288282421803,0.9547366716070405,0.16958981392463102,0.08309818361964894,0.26509583788136337,-0.11965049803256991,0.28838841617107414,0.4387184977531433,-0.08896392645323369,0.12712534112855445,0.2233463123152748,0.962310236986046
10.8,324,2,0.17156826346394383,0.08470899905946609,0.24863419431070888,-0.11811652034521095,0.37275734543800354,0.4417864680290222,-0.09712142950570174,0.1677756093145881,0.22560288282421803,0.9547366716070405,0.16956079743092228,0.08308456861818392,0.26316893525073776,-0.11965049803256986,0.302194207906723,0.4387184977531432,-0.09038776222293715,0.13379079725293244,0.22352418211663957,0.9612320297513196
10.833333,325,2,0.17169799066285266,0.08442845900555915,0.24863419431070885,-0.11811652034521108,0.37275734543800354,0.4402524828910828,-0.09699271830554061,0.16785005137268905,0.22487054060501144,0.9549094264996538,0.1693060264505436,0.08262857982640823,0.2589062919590989,-0.1196504980325698,0.33287385106086753,0.43718451261520386,-0.09342234691736719,0.14865138371725412,0.2231459449724974,0.9588435317911509
10.866667,326,2,0.17195615326621388,0.08386678355001548,0.24863419431070885,-0.11811652034521114,0.3727573454380033,0.43718451261520386,-0.09673512480504724,0.16799863921789432,0.22340545973860948,0.9552532509281861,0.16896808308815062,0.08247064349133378,0.2553055132623464,-0.11965049803256989,0.3604855090379715,0.43718451261520386,-0.09622707548619382,0.16193373528557511,0.22342423076281565,0.9563469184495131
10.9,327,2,0.17183926186511084,0.08347146216420398,0.247945252996448,-0.11811652034521092,0.37889328598976135,0.4356505572795868,-0.09722341855264124,0.17101770423656248,0.22272278841214704,0.9548272677529227,0.168637529563207,0.08265135661477253,0.25143060030614856,-0.11965049803256983,0.38963116705417655,0.43871849775314337,-0.09930261667689062,0.1758443571126363,0.2244030496808661,0.9533420287004518
10.933333,328,2,0.17088790757886396,0.08336754365483172,0.24571789076121442,-0.11811652034521103,0.39883503317832947,0.43718451261520386,-0.09936134575359387,0.18050125290614033,0.2236017071448194,0.9526536082077635,0.17035514087426856,0.08379617901406836,0.24323709774610042,-0.11965049803256986,0.44025248289108276,0.44025248289108265,-0.10453158304234822,0.19996253935037572,0.22544293358055703,0.9477677008116506
10.966666,329,2,0.16934670190886436,0.08298379003761056,0.24215943354440553,-0.118116520345211,0.43104860186576843,0.4387184977531433,-0.10273235246304743,0.19582430227837738,0.22451962152863333,0.9490468091423279,0.17167597078841246,0.08476026284350649,0.2375264588641291,-0.11965049803256989,0.47400008141994476,0.4417864680290222,-0.10805632513000196,0.215939138844818,0.22629238256732812,0.9436555921025211
11.0,330,2,0.16912847498676054,0.0832179884205467,0.23812995795866312,-0.11811652034521103,0.46172818541526794,0.44025248289108276,-0.10594762354190049,0.21036194030009145,0.22536901469024723,0.9453738743780429,0.1728565532684082,0.08531863677319397,0.23384696034978011,-0.11965049803256991,0.4954758137464528,0.4417864680290222,-0.11018580399660939,0.22612539446923352,0.2263368463757036,0.9410090470056361
11.033334,331,2,0.17011784195677687,0.08402300077439667,0.23380564098666207,-0.11811652034521103,0.49087391793727875,0.4417864680290221,-0.10900833527230169,0.22411832882635027,0.22615768557212593,0.9416691875504395,0.1742487542023285,0.08667163951564266,0.2301121774135353,-0.11811652034521106,0.5138836205005646,0.4448544383049011,-0.11164137224149527,0.23483834295608627,0.22761375072454693,0.9383917823397535
11.066667,332,2,0.17250633454115366,0.08515267363755206,0.22773474103570415,-0.118116520345211,0.5261553376913075,0.4417864680290221,-0.11248707597063513,0.2408051669901645,0.22617046722389772,0.93712669850247,0.17482785185370706,0.08834788092063678,0.2278434505933366,-0.11811652034521106,0.524621456861496,0.45099034905433655,-0.11344020174440285,0.23956171083412495,0.2304825029647208,0.9362795112345104
11.1,333,2,0.17473077251653077,0.08620475444910358,0.2235122791894224,-0.11811652034521103,0.5476310700178146,0.4417864680290222,-0.1145875090359168,0.2509260551695436,0.22614378768862126,0.9342188206731005,0.17575650037757967,0.09092372351429256,0.22362729238218776,-0.11658254265785223,0.5430292636156087,0.4601942300796508,-0.1157077943626227,0.24787868936658938,0.23455620567240057,0.9328189792570718
11.133333,334,2,0.17631086768057871,0.08695208380641609,0.21991387321732966,-0.11811652034521097,0.5645048916339874,0.44178646802902216,-0.11622859584840486,0.2588579583066349,0.22610453276816836,0.9318584716522768,0.17784205248646126,0.09412731419349246,0.21613888377700213,-0.1165825426578522,0.5752428025007243,0.4693981111049653,-0.1201895153248434,0.2624350503487564,0.23869186336339468,0.927204680272126
11.166667,335,2,0.1770649412152575,0.08907620498578797,0.2161366066329052,-0.118116520345211,0.5829126387834553,0.4494563639163971,-0.11903436658550814,0.2670353564028136,0.22960514706422816,0.9283342148407671,0.1797885654578435,0.09548194129252513,0.21101666563036384,-0.1165825426578522,0.5967185646295547,0.47093209624290466,-0.12260934259821457,0.2723645164719078,0.23926305054010832,0.9238710472359761
11.2,336,2,0.1772303097249907,0.0916545978254383,0.2135146031595246,-0.11811652034521106,0.5951845198869705,0.4601942300796509,-0.12170081900472715,0.2721233998964577,0.23451788988318126,0.9252778637831509,0.18155449792426948,0.0963810464838736,0.20716810108812975,-0.11658254265785217,0.613592341542244,0.47093209624290466,-0.12434260170315575,0.2802167413127297,0.23913377388479,0.9213210805562755
11.233334,337,2,0.1779639272447948,0.09382619707074735,0.2108598882716644,-0.118116520345211,0.6059223562479019,0.46786412596702576,-0.1238390979928857,0.2766566987298181,0.23799154573250697,0.9227594339892056,0.1837266891824747,0.09786219669398656,0.20146324830846407,-0.11504855751991269,0.6396700292825703,0.472466081380844,-0.1265245679243642,0.292398772367258,0.23937976268092612,0.9171651001038454
11.266666,338,2,0.17963416586276781,0.09613944582490067,0.20521382019638634,-0.11811652034521095,0.6320000290870667,0.4740000665187837,-0.12737026184033196,0.28838158561907057,0.24060321803310547,0.9179994384239403,0.18563470569074889,0.09883733088358693,0.19723901638953784,-0.11504855751991269,0.6580777913331985,0.472466081380844,-0.12839890369439988,0.30090562169711194,0.23918184649676227,0.9141999631741132
11.3,339,2,0.18165881889395957,0.09680600690638877,0.19969666551020254,-0.11811652034521097,0.6580777168273926,0.47246608138084406,-0.1298011102818857,0.30053833292214577,0.2396431493265039,0.9140019382883399,0.18750329018419531,0.100944054661639,0.1929544657061886,-0.11351457983255389,0.674951508641243,0.4770680367946626,-0.13011875154145108,0.3085657854861176,0.2408425376052047,0.9109616559463493
11.333333,340,2,0.1840876629707851,0.0976711022067354,0.19365705603745118,-0.118116520345211,0.6856893748044968,0.47093209624290466,-0.13234482334286657,0.3133526939959054,0.23863021445277843,0.9095881252798296,0.18953149182378218,0.10433642947310628,0.18688711956209592,-0.1119805946946145,0.6964273005723953,0.4862719178199767,-0.1330742725970011,0.31800030083610553,0.24447750236542976,0.906309989726521
11.366667,341,2,0.18673369496142705,0.09901830044024164,0.18558504792506283,-0.11811652034521103,0.7209708988666534,0.47093209624290466,-0.135852930880344,0.32951224496008164,0.23816558413592562,0.9034615742386507,0.1908373095291435,0.10701053180032755,0.18331130194448617,-0.1119805946946145,0.7056311517953873,0.4939418137073516,-0.1352620191224933,0.3216936446290437,0.247800172363445,0.9037767754068677
11.4,342,2,0.18844651971421036,0.10027468936871672,0.17964557890565924,-0.11658254265785215,0.7485825717449188,0.472466081380844,-0.1381422964796533,0.3421639951448998,0.23817693808225257,0.8983942634030848,0.19260821411126064,0.10876859145017208,0.18006029372006874,-0.10891263931989673,0.7133011072874069,0.4970097839832307,-0.13518230428926375,0.32536604503493016,0.2485554055042047,0.9022654220017594
11.433333,343,2,0.1894095449142284,0.10270849216573322,0.1746156381831271,-0.11658254265785206,0.7700583040714268,0.480135977268219,-0.14159555172248667,0.3513575510619725,0.24124024092131147,0.8934773176776037,0.1950614653664395,0.11050712763982898,0.17397875868404056,-0.10584467649459847,0.7286408394575123,0.49854376912116993,-0.1356772531118048,0.33262484302409073,0.24844955262473295,0.8995694617936985
11.466666,344,2,0.19048935721098229,0.10602907280076056,0.17187334896201228,-0.11198059469461433,0.7746603339910512,0.4908738434314728,-0.14189674805332675,0.3532336824782117,0.2451318593072939,0.8916286502840304,0.19652817222452798,0.11171734543665347,0.16858771865486866,-0.10431069135665885,0.7424467056989674,0.5000777244567873,-0.13670879731613297,0.33897622165895536,0.2485963905048056,0.8969981385232509
11.5,345,2,0.191828507755913,0.10834596394612436,0.16893272331340198,-0.11044661700725555,0.7777282297611237,0.4970097839832307,-0.1426140935228108,0.35436872772072087,0.24752893376140728,0.8904007255686651,0.19739032468177714,0.11260285870184067,0.16310886423517693,-0.10431069135665894,0.7562525570392609,0.5016117095947266,-0.1384333505330759,0.345118534395262,0.2489826000621276,0.8942801963273902
11.533334,346,2,0.19367362665286267,0.10975186735240966,0.16497612482606408,-0.10737865418195724,0.7838641852140427,0.49854376912117004,-0.14215830596715429,0.3574005152355529,0.2475280027682684,0.889261365178687,0.19787264065894114,0.11411772079456359,0.15612421262721116,-0.10431069135665894,0.7731263339519501,0.5062136650085449,-0.14102570517008703,0.3524081380277863,0.2506475554639631,0.890559407155417
11.566667,347,2,0.1956672486307801,0.11042729335291881,0.15691218145657715,-0.10584467649459836,0.803805947303772,0.4970097839832306,-0.14326282598681583,0.3666495338331227,0.24609637522030936,0.8857090132394779,0.19769457437758411,0.11611532286920638,0.15133573069712664,-0.10431069135665888,0.780796200037003,0.5138835906982422,-0.14320359959117607,0.3553119557370651,0.25387127675648535,0.888141609211315
11.6,348,2,0.196380447985102,0.11040378279490479,0.15032399420468892,-0.10584467649459842,0.822213739156723,0.49547579884529114,-0.14486501092817655,0.3749907647924511,0.24495937555004682,0.882264676420451,0.19770966790723365,0.11781403143204405,0.14579697310313305,-0.10431069135665902,0.7915340662002568,0.5200194716453552,-0.14546268638222756,0.3596847428150814,0.2563167108083707,0.8853074248061475
11.633333,349,2,0.19617827873772017,0.1107041966012004,0.1434678385822915,-0.10431069135665899,0.8436894416809086,0.49700978398323054,-0.14666847629138827,0.38462886882794567,0.24477765204937155,0.8778569885714269,0.1985282957094,0.11870882942712445,0.13852047382321267,-0.10431069135665896,0.8022719621658325,0.5215534567832948,-0.14690769967463171,0.36437561681002284,0.25670854511928143,0.8830341219417093
11.666667,350,2,0.1953289228272589,0.11229509669839323,0.13564036979929295,-0.10431069135665891,0.8651651442050934,0.5046796798706055,-0.1503544764842625,0.3935718489174625,0.2475264255587487,0.872482320617984,0.19873812738941876,0.11925664204486144,0.13282238842363317,-0.10431069135665905,0.8114758431911469,0.5230874419212341,-0.1481890627750708,0.36837016763794944,0.25713238239227376,0.8810370929725426
11.7,351,2,0.1950120146301995,0.11418582500142128,0.13170514928400423,-0.10431069135665905,0.8682331442832947,0.5123496055603027,-0.15218249568137834,0.39434580054587154,0.25077775065769686,0.8708859841420625,0.19892611902637605,0.11979342556234457,0.1289830304025738,-0.10431069135665896,0.8130098283290863,0.5246214270591736,-0.1486387655842403,0.36894007329440626,0.25776506646495406,0.8805378527885267
11.733334,352,2,0.1947728226947624,0.11613243002911249,0.12652597371305147,-0.10431069135665902,0.8713010549545288,0.5200194716453551,-0.15401827466865617,0.39511053841055976,0.254019852642249,0.8692755305244811,0.19853172791335638,0.12085273615184045,0.12427166300724754,-0.1058446764945985,0.8160777688026428,0.5292233824729919,-0.15049899209972045,0.3697636941536534,0.2599863383915605,0.8792223653391449
11.766666,353,2,0.19491969817958107,0.11789577144876504,0.12120071722626158,-0.10431069135665916,0.8697670996189122,0.5261554121971129,-0.15506540289410542,0.39396115025242606,0.2567345427000806,0.8688133904939856,0.19801155771166487,0.12140835659648716,0.12092012736031507,-0.1058446764945983,0.8206797540187836,0.5322913527488708,-0.15157375968422093,0.3715789864940122,0.26120203367254485,0.8779111286323914
11.8,354,2,0.19519454321609647,0.11805539159678893,0.11749810575918242,-0.10431069135665896,0.8728350698947906,0.5261554121971131,-0.15539398279366395,0.39531095619049517,0.2566364333418456,0.8681703168784657,0.19749722247353416,0.121105413590173,0.11620804075695251,-0.10584467649459839,0.8329515755176544,0.532291352748871,-0.1529237680214268,0.37702685198969255,0.26084137907121774,0.8754580795315654
11.833333,355,2,0.19493269517559048,0.1179033196382946,0.1129583171114163,-0.10431069135665885,0.883572906255722,0.5261554121971131,-0.15654112145509033,0.4000279045931339,0.25628829840562733,0.8659034940111728,0.1967630367966384,0.12067297886732575,0.10954061679388918,-0.10584467649459842,0.8513593673706055,0.5322913527488708,-0.15493797594738917,0.3851719973722486,0.2602819862463023,0.8717167221553561
11.866667,356,2,0.1941146124848846,0.11742791316936052,0.10745363355227507,-0.10277671366930008,0.8973787426948547,0.5261554121971129,-0.15734746278925998,0.40627170985770283,0.2555183103191022,0.8630732685089673,0.19662422267973262,0.1205912174736341,0.10572315382696233,-0.10584467649459836,0.859029233455658,0.5322913527488707,-0.15577336018281376,0.3885561967537457,0.2600423971534841,0.8701360203464107
11.9,357,2,0.19362329538280976,0.11714257380302459,0.10378178869649875,-0.10277671366930013,0.9035146832466125,0.526155412197113,-0.15799862864979747,0.4089532310772486,0.2553085800027711,0.8617489292788421,0.1965413962730037,0.12054243279236697,0.10240093095671338,-0.1058446764945983,0.8636311888694763,0.5322913527488706,-0.15627349575510183,0.3905839924139834,0.2598968066385529,0.8691814478539658
11.933333,358,2,0.19354593877041465,0.11709764785465132,0.10083909916600667,-0.10277671366930008,0.9065826237201691,0.5261554121971129,-0.15832365112520128,0.41029253679058136,0.2552028145974698,0.8610837236702739,0.19669748637960238,0.12063436972890813,0.09969212623708608,-0.10584467649459858,0.860563218593597,0.5322913527488705,-0.15594016380903503,0.3892323577497031,0.2599940199209747,0.8698183411478229
11.966666,359,2,0.1937702353690155,0.11722791128135844,0.09618669099198841,-0.10277671366930025,0.9127185642719269,0.5261554121971128,-0.15897258397141653,0.41296827470730574,0.25498948042732034,0.8597472224451367,0.1968024868533979,0.12069621491632254,0.09797298169334172,-0.10584467649459828,0.8574953079223633,0.532291352748871,-0.15560647140529263,0.3878798334651733,0.2600906195380504,0.8704531753495627
12.0,360,2,0.19379907485630765,0.11724466022210292,0.09287455960191053,-0.10277671366930022,0.9142525494098663,0.5261554121971128,-0.15913458362141417,0.4136366028199937,0.25493577179464383,0.8594118322216905,0.19672689649204245,0.1206516922594643,0.09626209338808016,-0.10584467649459839,0.8544272780418396,0.5322913527488707,-0.1552723998690821,0.3865263438842507,0.26018661087496503,0.8710859859071143
12.033334,361,2,0.19345563088350048,0.11704520027015161,0.09019893390778445,-0.10277671366930013,0.9173205196857452,0.526155412197113,-0.15945830198024438,0.4149725286529411,0.25482790464198424,0.8587395352542802,0.19605261248010813,0.12025484266894083,0.09101411440079443,-0.10737865418195727,0.8651651442050934,0.5322913527488707,-0.1571063822095008,0.39106003660710253,0.26014798677085005,0.8687419970376519
12.066667,362,2,0.19291277086434566,0.11714747220436239,0.08789167378325537,-0.10277671366930008,0.9188545048236851,0.5276893973350524,-0.15993876640463625,0.4155175759738457,0.25543205961961873,0.8582069668653723,0.19561854431243123,0.1195738042844895,0.08688159886541132,-0.1073786541819573,0.8743690252304077,0.5307573676109314,-0.15779904260695085,0.39522938627182347,0.2591899503266679,0.8670142813294294
12.1,363,2,0.19262908167747878,0.117400132094309,0.08653904381045105,-0.10431069135665899,0.9142525494098663,0.5292233824729919,-0.1604277200523109,0.4131953407862298,0.2565707879619226,0.8588969599177579,0.19490161341089543,0.11915301256379021,0.08362062928594541,-0.1073786541819573,0.882038950920105,0.5307573676109314,-0.1586236989703345,0.39859714470617214,0.2589427217639106,0.8653944217537768
12.133333,364,2,0.19240377125244867,0.1176866391569297,0.08506460743631353,-0.1058446764945985,0.9081166088581085,0.5307573676109313,-0.16075050078372602,0.4102011589446353,0.2577591403367258,0.8599154093695097,0.19407249534051108,0.11866668145818926,0.08062516343218555,-0.10891263931989664,0.8866409063339233,0.5307573676109312,-0.1597803278714392,0.40041637932263435,0.25909974899963456,0.8642940992878373
12.166667,365,2,0.19169556004289745,0.11727096532721029,0.07952788223514858,-0.10584467649459833,0.9173204898834229,0.5307573676109312,-0.161728916680963,0.4142100885407879,0.257438863115224,0.8579038359968882,0.19362987247545804,0.11798637654736188,0.07823522199593758,-0.10891263931989664,0.8897088468074799,0.5292233824729922,-0.1598002768478867,0.40188317896107095,0.25833742836235235,0.8638376902489315
12.2,366,2,0.19106020034816712,0.11648313457319438,0.0746359689999909,-0.10737865418195741,0.9311263859272003,0.5292233824729919,-0.16352354154363932,0.4201353860467579,0.2566147979094029,0.8549240634385512,0.19319509668197493,0.11773208737795758,0.07657021725080627,-0.1089126393198967,0.8897088468074799,0.5292233824729922,-0.1598002768478867,0.4018831789610709,0.25833742836235235,0.8638376902489315
12.233334,367,2,0.18983505294606373,0.11576657739602757,0.07015783906701085,-0.10737865418195724,0.9464661478996277,0.5292233824729919,-0.16513023376802682,0.4267767790019906,0.25606302025000166,0.8514841845042396,0.1926619876124053,0.11700282280638791,0.07396650667098172,-0.11044661700725544,0.8897088468074799,0.5276893973350526,-0.1601546471351502,0.4018078744462323,0.25798305335991106,0.8639129963214545
12.266666,368,2,0.18807806915526276,0.11473896280589527,0.06658692479274417,-0.1073786541819573,0.9602720141410828,0.5292233824729917,-0.16656796226934042,0.4327326128694137,0.2555535372315108,0.8483454422068363,0.19211970503300788,0.11668708638107152,0.07208227191100341,-0.11198059469461452,0.8897088468074799,0.5276893973350524,-0.16081721159303664,0.4016098861557148,0.258291159604613,0.8637899053980306
12.3,369,2,0.1870434427623623,0.11413383646252938,0.06500082976792818,-0.10737865418195713,0.9664078950881958,0.5292233824729919,-0.16720440291500385,0.4353730226352247,0.25532319238806134,0.846937474809135,0.19160808431285123,0.11638890493657934,0.07008703951035704,-0.11198059469461455,0.8881748616695404,0.5276893973350524,-0.16065471924755234,0.4009376137380038,0.2583396222066042,0.8641178916511997
12.333333,370,2,0.18719540927643555,0.1138161884028731,0.06438136868622647,-0.10737865418195722,0.9587380290031438,0.5276893973350525,-0.16607716053387808,0.4321993736943112,0.2549597294556061,0.848891992236453,0.1909080664096617,0.11556781053929022,0.06681602685667877,-0.11351457983255381,0.8881748616695404,0.526155412197113,-0.16101003240530815,0.40086296265124677,0.2579843090488485,0.8641925427379568
12.366667,371,2,0.18733163955839122,0.11389620335222403,0.06303600112359815,-0.11044661700725561,0.9418641924858093,0.5276893973350525,-0.16563124139078592,0.4245205787731172,0.2562276926520612,0.8524646265926146,0.19077648359723576,0.1154917156117268,0.06495055221130393,-0.11504855751991266,0.8851069509983063,0.5261554121971133,-0.16134958547813277,0.39931935308894567,0.2583855919170144,0.8647238006464
12.4,372,2,0.18719710447216897,0.11341198249731765,0.06080635314575379,-0.11044661700725558,0.937262237071991,0.526155412197113,-0.16482836354370836,0.42265444534167224,0.25573490263718085,0.8536946116601521,0.19082613176593075,0.11510801737538538,0.062498983850752185,-0.11504855751991269,0.883572906255722,0.5246214270591735,-0.1608820148396056,0.3987696635945604,0.2577687540344433,0.8652485204502581
12.433333,373,2,0.18696355846908294,0.11327634734794176,0.05870418238224567,-0.11044661700725569,0.9341942667961121,0.526155412197113,-0.16450972854283646,0.421324503844743,0.2558415633552482,0.854381241680016,0.191214934698137,0.11533302331285519,0.059807874092391786,-0.11504855751991264,0.8789710104465485,0.5246214270591736,-0.16039772772911404,0.39674838444137567,0.2579072612256299,0.8662257979242999
12.466666,374,2,0.18580230000904707,0.11260193004852444,0.054793158086306984,-0.11044661700725561,0.9433982074260712,0.526155412197113,-0.16546447230459282,0.4253113544461091,0.25551977508570706,0.85231532001034,0.19216603995530288,0.11588344182129272,0.05982832275872475,-0.11504855751991275,0.8666991293430333,0.5246214270591735,-0.15910213393337105,0.39134799650870483,0.2582699408501847,0.868809469480917
12.5,375,2,0.1855785244693356,0.11247228423634988,0.05294372872748064,-0.1119805946946145,0.9433981478214264,0.526155412197113,-0.16611813375191786,0.4251152227578017,0.2558459110417744,0.8521881733640575,0.1929813468445279,0.11635527183012187,0.059742330432220644,-0.11504855751991269,0.855961263179779,0.5246214270591735,-0.1579635770694193,0.38661057669014803,0.25857930859901646,0.8710433464961427
12.533334,376,2,0.18640275713516025,0.11254750343555671,0.05185865322786749,-0.11198059469461455,0.9357282817363739,0.5246214270591734,-0.1650005259003096,0.4219199790226231,0.2554568741175558,0.8541078053853962,0.1940321618424948,0.11654502990866371,0.059429183386418005,-0.11504855751991275,0.8452233970165253,0.5230874419212342,-0.15652753542204687,0.3819821804779496,0.258211368738119,0.8734504184591121
12.566667,377,2,0.18754870109749883,0.11321099699582172,0.05123050913083621,-0.11351457983255395,0.9219224750995636,0.5246214270591735,-0.16422711740760254,0.41572738638664675,0.2562427293032819,0.8570530075761488,0.19441562685379496,0.11634775031340923,0.05924723331057627,-0.11504855751991272,0.8390874862670903,0.5215534567832948,-0.15558344652014847,0.37938271130297596,0.2577086159874248,0.87489931922431
12.6,378,2,0.18849229741402293,0.11335004045380202,0.05074332302892827,-0.11351457983255395,0.9127185940742493,0.5230874419212341,-0.16295462873348945,0.4118437752746687,0.2558851794812798,0.8592748504778155,0.19467489862916865,0.11607852695216901,0.05894553298364734,-0.11504855751991266,0.8344855606555943,0.5200194716453552,-0.1548047237262002,0.37745965570799733,0.2571606312827996,0.8760297458095171
12.633333,379,2,0.18937809172751113,0.11386085030203827,0.05094967957887733,-0.11351457983255381,0.9035147130489349,0.5230874419212341,-0.161997597126104,0.40782560352494135,0.2561796391637327,0.8612822116547081,0.19558920251798043,0.1153462131279401,0.0592207149342871,-0.11504855751991266,0.8283496499061589,0.5154175162315369,-0.15329052961970707,0.375087221431721,0.25530343970407,0.8778563342158049
12.666667,380,2,0.19028357428394455,0.1143830137435837,0.051652083275437216,-0.1135145798325537,0.8912428617477417,0.5230874419212344,-0.16071622072548963,0.40245461646165936,0.2565638119233795,0.8639303146063106,0.19647338467163925,0.11459241080156868,0.059597598214817735,-0.11504855751991278,0.8237476944923401,0.5108156204223633,-0.1519468885346022,0.3733897754996209,0.2533985740109304,0.879364191507832
12.7,381,2,0.19074480546079242,0.11464899132309618,0.05225371138876202,-0.11351457983255384,0.883572906255722,0.523087441921234,-0.15991227960729484,0.3990900209472591,0.25679901706436337,0.8655688781638878,0.19676720901375788,0.11433968417094095,0.05972364231063426,-0.11504855751991269,0.8222137093544006,0.5092816352844238,-0.1515007421017995,0.3728225898367716,0.2527620705223761,0.8798648631211772
12.733334,382,2,0.19119520714088423,0.11449688936366756,0.05238511619558543,-0.11351457983255392,0.8789709508419041,0.5215534567832949,-0.15912419176177572,0.39719061488995383,0.25627361720904007,0.8667427185515298,0.19723533884576078,0.11376655207008089,0.059849894080352475,-0.11504855751991253,0.8206797242164616,0.5062136650085451,-0.15076990524031467,0.37237046937372204,0.2514494925929266,0.8805576766384927
12.766666,383,2,0.19155266618242123,0.11346892003076073,0.051837315180382273,-0.11351457983255397,0.8774369955062866,0.5169515013694763,-0.15805056538887421,0.39688090123624986,0.25432372212589743,0.8676548930180643,0.1976459362987577,0.11357715043599094,0.06010301698978304,-0.11504855751991275,0.8176117837429047,0.5046796798706054,-0.15016753354457452,0.37111694921179755,0.2508479616997583,0.8813610054840999
12.8,384,2,0.19158017744424236,0.11266577627097744,0.05127568924694649,-0.11351457983255372,0.8789709806442265,0.5138835906982423,-0.15759982906026843,0.39779793644757383,0.2529478397280956,0.8677191285289934,0.19811151250108253,0.11300050077313728,0.06022988999273503,-0.11504855751991269,0.8160777986049648,0.5016117095947267,-0.14944062486193124,0.37066176558543856,0.2495319462485521,0.8820494107335317
12.833333,385,2,0.1919248775918549,0.11204297006211311,0.051275689246946476,-0.11351457983255378,0.8789709806442265,0.5108156204223633,-0.15698942775231023,0.3980392241171416,0.25161647439601315,0.8681061256843813,0.19862931366846853,0.11203584152302926,0.060229889992734986,-0.11504855751991261,0.8160777986049652,0.4970097839832306,-0.14858735107711393,0.3710046413805703,0.24750172458811934,0.8826212389807236
12.866667,386,2,0.19226766536929474,0.11141910925616205,0.05127568924694649,-0.11351457983255389,0.8789709806442265,0.5077476501464844,-0.15637865703096873,0.39827957515665363,0.25028451698270315,0.8684910800906138,0.19880235551227216,0.11171485197249653,0.06023156018133126,-0.11658254265785209,0.8160777986049657,0.49547579884529125,-0.14897981524083798,0.37092907579340245,0.24710926042439535,0.8826968045678916
12.9,387,2,0.19283158278772916,0.11091740867029498,0.05161560164372096,-0.11351457983255392,0.8774369955062866,0.5046796798706055,-0.15561237963630203,0.39784320817348146,0.24899511499476717,0.8691990575943477,0.19918591006198827,0.11150689050032242,0.06058304368890813,-0.11658254265785223,0.8145438134670258,0.4939418137073515,-0.1485406020798354,0.3703572876758561,0.24646660028440354,0.8831904573439362
12.933333,388,2,0.19295592317762278,0.11098609360810086,0.051734190982981404,-0.11351457983255381,0.8759030103683472,0.5046796798706055,-0.15545714939587646,0.39716719330418876,0.24903811288888456,0.8695236130165326,0.19918591006198827,0.11150689050032242,0.06058304368890813,-0.11658254265785223,0.8145438134670258,0.4939418137073515,-0.1485406020798354,0.3703572876758561,0.24646660028440354,0.8831904573439362
12.966666,389,2,0.19294749092581703,0.11016824735106599,0.051275689246946476,-0.11351457983255386,0.8789709806442261,0.5016117095947267,-0.1551560130978446,0.39875746508542664,0.24761883845075575,0.8692548570370628,0.19918591006198827,0.11150689050032242,0.06058304368890813,-0.11658254265785223,0.8145438134670258,0.4939418137073515,-0.1485406020798354,0.3703572876758561,0.24646660028440354,0.8831904573439362
13.0,390,2,0.19311624706407554,0.10985488193862863,0.05127568924694649,-0.11351457983255392,0.8789709806442261,0.5000777244567871,-0.1548501234778884,0.3988763512927992,0.24695205366593154,0.869444523145902,0.19960935030715168,0.11173489702912849,0.06128711895731362,-0.11658254265785217,0.8114758431911469,0.4939418137073518,-0.14823100097474848,0.36898474363499045,0.2465350340275195,0.8837976614088172
13.033334,391,2,0.19311624706407554,0.10985488193862863,0.05127568924694649,-0.11351457983255392,0.8789709806442261,0.5000777244567871,-0.1548501234778884,0.3988763512927992,0.24695205366593154,0.869444523145902,0.1996565921691083,0.11176001285896743,0.06165152668161088,-0.1150485575199128,0.8099418878555298,0.4939418137073516,-0.1473979306009519,0.3684871674223536,0.24628647825438485,0.8842137909627172
13.066667,392,2,0.1934645120971215,0.1100451751420697,0.051734190982981404,-0.11351457983255389,0.8759030103683472,0.5000777244567872,-0.1545428658109506,0.3975238450236126,0.24703670093954522,0.8700943418121319,0.19958417487545874,0.11172038738993474,0.06188643880942035,-0.11198059469461447,0.8099418878555298,0.49394181370735163,-0.14604139019182583,0.36886453261071345,0.24572093624226882,0.8844388562387688
13.1,393,2,0.19311624706407554,0.10985488193862863,0.05127568924694649,-0.11351457983255392,0.8789709806442261,0.5000777244567871,-0.1548501234778884,0.3988763512927992,0.24695205366593154,0.869444523145902,0.19958132027062023,0.11171823579187434,0.0618830746669491,-0.10891263931989664,0.8099418878555298,0.49394181370735163,-0.14468450942854383,0.3692410289112173,0.24515481740011313,0.8846618398040713
13.133333,394,2,0.19311624706407554,0.10985488193862863,0.05127568924694649,-0.11351457983255392,0.8789709806442261,0.5000777244567871,-0.1548501234778884,0.3988763512927992,0.24695205366593154,0.869444523145902,0.19979012943417765,0.11183037073864166,0.062234494618375436,-0.10737865418195727,0.8084079027175908,0.4939418137073517,-0.14384952984159285,0.36874230079765374,0.24490855479213874,0.8850741370961144
13.166667,395,2,0.19333834334976543,0.1099759214354894,0.05161404295181389,-0.11198059469461441,0.8774369955062866,0.5000777244567871,-0.15402938782217643,0.39838954104732266,0.24668896072659813,0.8698880835641215,0.19955301859717425,0.11170239891292519,0.0619772445841876,-0.10584467649459836,0.8114758431911469,0.4939418137073518,-0.14348383686231572,0.3703030493144638,0.24455043591606937,0.8845807620115523
13.2,396,2,0.19333682768900623,0.1099747828661123,0.051612483998584535,-0.11044661700725564,0.8774369955062866,0.5000777244567871,-0.15336214812667132,0.39857863152883033,0.24638332786304842,0.8700059665092575,0.19931664634619312,0.11157512141139368,0.061722499978187226,-0.10584467649459836,0.8145438134670258,0.4939418137073517,-0.14379669352754823,0.37167520615886024,0.24447463409756343,0.8839752289177427
13.233334,397,2,0.19346148704683114,0.11004289716496089,0.051731067586492,-0.11044661700725553,0.8759030103683472,0.5000777244567872,-0.1532079759595159,0.3979023268760941,0.24642661633849838,0.8703303838939193,0.19919820244982064,0.11151134386077438,0.06159543683631781,-0.10584467649459836,0.8160777986049652,0.4939418137073517,-0.1439529950176091,0.3723609568105468,0.24443651744872494,0.8836716822475039
13.266666,398,2,0.19346148704683114,0.11004289716496089,0.051731067586492,-0.11044661700725553,0.8759030103683472,0.5000777244567872,-0.1532079759595159,0.3979023268760941,0.24642661633849838,0.8703303838939193,0.19919820244982064,0.11151134386077438,0.06159543683631781,-0.10584467649459836,0.8160777986049652,0.4939418137073517,-0.1439529950176091,0.3723609568105468,0.24443651744872494,0.8836716822475039
13.3,399,2,0.19346148704683114,0.11004289716496089,0.051731067586492,-0.11044661700725553,0.8759030103683472,0.5000777244567872,-0.1532079759595159,0.3979023268760941,0.24642661633849838,0.8703303838939193,0.1994088286461486,0.11162475808733625,0.06194787442503938,-0.10584467649459842,0.8145438134670258,0.4939418137073517,-0.14379669352754823,0.3716752061588602,0.2444746340975634,0.8839752289177427
13.333333,400,2,0.19346148704683114,0.11004289716496089,0.051731067586492,-0.11044661700725553,0.8759030103683472,0.5000777244567872,-0.1532079759595159,0.3979023268760941,0.24642661633849838,0.8703303838939193,0.199618978582331,0.11173791586585413,0.06230067855879286,-0.10584467649459839,0.8130098283290863,0.4939418137073516,-0.1436403074451176,0.3709892368589857,0.24451260692745766,0.88427825556518
13.366667,401,2,0.19346148704683114,0.11004289716496089,0.051731067586492,-0.11044661700725553,0.8759030103683472,0.5000777244567872,-0.1532079759595159,0.3979023268760941,0.24642661633849838,0.8703303838939193,0.199500706440444,0.11167423079851788,0.06217340920967668,-0.10584467649459839,0.8145438134670262,0.4939418137073517,-0.14379669352754823,0.37167520615886024,0.24447463409756337,0.8839752289177426
13.4,402,2,0.19346148704683114,0.11004289716496089,0.051731067586492,-0.11044661700725553,0.8759030103683472,0.5000777244567872,-0.1532079759595159,0.3979023268760941,0.24642661633849838,0.8703303838939193,0.19967176502380457,0.11135081108294549,0.06217340920967668,-0.10584467649459836,0.8145438134670262,0.49240782856941223,-0.1435115791381195,0.37178538781933074,0.24379655982283369,0.8841624791156116
13.433333,403,2,0.19346148704683114,0.11004289716496089,0.051731067586492,-0.11044661700725553,0.8759030103683472,0.5000777244567872,-0.1532079759595159,0.3979023268760941,0.24642661633849838,0.8703303838939193,0.199500706440444,0.11167423079851788,0.06217340920967668,-0.10584467649459839,0.8145438134670262,0.4939418137073517,-0.14379669352754823,0.37167520615886024,0.24447463409756337,0.8839752289177426
13.466666,404,2,0.19346148704683114,0.11004289716496089,0.051731067586492,-0.11044661700725553,0.8759030103683472,0.5000777244567872,-0.1532079759595159,0.3979023268760941,0.24642661633849838,0.8703303838939193,0.19954817247654705,0.11169978946057622,0.0625393132009017,-0.10584467649459844,0.8130098283290863,0.49394181370735174,-0.14364030744511763,0.37098923685898577,0.24451260692745772,0.88427825556518
13.5,405,2,0.19346148704683114,0.11004289716496089,0.051731067586492,-0.11044661700725553,0.8759030103683472,0.5000777244567872,-0.1532079759595159,0.3979023268760941,0.24642661633849838,0.8703303838939193,0.19964162166935698,0.11175010831032112,0.06327136712116484,-0.10584467649459833,0.8099418580532074,0.49394181370735163,-0.14332728187119065,0.36961664392896315,0.24458812104114422,0.8848827480789017
13.533334,406,2,0.19346148704683114,0.11004289716496089,0.051731067586492,-0.11044661700725553,0.8759030103683472,0.5000777244567872,-0.1532079759595159,0.3979023268760941,0.24642661633849838,0.8703303838939193,0.19989553898845536,0.11188683316628993,0.06399193501151222,-0.10584467649459842,0.806873887777328,0.4939418137073516,-0.14301391903241173,0.3682431812503409,0.24466305961209142,0.8854851583662313
13.566667,407,2,0.19346148704683114,0.11004289716496089,0.051731067586492,-0.11044661700725553,0.8759030103683472,0.5000777244567872,-0.1532079759595159,0.3979023268760941,0.24642661633849838,0.8703303838939193,0.19994054840682485,0.11191106903277458,0.06435852475303169,-0.10584467649459836,0.805339902639389,0.4939418137073516,-0.1428571113691022,0.3675561247651967,0.24470031301387896,0.8857855822318269
13.6,408,2,0.19346148704683114,0.11004289716496089,0.051731067586492,-0.11044661700725553,0.8759030103683472,0.5000777244567872,-0.1532079759595159,0.3979023268760941,0.24642661633849838,0.8703303838939193,0.2005345061467359,0.1118136587480178,0.06654955394073965,-0.10584467649459833,0.7961360216140747,0.4924078285694123,-0.14163571757934054,0.3635380131221894,0.2442399719038593,0.8877647619979958
13.633333,409,2,0.19346148704683114,0.11004289716496089,0.051731067586492,-0.11044661700725553,0.8759030103683472,0.5000777244567872,-0.1532079759595159,0.3979023268760941,0.24642661633849838,0.8703303838939193,0.2012625357547962,0.11178624657324546,0.07021912823411496,-0.10584467649459839,0.7807962000370026,0.4908738434314728,-0.1397897454552613,0.35674897150465384,0.24391043942649085,0.8908965685951995
13.666667,410,2,0.19352285852217713,0.11007643074868403,0.05208763245610354,-0.11044661700725553,0.8743690252304077,0.5000777244567871,-0.1530537136635444,0.3972257881463431,0.24646975984669672,0.8706542892827358,0.20158773475168554,0.11196006905484866,0.0748784486252817,-0.10584467649459844,0.7623884379863739,0.4908738434314727,-0.13789838166788498,0.3484442339546137,0.2443132349604272,0.8943610542618299
13.7,411,2,0.1936914698670677,0.1097621889470102,0.05208763245610351,-0.11044661700725553,0.8743690252304077,0.49854376912116993,-0.15274900536754413,0.3973430600802178,0.24580191502240611,0.8708430699825498,0.20238036844425006,0.11154570231265518,0.08115849008212982,-0.10737865418195719,0.7363107800483704,0.4878059029579162,-0.13537233194459025,0.3366489898685729,0.2437271638270782,0.8994102840067829
13.733334,412,2,0.19393235405027956,0.10989332946489266,0.05351494520679109,-0.11044661700725555,0.8682331144809723,0.49854376912117004,-0.15213313723719857,0.3946341123633361,0.24597204822241442,0.8721336923928806,0.2039446333810892,0.10944120052015999,0.08966952331399058,-0.10737865418195722,0.7010292112827301,0.4770680367946625,-0.12999016236520547,0.32126912021910947,0.23949730182939455,0.9069342602958314
13.766666,413,2,0.19449571546295696,0.1093860966108362,0.05878913313234156,-0.11044661700725553,0.8467573821544647,0.49547579884529125,-0.14937540574076505,0.3853532849568141,0.24520431360536848,0.8769633279231774,0.20471855763819818,0.10817292739902594,0.09559661826038464,-0.10737865418195727,0.6764855384826665,0.4709320962429048,-0.1265291314255942,0.31039824922564485,0.2370761319946605,0.9118323384355204
13.8,414,2,0.19573720826442564,0.10924088231041057,0.06559586196577119,-0.11044661700725561,0.8176117539405823,0.4924078285694124,-0.14585569337365156,0.372595114745192,0.24457862650230056,0.8832215422173287,0.2051960779572578,0.10716885640679563,0.10115438446604638,-0.10737865418195738,0.653475821018219,0.4663301706314087,-0.12350157512534383,0.30007681466037167,0.23527603616838733,0.9161585305228215
13.833333,415,2,0.19804409424030378,0.108018659683392,0.07400671808395456,-0.11044661700725567,0.7807962000370026,0.4832039475440978,-0.14047230261846627,0.35672812275025056,0.24131357115364538,0.8915045367317109,0.20545471515111374,0.10646976899795343,0.1093236089663376,-0.10737865418195722,0.6197282373905182,0.4632622003555298,-0.11964321204389416,0.2846253297691543,0.23424384930023556,0.92184800402812
13.866667,416,2,0.20029283746228457,0.10592021914349703,0.08560199955226316,-0.11044661700725564,0.731708824634552,0.47093209624290466,-0.13345391668894035,0.3353205724209345,0.2367252615040308,0.902059486063711,0.20538121511809143,0.10601950506536223,0.11638179647420935,-0.10737865418195727,0.5905825793743134,0.46172821521759033,-0.11647327779969986,0.2711415816492358,0.23380222945041476,0.9264193088247678
13.9,417,2,0.20131930126912526,0.1044046503850655,0.09250115457496096,-0.11044661700725558,0.7025631964206696,0.4632622003555298,-0.12931389098596738,0.3225039108528589,0.23370332443878716,0.9081034639450175,0.20499805867424536,0.10541665533917474,0.1236466608535734,-0.10737865418195722,0.5614369809627533,0.46019423007965077,-0.11329941512077583,0.25759557471127204,0.23330423437855247,0.9307936917725094
13.933333,418,2,0.20168549030369656,0.10377524152633477,0.0979511484573598,-0.1104466170072555,0.6795534789562225,0.46019423007965093,-0.12656335318284334,0.31212938736045204,0.23261565490813424,0.9123852915675281,0.20515197302958837,0.10262281476675135,0.13211626691774167,-0.10737865418195722,0.5261554419994354,0.4494563639163971,-0.10838144513891568,0.24160217425224365,0.2284687804529119,0.9368478361529945
13.966666,419,2,0.20116006149943494,0.10391964210394565,0.10468087970654363,-0.11044661700725558,0.6519418358802795,0.46172821521759044,-0.12406405712244327,0.29929290564879674,0.23364497021042707,0.9167561803740338,0.20518794324568546,0.09979893673223737,0.13830569184711172,-0.10737865418195727,0.5000776946544647,0.4387184977531434,-0.10451556885051888,0.22984989425380511,0.2234939861611998,0.9414329291718792
14.0,420,2,0.20093968803100776,0.10381028784971655,0.11048378191314927,-0.1119805946946145,0.6273981630802155,0.46172821521759033,-0.12231592153624617,0.28774162437157225,0.23412132011178,0.9205600362887069,0.20490672357737577,0.09765753971615984,0.14450629027385303,-0.1073786541819573,0.4740000069141388,0.43104860186576827,-0.10109585898183066,0.21786945652675632,0.2198900392320426,0.9454950543794465
14.033334,421,2,0.20116879125146353,0.10230817736364775,0.11699833947702451,-0.11044661700725558,0.5997864902019501,0.4555923044681549,-0.11798246117539934,0.2754393345538896,0.23130742097893317,0.9255864026851196,0.20345125390680496,0.09540153330348387,0.15231799832833554,-0.10737865418195727,0.4402524530887604,0.4249126911163329,-0.0971670591704564,0.20209325065606754,0.2169311570688326,0.9500830246584803
14.066667,422,2,0.2017677577521989,0.09899074813098827,0.1256630598703068,-0.11044661700725555,0.5629709661006927,0.4417864680290222,-0.1125044415061817,0.259002872351793,0.22511716066294776,0.9325140892930012,0.2021908959620858,0.09365396272661031,0.15830507854557713,-0.10737865418195724,0.41417482495307945,0.42031073570251465,-0.09419247183223256,0.18984127364875641,0.2146514861335156,0.9534216321073405
14.1,423,2,0.20237397307807722,0.09530851282876435,0.13285501072368616,-0.11044661700725561,0.5322913229465485,0.42644664645195,-0.10761802904266436,0.2453979329553098,0.21803804958963605,0.9384336008782832,0.20107912990572702,0.09160296573095388,0.16429682743954202,-0.10737865418195727,0.3880971372127533,0.4141748249530792,-0.09112265089392992,0.17761434505624243,0.21158773276913334,0.9567551610866403
14.133333,424,2,0.20180435425184534,0.09348178416017772,0.14037061276824586,-0.11044661700725553,0.5000777542591095,0.42031073570251454,-0.1038427802343611,0.2304723214184814,0.21517359890226587,0.94329184687912,0.19934101359701822,0.0885422355747707,0.1719934516432742,-0.1073786541819573,0.35588356852531433,0.40497091412544256,-0.08728222632025288,0.16251657494076172,0.2069486159384553,0.9608030215394109
14.166667,425,2,0.20049924415352563,0.09173530087808998,0.14961317921392522,-0.11044661700725555,0.4601942002773285,0.4157087802886963,-0.09957723881557162,0.21173288667305104,0.21293340030883734,0.948637404514433,0.19788612621523435,0.08603157985445134,0.17680196637281367,-0.10737865418195722,0.3374757766723633,0.3973010182380675,-0.08495530127027091,0.15395845320853987,0.20309835144963967,0.963239560602735
14.2,426,2,0.19915974390591262,0.09075977934658955,0.1563157580668003,-0.1104466170072555,0.43104860186576843,0.41417482495307917,-0.09667098402626907,0.1978850831703208,0.21209914256959744,0.9521082755796789,0.1963851945111906,0.0827989340836253,0.18126440432165736,-0.10737865418195724,0.3236699402332308,0.38656315207481395,-0.08288134499386847,0.14772823169976793,0.19778314291343474,0.9654992908284038
14.233334,427,2,0.19763945207940276,0.08971052184761866,0.16296839202516425,-0.11044661700725564,0.4019029438495638,0.41264083981513977,-0.09376552586827187,0.18399088798968197,0.21121478453409726,0.955376205528288,0.19355013638292567,0.07909990246039382,0.18695736704986293,-0.10737865418195722,0.30833014845848106,0.37582528591155995,-0.08073771883001318,0.14072870441715674,0.19242242234940862,0.9678070385610864
14.266666,428,2,0.19641507869177532,0.08578836693706675,0.17042629200740628,-0.10891263931989673,0.3712233603000643,0.3988350033760071,-0.0889387783573675,0.1700250751948444,0.2042529271769895,0.9599281792139024,0.19117902186889657,0.0763804563041881,0.1908556031646352,-0.10737865418195727,0.2991262674331665,0.3681553900241853,-0.07940272429968695,0.13656478028584304,0.18859678328777144,0.9692659704605195
14.3,429,2,0.19532589183055615,0.0819999510956723,0.17435510774257235,-0.1089126393198967,0.3604854643344879,0.38502916693687445,-0.0868065856875683,0.1654506339865773,0.19752634814322662,0.9623274111153164,0.18864724849213835,0.07365237971006108,0.19447900045120953,-0.10584467649459842,0.29145634174346946,0.3604854941368103,-0.07748473819483978,0.1332781277354175,0.18467688200962387,0.9706325284397913
14.333333,430,2,0.19349485993320054,0.07799450528777235,0.17717934249931683,-0.10891263931989673,0.3574174940586088,0.3712233603000641,-0.08539895232137555,0.16456193315412987,0.19084856125472058,0.9639518741960048,0.1854614851542966,0.06971470600859209,0.1990773626613425,-0.10584467649459839,0.2807184755802157,0.34821364283561707,-0.0757861109045429,0.12851761876108872,0.17857325987693667,0.9725488563146162
14.366667,431,2,0.19023837699324192,0.07425272932238901,0.18219724239826832,-0.1089126393198967,0.34821364283561707,0.36048549413681036,-0.08374647756832007,0.1605596786886565,0.185572409049934,0.9658001853767155,0.18324048831921153,0.06656042530590793,0.20202478460425424,-0.10584467649459843,0.2745825648307798,0.3374757766723633,-0.0746076020911476,0.12592779248652383,0.17326191520176557,0.9739385019241699
14.4,432,2,0.18756778924640333,0.07220579770259643,0.18649057312860698,-0.10891263931989666,0.33594182133674644,0.3558835387229919,-0.0823641124009366,0.1547998146749867,0.18321031476287505,0.9673092323189539,0.18112716487411593,0.06285807171896282,0.2044721705055837,-0.10584467649459837,0.26998060941696167,0.3236699402332305,-0.07338605534962374,0.12419038800435704,0.16646605715910934,0.9754385097080438
14.433333,433,2,0.18475944989910464,0.070480172076699,0.19018576893722836,-0.10891263931989671,0.3267379403114321,0.3528155684471131,-0.08137184664335408,0.15045686747339815,0.18161603342152982,0.9683785262014913,0.17830468321462586,0.05774398756495333,0.2082441467770329,-0.10584467649459843,0.2607767581939695,0.3037281930446625,-0.0714868789285755,0.12040839600460006,0.15658543188095736,0.9776872950157963
14.466666,434,2,0.18152961777224375,0.0659606395123937,0.194609861164464,-0.10891263931989671,0.31753402948379517,0.3374757766723633,-0.07949336603129133,0.14659856813414962,0.1740634329651285,0.970510992149201,0.17611386452646144,0.05298890008064851,0.21139687110933944,-0.10584467649459842,0.2515729069709778,0.28378644585609425,-0.0696689935613482,0.11659876162223239,0.1466734173382214,0.9798152217487941
14.5,435,2,0.1796825054891741,0.06204917007758745,0.19781257194090082,-0.10891263931989674,0.308330178260803,0.32213595509529114,-0.07767724238772118,0.14271748067368198,0.16648527003112434,0.9725639421590027,0.17392241648081813,0.0483748711579219,0.2141609526095434,-0.1058446764945984,0.24390292167663574,0.26384469866752625,-0.0680279156784988,0.11351706039035779,0.136759355475597,0.9817244819085801
14.533334,436,2,0.17815549267035952,0.05706180886027199,0.2004558232620435,-0.10891263931989667,0.3021942377090454,0.30066022276878357,-0.0757119567175302,0.14054586370421096,0.15593918069345716,0.9747807608535848,0.1706881492373019,0.04245584204917941,0.21761199967018674,-0.10584467649459842,0.23316508531570435,0.23776702582836154,-0.06594423404196813,0.10910464825271785,0.12374321318403063,0.984091027759709
14.566667,437,2,0.17549598756305138,0.05033683031053496,0.20422320412195252,-0.10737865418195727,0.29299038648605347,0.2715145945549011,-0.07232772267567623,0.1372352372427719,0.14145937286056082,0.9777138824939366,0.1682200721301455,0.03751773018930196,0.21981468837813212,-0.10584467649459837,0.22549521923065186,0.21475730836391443,-0.0643000119566876,0.10607110086148895,0.11226003758528899,0.9859067471042843
14.6,438,2,0.1733626554377211,0.04610765708949577,0.20733416990872294,-0.10737865418195729,0.2822524309158323,0.25310683250427246,-0.0704328540720937,0.13262644025982678,0.13226886041154706,0.9797726210589355,0.16557539639758428,0.03298790732399488,0.22115992427540926,-0.10584467649459839,0.21935921907424905,0.19328157603740692,-0.06288148548123311,0.10372311036771974,0.10153950881057874,0.9874093190312848
14.633333,439,2,0.1710411082791611,0.04136184602167392,0.21065188198794094,-0.10891263931989667,0.26998060941696167,0.23163110017776492,-0.06910159591023977,0.12724849803466487,0.12161188637133265,0.9819589290208557,0.16207894725605776,0.027367888915371806,0.2210567756287986,-0.1058446764945984,0.2208932638168335,0.16566991806030273,-0.06150210484095604,0.10534040128179137,0.08793148977900582,0.9886298316676307
14.666667,440,2,0.16725648383242492,0.035308442595468184,0.21476123102424993,-0.10891263931989671,0.25617480278015137,0.2040194422006607,-0.06669148297389887,0.12138773659282154,0.107765493350342,0.9844815193524821,0.15911494601612325,0.02312933016660188,0.22071141669895614,-0.10431069135665895,0.22242724895477295,0.1441942006349564,-0.059658906193332924,0.10681357343177264,0.07726307070223905,0.9894756658696621
14.7,441,2,0.16425949824017466,0.030225579039129473,0.2162713201757338,-0.10737865418195724,0.25003892183303833,0.17947575449943542,-0.06418912759549918,0.11924169727517255,0.09545451547777531,0.9861792986087103,0.1565242828428775,0.019089622408254587,0.2189966808578382,-0.10431069135665894,0.2285630702972412,0.12271846085786817,-0.058677256152319134,0.11048767252225149,0.06677144336739789,0.9898944530512762
14.733334,442,2,0.16117089105047067,0.025589888326033393,0.21609862873306518,-0.10737865418195719,0.25157278776168823,0.15646603703498835,-0.06286730099841648,0.12073016877325506,0.0841358173630792,0.9871135157872181,0.15293855197378864,0.013556732661853506,0.21493006217559302,-0.10584467649459839,0.24543690681457542,0.0920388475060463,-0.05806763710635224,0.1196947088679984,0.05206167378957496,0.9897428495887799
14.766666,443,2,0.15762415956957138,0.02001430051325491,0.2135517402788405,-0.10737865418195722,0.26077669858932495,0.12732040882110596,-0.06135977448816819,0.12618392073513354,0.06994946589775107,0.9876333674209727,0.15043259710425572,0.00983278579212456,0.21111251889484084,-0.1058446764945984,0.2607767581939695,0.07056311517953874,-0.056995882712903574,0.1279063135311401,0.04179927534063991,0.9892645070423015
14.8,444,2,0.1549756838511716,0.01631800914562715,0.21123397129700616,-0.10737865418195724,0.26998060941696167,0.10737865418195724,-0.06031038885401592,0.13133956488916573,0.06031038885401592,0.9876614970156927,0.14762333491914853,0.006456174993227584,0.2067617640432652,-0.10584467649459842,0.27765053510665916,0.05062136426568032,-0.055869151727735225,0.13681592629167436,0.03234702481460273,0.9884906222032751
14.833333,445,2,0.15219859763242313,0.012731086823116175,0.20775845747109487,-0.10737865418195726,0.28225255012512207,0.08743690699338912,-0.05921780542755758,0.13799937541355803,0.05074868649901266,0.9873570755934434,0.14348266336943932,0.0022069485613073125,0.20181228001708773,-0.1058446764945984,0.29452431201934814,0.024543693289160742,-0.05411924847611424,0.1458719007752176,0.019882833884245492,0.987621976479532
14.866667,446,2,0.14873866058875362,0.007989160929586606,0.20197186542975676,-0.10737865418195726,0.3067960739135742,0.059825249016284957,-0.057572969778370675,0.15092258786069151,0.037710347227759226,0.9861468731057725,0.1405557261077397,-0.000426734539207359,0.19718037510925168,-0.10584467649459839,0.3098641633987427,0.007669903803616769,-0.052854599223895515,0.15389538470817832,0.011946435659136959,0.9866001644949413
14.9,447,2,0.1458434790553159,0.0041942320778670435,0.19820704115302779,-0.10737865418195723,0.31906795501708984,0.03681553900241853,-0.05589295557792772,0.1576271148221898,0.02667024904052831,0.9855548528649799,0.1376026018868381,-0.0020477288840866203,0.1928926393214288,-0.10584467649459839,0.32213592529296897,-0.003067961661145098,-0.05196723600380361,0.16022781159474994,0.00697130772129738,0.9856864895301838
14.933333,448,2,0.14272605067651267,0.0010073946506092694,0.19386887427062946,-0.10737865418195724,0.3344078063964846,0.016873788088560097,-0.054315338095024,0.16573374474231,0.01723783152559922,0.9845227407559508,0.13360353255091217,-0.004258047134747384,0.18750143073949677,-0.10584467649459839,0.33594179153442383,-0.018407769501209266,-0.05061439963806757,0.16742101658992048,-0.0002183508129933699,0.9845853635293377
14.966666,449,2,0.1385498558106283,-0.002050373862256281,0.18826641654171938,-0.10737865418195722,0.3512815833091736,-0.003067961661145098,-0.05257018902448261,0.17456816729460345,0.007868904250876187,0.9832092404667605,0.13063550814775854,-0.005510342108974643,0.18349556241855852,-0.10584467649459836,0.3466796874999998,-0.02761165425181388,-0.049722235815354725,0.17293454104736272,-0.00445691540008937,0.9836673623148106
15.0,450,2,0.13536385602737105,-0.0031652567710517667,0.18440986467365117,-0.10737865418195727,0.36048543453216575,-0.010737865231931217,-0.0518323499550799,0.17929091872123354,0.004345715072880007,0.9824201182400204,0.12796993086805172,-0.006719898440805737,0.17882499347457478,-0.10584467649459839,0.3604854345321653,-0.03681553900241852,-0.048736766010564106,0.1799449479538794,-0.008601925330743448,0.9824309391633141
15.033334,451,2,0.1319314440030258,-0.004227003024511823,0.18113087508758582,-0.10737865418195724,0.36662137508392334,-0.01840776950120926,-0.05108690525059384,0.18250104637541692,0.0007451740919266644,0.9818772534789506,0.12431956114389889,-0.008461928475730612,0.17282406759981458,-0.10431069135665894,0.38042712211608865,-0.05062136426568031,-0.04639661533471618,0.19004659267187965,-0.01496441769686968,0.9805639769552442
15.066667,452,2,0.12796060052921768,-0.00564999132510789,0.1754705688418598,-0.10737865418195724,0.3819611668586729,-0.029145635664463036,-0.049920108958361485,0.19029587890340036,-0.004101316488945531,0.9804481834329773,0.1218332457718555,-0.00956540570215958,0.16751484851795728,-0.10431069135665895,0.4003689885139463,-0.059825249016284957,-0.045128617543514556,0.20001894367273437,-0.018909279334577804,0.9785695014692117
15.1,453,2,0.1252201941768631,-0.007038109237213187,0.17099222171790854,-0.10584467649459839,0.3973010778427126,-0.039883501827716834,-0.04791736430706909,0.19806516564584178,-0.009083814888939931,0.9789747701869607,0.11931646509360962,-0.010420944977345303,0.16294980354873756,-0.10431069135665892,0.41724276542663574,-0.0674951523542404,-0.043993633531908834,0.2084328229735064,-0.022173766772731182,0.9767950873049391
15.133333,454,2,0.1227209965456603,-0.008380680006909832,0.1658901865483695,-0.10584467649459842,0.4157088398933415,-0.05062136426568032,-0.0465272194980069,0.20731597309841568,-0.013816067112078485,0.9770693022675494,0.11655033231391121,-0.011022745618782926,0.15712300348466918,-0.10431069135665894,0.4371844530105591,-0.07363107800483704,-0.042885679721095214,0.21828710596988574,-0.02458509898306345,0.9746317923965667
15.166667,455,2,0.11962110512479143,-0.010037696828978452,0.159402618332782,-0.10584467649459837,0.4387184977531433,-0.0644271895289421,-0.04460447854304483,0.2188497760778191,-0.01988743274650006,0.974535636097185,0.11457827642123093,-0.011460243579654087,0.1524630999771781,-0.10431069135665894,0.45405840873718306,-0.0782330185174942,-0.04196483186044255,0.22659232448788091,-0.026326190396608974,0.9727290491546478
15.2,456,2,0.117458637268647,-0.010493629124752032,0.15497010668785585,-0.10584467649459836,0.4525243043899536,-0.06902913749217984,-0.043788164884827924,0.22566786827799182,-0.021721288724930583,0.9729772841433731,0.11286566800924035,-0.011901216190455479,0.14831434573178495,-0.10584467649459836,0.4678640365600586,-0.08283495903015134,-0.04182814343509686,0.23341177609725844,-0.02797007961866441,0.9710751895924546
15.233334,457,2,0.11539003373139059,-0.010741422041595932,0.1503557953359366,-0.10584467649459839,0.47093212604522705,-0.07209710031747818,-0.043008150255597476,0.23467209159445301,-0.02266435683000616,0.9708581952930916,0.11076552231947584,-0.01267083406900797,0.14328869046143805,-0.10584467649459837,0.4816700220108032,-0.09050486981868743,-0.040543845154508755,0.24025972745008753,-0.031266016276549825,0.969357465650258
15.266666,458,2,0.11276530100156915,-0.01093476284278235,0.14526602641766745,-0.1058446764945984,0.48627185821533203,-0.0751650556921959,-0.0422724412063097,0.24216977571574475,-0.023691516394598995,0.9690229886309042,0.10947459688250014,-0.012927664737565792,0.13926620224219033,-0.10584467649459837,0.4939417839050293,-0.09357282519340514,-0.039818861254143176,0.24625739630672733,-0.03236912557031801,0.9678450251783433
15.3,459,2,0.11116972503288067,-0.011760410624155,0.14056820168465795,-0.10584467649459837,0.5031458139419556,-0.08283495903015135,-0.040896015599057235,0.2504872868480701,-0.02688973729598411,0.9668818837188786,0.10844512515109059,-0.013016538444347803,0.13556911617055667,-0.10584467649459839,0.5031455755233765,-0.09510681033134458,-0.039358291066892905,0.25073338973813547,-0.032821916737072625,0.9666987193414619
15.333333,460,2,0.10986929466878115,-0.012401978917613068,0.13673055991073801,-0.10584467649459837,0.5138834714889526,-0.08897088468074794,-0.03982522001069614,0.2557922067250467,-0.029521398772206546,0.9654598830838923,0.1073307951443509,-0.013094055783358288,0.13025718863045255,-0.1058446764945984,0.5169515609741211,-0.09664078801870347,-0.038751771739852975,0.25742163345603725,-0.03312643033886422,0.9649533887338042
15.366667,461,2,0.10836860609724748,-0.0128238709430579,0.1320175304904677,-0.1058446764945984,0.5261553525924683,-0.09357282519340514,-0.038876251573375514,0.26179416871282035,-0.0313558152531462,0.9638305157761802,0.10691857565252932,-0.013237333453542704,0.12594662556120056,-0.10584467649459839,0.5276894569396973,-0.09817477315664289,-0.0382269256984918,0.2626210672256689,-0.0335245632724583,0.9635584989289875
15.4,462,2,0.10769771826900379,-0.013129626328623188,0.12794931413433958,-0.10584467649459837,0.5414953231811523,-0.09664078801870345,-0.03801087932888142,0.26922771719727695,-0.03234579948468988,0.9617823863021638,0.10661356738632138,-0.013207292760526993,0.12146052609902423,-0.10584467649459844,0.5399610996246342,-0.09817477315664297,-0.037851419500353846,0.2685200026070682,-0.033132566084561235,0.961959724368105
15.433333,463,2,0.10785451932002972,-0.013329515861399837,0.12213460174407209,-0.1058446764945984,0.5675729513168339,-0.09817477315664293,-0.037001321615704,0.2817556210616808,-0.03224601310878896,0.9582300698879292,0.10671212651079894,-0.013399977798962685,0.11528099109123997,-0.10584467649459842,0.5568350553512573,-0.0997087508440018,-0.03712058942809207,0.27664325355482317,-0.03332759311056462,0.9596769475404573
15.466666,464,2,0.1075753091204291,-0.01330201605623935,0.11169648268423954,-0.1058446764945984,0.6181942224502568,-0.09817477315664293,-0.03542462415171572,0.3058794136509572,-0.030604840802658788,0.9509186211383707,0.10679056298443729,-0.0137742049430724,0.11073663940224891,-0.10584467649459837,0.5691068172454834,-0.10277671366930007,-0.03630379278120628,0.28257360354652367,-0.034400865093410574,0.9579409030254717
15.5,465,2,0.10727887654247271,-0.01345667575522228,0.10392705071007971,-0.10584467649459837,0.6550098657608032,-0.09970875084400173,-0.03401563902837847,0.32332806160304495,-0.03012384381506825,0.9451954585773855,0.10690312449557254,-0.01452002180659478,0.10671871885412036,-0.10584467649459837,0.5783107280731197,-0.10891263931989668,-0.035128014052396454,0.28708109898164497,-0.03703571525694961,0.9565452529972808
15.533334,466,2,0.10696250672537558,-0.01360845168508271,0.09683991053103405,-0.10584467649459839,0.6872234344482426,-0.10124272853136063,-0.03271898012235655,0.33850740277802555,-0.02977733950538869,0.9399231440156207,0.1071453139868532,-0.015467622052510021,0.10068510197841993,-0.10584467649459836,0.5951845645904541,-0.11658254265785215,-0.03342811606103663,0.2952575931062942,-0.04013530091187432,0.9539888219420609
15.566667,467,2,0.10656704551592933,-0.013934086643863008,0.08858202197368709,-0.10584467649459839,0.7209709882736206,-0.10431069135665894,-0.031067776219123187,0.35433615891043935,-0.030079541480445088,0.934117712578945,0.10741261556798531,-0.01605367800888551,0.09590906556804368,-0.1058446764945984,0.6089903116226201,-0.12118448317050935,-0.032241929892133696,0.30189828233828825,-0.04185843730278986,0.9518748637844106
15.6,468,2,0.10608104833206064,-0.014430131615812025,0.08272029054295144,-0.10584467649459837,0.7455147504806519,-0.10891263931989668,-0.029397340232986246,0.3658173094245501,-0.03138463005049563,0.9296926898223963,0.1076617370595684,-0.01645498973962087,0.09150039316186916,-0.10584467649459839,0.6212620735168461,-0.12425244599580768,-0.031318146620472116,0.307769771714638,-0.04289463319026435,0.9499773638116072
15.633333,469,2,0.10555113231871838,-0.014735480368890073,0.07760114995005717,-0.10584467649459837,0.7669904232025146,-0.1119805946946144,-0.02806911628164362,0.3757998976906424,-0.03206214038395912,0.9257205738023054,0.1079848316903512,-0.0164953429183124,0.08617394100250489,-0.10584467649459839,0.6366021633148198,-0.12425244599580768,-0.030740676991286593,0.3150316173341642,-0.04236245979025866,0.9476368042971194
15.666667,470,2,0.10450333663922881,-0.015518921235955324,0.06994502936552735,-0.1058446764945984,0.7992039918899541,-0.1196504980325699,-0.025414299659331462,0.3907255463300951,-0.034458888408435306,0.9195108731426342,0.10818305570698313,-0.016520100275451755,0.08250141111998584,-0.1058446764945984,0.647339940071106,-0.12425244599580769,-0.030335381006567096,0.32010377243235655,-0.04198846369110232,0.9459652786707455
15.7,471,2,0.10364057408322884,-0.01577350246284128,0.06449681921602117,-0.10584467649459839,0.8222137689590454,-0.12271846085786817,-0.023927960387225677,0.40128718972683164,-0.03503333746357963,0.9149692395589112,0.10819475354597756,-0.016521561287001545,0.07868123898535598,-0.10584467649459833,0.661145806312561,-0.12425244599580762,-0.029812997146162302,0.32661160845664877,-0.04150582928808391,0.9437760902659232
15.733334,472,2,0.10258624183691294,-0.01599877089179501,0.058707897874168705,-0.10584467649459836,0.8467574119567871,-0.12578642368316648,-0.022345681183986225,0.4124879797926049,-0.03553243364917989,0.9099954852734192,0.1083347692640691,-0.016352476206172126,0.07445939076850583,-0.10584467649459839,0.6749515533447261,-0.12271846085786817,-0.02954467673515306,0.33308126277716193,-0.04029905363868543,0.9415731361605496
15.766666,473,2,0.10136391269824858,-0.01584420241397684,0.05258637931201526,-0.10584467649459836,0.8728351593017583,-0.12578642368316648,-0.02131489031539014,0.42428227678119323,-0.03456563557666299,0.9046189484514411,0.10842091735097073,-0.016176470224345756,0.07074420849025288,-0.10584467649459839,0.6887574195861816,-0.12118448317050934,-0.029284872839266944,0.3395357029218343,-0.039093795492204986,0.9393240004482891
15.8,474,2,0.1005127849717897,-0.01556211528870122,0.04864339251366191,-0.10584467649459836,0.8897088766098022,-0.12425244599580762,-0.020977208314542674,0.43185955291740796,-0.03324581166811541,0.9010837914932401,0.10839892348017156,-0.015987267262590442,0.06743865228789853,-0.10584467649459839,0.7010293006896973,-0.11965049803256989,-0.029090505863629712,0.3452574293272494,-0.03794395239094638,0.9372893397664838
15.833333,475,2,0.0997476024267393,-0.015466547163978002,0.04542872722085019,-0.10584467649459839,0.9035147428512578,-0.12425244599580765,-0.0204335590643837,0.4380498240742692,-0.03273187944369072,0.8981221773013668,0.10856764669907934,-0.015634196566533788,0.06427811058868682,-0.10584467649459839,0.7102330923080444,-0.11658254265785217,-0.029284884540159636,0.3495125595581867,-0.03618557121902269,0.9357745298329654
15.866667,476,2,0.09851644032917098,-0.014970290986140947,0.04045015816292154,-0.10584467649459837,0.9249904155731206,-0.12118448317050932,-0.020272605673050555,0.447606913566101,-0.030558800301184484,0.8934781654361826,0.10867014428234334,-0.015459469145551043,0.061898145360233706,-0.10584467649459842,0.7163690328598022,-0.11504855751991272,-0.029331327903522695,0.3523528706079167,-0.03525450778492405,0.9347428777255377
15.9,477,2,0.09784210762085407,-0.014548050429324081,0.03839974361910187,-0.10584467649459842,0.9357283115386963,-0.11811652034521106,-0.02054919826436201,0.4523511404193126,-0.028792846928017698,0.8911381195851846,0.10877024510309531,-0.015471036682307183,0.05988723118717962,-0.10584467649459839,0.7209709882736206,-0.11504855751991272,-0.02916493046301844,0.35449785198459655,-0.03509429934837333,0.9339427551636349
15.933333,478,2,0.09781419790772089,-0.01437482139284714,0.03780271331686509,-0.10584467649459839,0.9372622966766357,-0.11658254265785215,-0.02083804233023006,0.4530164943674546,-0.028053063548797347,0.8908169606874313,0.1089186476256376,-0.01548818590867035,0.05714817561750298,-0.1058446764945984,0.7271068096160889,-0.1150485575199127,-0.02894283148013661,0.3573548501149492,-0.03488040337270737,0.9328682549351713
15.966666,479,2,0.09783612034142586,-0.014207501687021517,0.037802713316865105,-0.10584467649459835,0.9372622966766357,-0.11504855751991265,-0.021185496451686964,0.45300037849568076,-0.027369805375133942,0.8908382151527813,0.10901311630059397,-0.015499102601077598,0.05568934671700732,-0.10584467649459842,0.7301747798919678,-0.11504855751991272,-0.028831677543314557,0.35878211728722115,-0.03477333006662853,0.9323277010799444
16.0,480,2,0.09783612034142586,-0.014207501687021517,0.037802713316865105,-0.10584467649459835,0.9372622966766357,-0.11504855751991265,-0.021185496451686964,0.45300037849568076,-0.027369805375133942,0.8908382151527813,0.10881638803850675,-0.015476368907331908,0.05390329984001132,-0.10584467649459839,0.737844705581665,-0.11504855751991272,-0.028553496455840585,0.3623465842658058,-0.03450528936663168,0.930966721057619
16.033333,481,2,0.09783612034142586,-0.014207501687021517,0.037802713316865105,-0.10584467649459835,0.9372622966766357,-0.11504855751991265,-0.021185496451686964,0.45300037849568076,-0.027369805375133942,0.8908382151527813,0.10883271226043532,-0.01547825531581244,0.052808154675952054,-0.10584467649459842,0.740912675857544,-0.11504855751991272,-0.02844210621000371,0.36377088186943934,-0.034397930774978755,0.930418494257648
16.066668,482,2,0.09783612034142586,-0.014207501687021517,0.037802713316865105,-0.10584467649459835,0.9372622966766357,-0.11504855751991265,-0.021185496451686964,0.45300037849568076,-0.027369805375133942,0.8908382151527813,0.10870705698435594,-0.015463993874249442,0.05266974120749779,-0.10431069135665898,0.7424466609954838,-0.11504855751991273,-0.027672964494920013,0.36445626091502087,-0.03462376651068494,0.9301650583141244
16.1,483,2,0.09783612034142586,-0.014207501687021517,0.037802713316865105,-0.10584467649459835,0.9372622966766357,-0.11504855751991265,-0.021185496451686964,0.45300037849568076,-0.027369805375133942,0.8908382151527813,0.10873063726191269,-0.015279964303497911,0.05266974120749778,-0.10431069135665895,0.7424466609954834,-0.11351457983255388,-0.027952490214030845,0.36443492886238193,-0.033910330174031965,0.9301913407591973
16.133333,484,2,0.09783612034142586,-0.014207501687021517,0.037802713316865105,-0.10584467649459835,0.9372622966766357,-0.11504855751991265,-0.021185496451686964,0.45300037849568076,-0.027369805375133942,0.8908382151527813,0.10886790404734842,-0.014735120238586063,0.05285531286793509,-0.10431069135665895,0.7409126758575444,-0.10891263931989671,-0.028844294514277884,0.3636576103777927,-0.03182221950127708,0.9305420438831872
16.166666,485,2,0.09783612034142586,-0.014207501687021517,0.037802713316865105,-0.10584467649459835,0.9372622966766357,-0.11504855751991265,-0.021185496451686964,0.45300037849568076,-0.027369805375133942,0.8908382151527813,0.1087634274530647,-0.01397794522806447,0.05253332034268211,-0.10431069135665891,0.7439806461334229,-0.10277671366930008,-0.029857546736649986,0.36499158394759285,-0.028864237902114974,0.9300841501287
16.2,486,2,0.09785778597888928,-0.014040149362298778,0.03780271331686509,-0.10584467649459836,0.9372622966766357,-0.11351457983255384,-0.021532936422694552,0.4529839962141606,-0.026686534419136078,0.8908589454585736,0.10874243902635822,-0.013045159179508617,0.05239709142276325,-0.10431069135665892,0.7455146312713623,-0.09510681033134459,-0.03120860328009451,0.365586356248753,-0.025246757514380384,0.929911415373032
16.233334,487,2,0.097900347085186,-0.013705345180409815,0.03780271331686509,-0.10584467649459837,0.9372622966766357,-0.11044661700725554,-0.022227779846038374,0.4529504321448987,-0.02531994249343035,0.890898833950856,0.10828189587334308,-0.012075621288369452,0.05190306076823538,-0.10431069135665894,0.7516505718231206,-0.0874369069933891,-0.032427325271191465,0.3683103856394304,-0.021482735839406616,0.9288888095282151
16.266666,488,2,0.097834131483554,-0.013019832019495468,0.03769307284645872,-0.1058446764945984,0.9387962818145752,-0.10431069135665895,-0.023563377272390478,0.4535614318221049,-0.022532393398002032,0.8906284781337046,0.10746841278011973,-0.011269822734390294,0.05096029219475651,-0.10431069135665894,0.7623884677886963,-0.08130098134279248,-0.03325131864299905,0.3731829719836137,-0.018292457987252958,0.926981232394035
16.3,489,2,0.09720488119658983,-0.01194427977422581,0.03714830753447203,-0.10584467649459839,0.9464662075042725,-0.0951068103313446,-0.025396182903950296,0.45685201399140274,-0.018170353939771646,0.8889944372399704,0.10656757383940964,-0.011014317383475088,0.05043823482813667,-0.10431069135665895,0.7715922594070435,-0.07976700365543367,-0.03327791256769538,0.37741220946182963,-0.01729060459063578,0.9252857070533227
16.333334,490,2,0.09639385939248776,-0.011033252662630194,0.03650218440091958,-0.10584467649459837,0.9556701183319096,-0.08743690699338912,-0.02685809667157176,0.4608281161956001,-0.01445281234005197,0.8869651662733201,0.10542226952670058,-0.010922507386408622,0.04948096048708142,-0.10584467649459842,0.7838641405105595,-0.07976700365543368,-0.03363855426060606,0.3830858195556565,-0.016608393531082094,0.9229506291167171
16.366667,491,2,0.09494664616019771,-0.010249283582208345,0.035443874872377476,-0.10584467649459836,0.9710098505020142,-0.08130098134279248,-0.027808128237034435,0.46751797717317917,-0.011228119483600512,0.8834747185724748,0.10473028429242498,-0.010867192429027948,0.049102781109853624,-0.10584467649459837,0.7900000810623169,-0.07976700365543364,-0.03346356065218578,0.38591065388251866,-0.01641179129744619,0.9217829519115948
16.4,492,2,0.09375543439317456,-0.009827619972592645,0.03461406268481397,-0.10584467649459836,0.9832817316055298,-0.07823301851749417,-0.028161446054525377,0.47287513699397027,-0.009474021161920466,0.8806283442474898,0.10403444273541233,-0.010811569210260646,0.048727018654131954,-0.10584467649459839,0.7961361408233643,-0.07976700365543365,-0.03328824866125079,0.38873191062569545,-0.016215030764818558,0.9206065755466115
16.433332,493,2,0.09250816877528667,-0.009890197884281741,0.033799356775570444,-0.10584467649459839,0.9955536127090454,-0.07976700365543365,-0.02742974447294162,0.4782788795136707,-0.009748024292173836,0.8777254118183522,0.10305100722880926,-0.010732956704617604,0.047872606563074946,-0.10584467649459837,0.80687403678894,-0.07976700365543364,-0.03298070569183375,0.3936601937307077,-0.015870340385650765,0.9185271129476874
16.466667,494,2,0.09109519333542355,-0.00993546495177014,0.032901029701418574,-0.10584467649459836,1.009359359741211,-0.08130098134279248,-0.02664191743718507,0.4843329371722701,-0.009966656360467304,0.8744212257066639,0.10251914112606944,-0.010690179127109813,0.04736315051480143,-0.10737865418195727,0.8130099773406982,-0.07976700365543368,-0.0335081092677352,0.3964831743508108,-0.015369074800688944,0.9173015265493548
16.5,495,2,0.09032841947300072,-0.009715956103121884,0.03241034623907954,-0.10584467649459837,1.0170292854309082,-0.07976700365543364,-0.026781518645194836,0.4876543701749303,-0.009044652709471152,0.872579027805341,0.10211686223332016,-0.010658022314066155,0.04698195327303456,-0.10737865418195724,0.8176119327545166,-0.07976700365543365,-0.03337508717304807,0.39858891978318595,-0.015219483787342109,0.9163958445429089
16.533333,496,2,0.089227514017789,-0.009627953447402013,0.031733527154800587,-0.10584467649459837,1.0277671813964844,-0.07976700365543364,-0.026456241272205267,0.49232112372136244,-0.008692568821319089,0.8699680555530579,0.10184770666139732,-0.010636506928690531,0.046728855284435294,-0.10737865418195723,0.8206799030303955,-0.07976700365543364,-0.03328630756403931,0.399991578355028,-0.015119711629816544,0.9157893607670035
16.566668,497,2,0.08859519293409043,-0.009577407840265898,0.03135211036126742,-0.10584467649459836,1.0339031219482422,-0.07976700365543363,-0.026270025486646604,0.4949814769875353,-0.008491264876943986,0.8684648073589157,0.10184770666139732,-0.010636506928690531,0.046728855284435294,-0.10737865418195723,0.8206799030303955,-0.07976700365543364,-0.03328630756403931,0.399991578355028,-0.015119711629816544,0.9157893607670035
16.6,498,2,0.08859730414180345,-0.009577314601537195,0.03135335856456285,-0.10737865418195727,1.0339031219482426,-0.07976700365543368,-0.02693612051275249,0.49498784410048974,-0.008111617145902939,0.868444403097717,0.10184590608693322,-0.010636624998389712,0.04672719158552019,-0.10584467649459837,0.8206799030303955,-0.07976700365543364,-0.03258389761933876,0.39997986405413094,-0.015426496230650922,0.9158146216244951
16.633333,499,2,0.08859730414180345,-0.009577314601537195,0.03135335856456285,-0.10737865418195727,1.0339031219482426,-0.07976700365543368,-0.02693612051275249,0.49498784410048974,-0.008111617145902939,0.868444403097717,0.10184590608693322,-0.010636624998389712,0.04672719158552019,-0.10584467649459837,0.8206799030303955,-0.07976700365543364,-0.03258389761933876,0.39997986405413094,-0.015426496230650922,0.9158146216244951
16.666666,500,2,0.08859730414180345,-0.009577314601537195,0.03135335856456285,-0.10737865418195727,1.0339031219482426,-0.07976700365543368,-0.02693612051275249,0.49498784410048974,-0.008111617145902939,0.868444403097717,0.10184590608693322,-0.010636624998389712,0.04672719158552019,-0.10584467649459837,0.8206799030303955,-0.07976700365543364,-0.03258389761933876,0.39997986405413094,-0.015426496230650922,0.9158146216244951
16.7,501,2,0.08859941531241819,-0.0095772176033477,0.031354606567542895,-0.10891263931989667,1.0339031219482422,-0.07976700365543363,-0.027602202928226325,0.4949939200548294,-0.007731962799029758,0.8684234878522902,0.10184770666139732,-0.010636506928690531,0.046728855284435294,-0.10737865418195723,0.8206799030303955,-0.07976700365543364,-0.03328630756403931,0.399991578355028,-0.015119711629816544,0.9157893607670035
16.733334,502,2,0.08859730414180345,-0.009577314601537195,0.03135335856456285,-0.10737865418195727,1.0339031219482426,-0.07976700365543368,-0.02693612051275249,0.49498784410048974,-0.008111617145902939,0.868444403097717,0.10184770666139732,-0.010636506928690531,0.046728855284435294,-0.10737865418195723,0.8206799030303955,-0.07976700365543364,-0.03328630756403931,0.399991578355028,-0.015119711629816544,0.9157893607670035
16.766666,503,2,0.08859730414180345,-0.009577314601537195,0.03135335856456285,-0.10737865418195727,1.0339031219482426,-0.07976700365543368,-0.02693612051275249,0.49498784410048974,-0.008111617145902939,0.868444403097717,0.10184770666139732,-0.010636506928690531,0.046728855284435294,-0.10737865418195723,0.8206799030303955,-0.07976700365543364,-0.03328630756403931,0.399991578355028,-0.015119711629816544,0.9157893607670035
16.8,504,2,0.08859730414180345,-0.009577314601537195,0.03135335856456285,-0.10737865418195727,1.0339031219482426,-0.07976700365543368,-0.02693612051275249,0.49498784410048974,-0.008111617145902939,0.868444403097717,0.10184770666139732,-0.010636506928690531,0.046728855284435294,-0.10737865418195723,0.8206799030303955,-0.07976700365543364,-0.03328630756403931,0.399991578355028,-0.015119711629816544,0.9157893607670035
16.833334,505,2,0.08859730414180345,-0.009577314601537195,0.03135335856456285,-0.10737865418195727,1.0339031219482426,-0.07976700365543368,-0.02693612051275249,0.49498784410048974,-0.008111617145902939,0.868444403097717,0.10184770666139732,-0.010636506928690531,0.046728855284435294,-0.10737865418195723,0.8206799030303955,-0.07976700365543364,-0.03328630756403931,0.399991578355028,-0.015119711629816544,0.9157893607670035
16.866667,506,2,0.08859730414180345,-0.009577314601537195,0.03135335856456285,-0.10737865418195727,1.0339031219482426,-0.07976700365543368,-0.02693612051275249,0.49498784410048974,-0.008111617145902939,0.868444403097717,0.10184770666139732,-0.010636506928690531,0.046728855284435294,-0.10737865418195723,0.8206799030303955,-0.07976700365543364,-0.03328630756403931,0.399991578355028,-0.015119711629816544,0.9157893607670035
16.9,507,2,0.08859730414180345,-0.009577314601537195,0.03135335856456285,-0.10737865418195727,1.0339031219482426,-0.07976700365543368,-0.02693612051275249,0.49498784410048974,-0.008111617145902939,0.868444403097717,0.10188391092489778,-0.010639400974969744,0.04708332849829036,-0.10737865418195723,0.8191459178924565,-0.07976700365543364,-0.033330707172397424,0.3992903665158908,-0.015169602170547684,0.9160928721134015
16.933332,508,2,0.08859730414180345,-0.009577314601537195,0.03135335856456285,-0.10737865418195727,1.0339031219482426,-0.07976700365543368,-0.02693612051275249,0.49498784410048974,-0.008111617145902939,0.868444403097717,0.10184770666139732,-0.010636506928690531,0.046728855284435294,-0.10737865418195723,0.8206799030303955,-0.07976700365543364,-0.03328630756403931,0.399991578355028,-0.015119711629816544,0.9157893607670035
16.966667,509,2,0.08859730414180345,-0.009577314601537195,0.03135335856456285,-0.10737865418195727,1.0339031219482426,-0.07976700365543368,-0.02693612051275249,0.49498784410048974,-0.008111617145902939,0.868444403097717,0.10183125743911978,-0.010809983704847766,0.046728855284435294,-0.10737865418195722,0.8206799030303955,-0.08130098134279248,-0.03297950872525552,0.40001699092717946,-0.015822107336567675,0.9157774947514467
17.0,510,2,0.08859730414180345,-0.009577314601537195,0.03135335856456285,-0.10737865418195727,1.0339031219482426,-0.07976700365543368,-0.02693612051275249,0.49498784410048974,-0.008111617145902939,0.868444403097717,0.10183125743911978,-0.010809983704847766,0.046728855284435294,-0.10737865418195722,0.8206799030303955,-0.08130098134279248,-0.03297950872525552,0.40001699092717946,-0.015822107336567675,0.9157774947514467
17.033333,511,2,0.08858249528596068,-0.009730466810038151,0.03135335856456285,-0.10737865418195724,1.0339031219482422,-0.08130098134279248,-0.026556462472912584,0.4950083582086802,-0.008777701863209952,0.8684379261377709,0.10183125743911978,-0.010809983704847766,0.046728855284435294,-0.10737865418195722,0.8206799030303955,-0.08130098134279248,-0.03297950872525552,0.40001699092717946,-0.015822107336567675,0.9157774947514467
17.066668,512,2,0.08858249528596068,-0.009730466810038151,0.03135335856456285,-0.10737865418195724,1.0339031219482422,-0.08130098134279248,-0.026556462472912584,0.4950083582086802,-0.008777701863209952,0.8684379261377709,0.10175349934282307,-0.010803647929649288,0.046554676415502746,-0.10737865418195723,0.822213888168335,-0.08130098134279247,-0.03293455190724666,0.4007179331850401,-0.01577197471292644,0.9154734830284454
17.1,513,2,0.08858249528596068,-0.009730466810038151,0.03135335856456285,-0.10737865418195724,1.0339031219482422,-0.08130098134279248,-0.026556462472912584,0.4950083582086802,-0.008777701863209952,0.8684379261377709,0.10183125743911978,-0.010809983704847766,0.046728855284435294,-0.10737865418195722,0.8206799030303955,-0.08130098134279248,-0.03297950872525552,0.40001699092717946,-0.015822107336567675,0.9157774947514467
17.133333,514,2,0.08858249528596068,-0.009730466810038151,0.03135335856456285,-0.10737865418195724,1.0339031219482422,-0.08130098134279248,-0.026556462472912584,0.4950083582086802,-0.008777701863209952,0.8684379261377709,0.10175169604779635,-0.010803763030081395,0.04655301545738408,-0.10584467649459839,0.822213888168335,-0.08130098134279248,-0.03223238434068778,0.4007057183920371,-0.016079316227903366,0.91549847418621
17.166666,515,2,0.08858249528596068,-0.009730466810038151,0.03135335856456285,-0.10737865418195724,1.0339031219482422,-0.08130098134279248,-0.026556462472912584,0.4950083582086802,-0.008777701863209952,0.8684379261377709,0.10175349934282307,-0.010803647929649288,0.046554676415502746,-0.10737865418195723,0.822213888168335,-0.08130098134279247,-0.03293455190724666,0.4007179331850401,-0.01577197471292644,0.9154734830284454
17.2,516,2,0.08858249528596068,-0.009730466810038151,0.03135335856456285,-0.10737865418195724,1.0339031219482422,-0.08130098134279248,-0.026556462472912584,0.4950083582086802,-0.008777701863209952,0.8684379261377709,0.10179024104208008,-0.010806641664809862,0.04690909349836658,-0.10737865418195723,0.820679903030396,-0.0813009813427925,-0.03297950872525551,0.40001699092717957,-0.015822107336567665,0.9157774947514465
17.233334,517,2,0.08858249528596068,-0.009730466810038151,0.03135335856456285,-0.10737865418195724,1.0339031219482422,-0.08130098134279248,-0.026556462472912584,0.4950083582086802,-0.008777701863209952,0.8684379261377709,0.10179024104208008,-0.010806641664809862,0.04690909349836658,-0.10737865418195723,0.820679903030396,-0.0813009813427925,-0.03297950872525551,0.40001699092717957,-0.015822107336567665,0.9157774947514465
17.266666,518,2,0.08858249528596068,-0.009730466810038151,0.03135335856456285,-0.10737865418195724,1.0339031219482422,-0.08130098134279248,-0.026556462472912584,0.4950083582086802,-0.008777701863209952,0.8684379261377709,0.10179024104208008,-0.010806641664809862,0.04690909349836658,-0.10737865418195723,0.820679903030396,-0.0813009813427925,-0.03297950872525551,0.40001699092717957,-0.015822107336567665,0.9157774947514465
17.3,519,2,0.08858249528596068,-0.009730466810038151,0.03135335856456285,-0.10737865418195724,1.0339031219482422,-0.08130098134279248,-0.026556462472912584,0.4950083582086802,-0.008777701863209952,0.8684379261377709,0.10179024104208008,-0.010806641664809862,0.04690909349836658,-0.10737865418195723,0.820679903030396,-0.0813009813427925,-0.03297950872525551,0.40001699092717957,-0.015822107336567665,0.9157774947514465
17.333334,520,2,0.08858249528596068,-0.009730466810038151,0.03135335856456285,-0.10737865418195724,1.0339031219482422,-0.08130098134279248,-0.026556462472912584,0.4950083582086802,-0.008777701863209952,0.8684379261377709,0.10179024104208008,-0.010806641664809862,0.04690909349836658,-0.10737865418195723,0.820679903030396,-0.0813009813427925,-0.03297950872525551,0.40001699092717957,-0.015822107336567665,0.9157774947514465
17.366667,521,2,0.08858249528596068,-0.009730466810038151,0.03135335856456285,-0.10737865418195724,1.0339031219482422,-0.08130098134279248,-0.026556462472912584,0.4950083582086802,-0.008777701863209952,0.8684379261377709,0.10179024104208008,-0.010806641664809862,0.04690909349836658,-0.10737865418195723,0.820679903030396,-0.0813009813427925,-0.03297950872525551,0.40001699092717957,-0.015822107336567665,0.9157774947514465
17.4,522,2,0.08858249528596068,-0.009730466810038151,0.03135335856456285,-0.10737865418195724,1.0339031219482422,-0.08130098134279248,-0.026556462472912584,0.4950083582086802,-0.008777701863209952,0.8684379261377709,0.10180668518600239,-0.010633227810797879,0.04690909349836658,-0.10737865418195723,0.8206799030303955,-0.07976700365543361,-0.0332863075640393,0.39999157835502813,-0.015119711629816528,0.9157893607670033
17.433332,523,2,0.08858249528596068,-0.009730466810038151,0.03135335856456285,-0.10737865418195724,1.0339031219482422,-0.08130098134279248,-0.026556462472912584,0.4950083582086802,-0.008777701863209952,0.8684379261377709,0.10180668518600239,-0.010633227810797879,0.04690909349836658,-0.10737865418195723,0.8206799030303955,-0.07976700365543361,-0.0332863075640393,0.39999157835502813,-0.015119711629816528,0.9157893607670033
17.466667,524,2,0.08858249528596068,-0.009730466810038151,0.03135335856456285,-0.10737865418195724,1.0339031219482422,-0.08130098134279248,-0.026556462472912584,0.4950083582086802,-0.008777701863209952,0.8684379261377709,0.10180668518600239,-0.010633227810797879,0.04690909349836658,-0.10737865418195723,0.8206799030303955,-0.07976700365543361,-0.0332863075640393,0.39999157835502813,-0.015119711629816528,0.9157893607670033
17.5,525,2,0.08858249528596068,-0.009730466810038151,0.03135335856456285,-0.10737865418195724,1.0339031219482422,-0.08130098134279248,-0.026556462472912584,0.4950083582086802,-0.008777701863209952,0.8684379261377709,0.10180668518600239,-0.010633227810797879,0.04690909349836658,-0.10737865418195723,0.8206799030303955,-0.07976700365543361,-0.0332863075640393,0.39999157835502813,-0.015119711629816528,0.9157893607670033
17.533333,526,2,0.08859730414180345,-0.009577314601537195,0.03135335856456285,-0.10737865418195727,1.0339031219482426,-0.07976700365543368,-0.02693612051275249,0.49498784410048974,-0.008111617145902939,0.868444403097717,0.10180668518600239,-0.010633227810797879,0.04690909349836658,-0.10737865418195723,0.8206799030303955,-0.07976700365543361,-0.0332863075640393,0.39999157835502813,-0.015119711629816528,0.9157893607670033
17.566668,527,2,0.08859730414180345,-0.009577314601537195,0.03135335856456285,-0.10737865418195727,1.0339031219482426,-0.07976700365543368,-0.02693612051275249,0.49498784410048974,-0.008111617145902939,0.868444403097717,0.10180668518600239,-0.010633227810797879,0.04690909349836658,-0.10737865418195723,0.8206799030303955,-0.07976700365543361,-0.0332863075640393,0.39999157835502813,-0.015119711629816528,0.9157893607670033
17.6,528,2,0.08859730414180345,-0.009577314601537195,0.03135335856456285,-0.10737865418195727,1.0339031219482426,-0.07976700365543368,-0.02693612051275249,0.49498784410048974,-0.008111617145902939,0.868444403097717,0.10180668518600239,-0.010633227810797879,0.04690909349836658,-0.10737865418195723,0.8206799030303955,-0.07976700365543361,-0.0332863075640393,0.39999157835502813,-0.015119711629816528,0.9157893607670033
17.633333,529,2,0.08859730414180345,-0.009577314601537195,0.03135335856456285,-0.10737865418195727,1.0339031219482426,-0.07976700365543368,-0.02693612051275249,0.49498784410048974,-0.008111617145902939,0.868444403097717,0.10180668518600239,-0.010633227810797879,0.04690909349836658,-0.10737865418195723,0.8206799030303955,-0.07976700365543361,-0.0332863075640393,0.39999157835502813,-0.015119711629816528,0.9157893607670033
17.666666,530,2,0.08859730414180345,-0.009577314601537195,0.03135335856456285,-0.10737865418195727,1.0339031219482426,-0.07976700365543368,-0.02693612051275249,0.49498784410048974,-0.008111617145902939,0.868444403097717,0.10180668518600239,-0.010633227810797879,0.04690909349836658,-0.10737865418195723,0.8206799030303955,-0.07976700365543361,-0.0332863075640393,0.39999157835502813,-0.015119711629816528,0.9157893607670033
17.7,531,2,0.08859730414180345,-0.009577314601537195,0.03135335856456285,-0.10737865418195727,1.0339031219482426,-0.07976700365543368,-0.02693612051275249,0.49498784410048974,-0.008111617145902939,0.868444403097717,0.10180668518600239,-0.010633227810797879,0.04690909349836658,-0.10737865418195723,0.8206799030303955,-0.07976700365543361,-0.0332863075640393,0.39999157835502813,-0.015119711629816528,0.9157893607670033
17.733334,532,2,0.08859730414180345,-0.009577314601537195,0.03135335856456285,-0.10737865418195727,1.0339031219482426,-0.07976700365543368,-0.02693612051275249,0.49498784410048974,-0.008111617145902939,0.868444403097717,0.10180668518600239,-0.010633227810797879,0.04690909349836658,-0.10737865418195723,0.8206799030303955,-0.07976700365543361,-0.0332863075640393,0.39999157835502813,-0.015119711629816528,0.9157893607670033
17.766666,533,2,0.08859730414180345,-0.009577314601537195,0.03135335856456285,-0.10737865418195727,1.0339031219482426,-0.07976700365543368,-0.02693612051275249,0.49498784410048974,-0.008111617145902939,0.868444403097717,0.10180668518600239,-0.010633227810797879,0.04690909349836658,-0.10737865418195723,0.8206799030303955,-0.07976700365543361,-0.0332863075640393,0.39999157835502813,-0.015119711629816528,0.9157893607670033
17.8,534,2,0.08859730414180345,-0.009577314601537195,0.03135335856456285,-0.10737865418195727,1.0339031219482426,-0.07976700365543368,-0.02693612051275249,0.49498784410048974,-0.008111617145902939,0.868444403097717,0.10180668518600239,-0.010633227810797879,0.04690909349836658,-0.10737865418195723,0.8206799030303955,-0.07976700365543361,-0.0332863075640393,0.39999157835502813,-0.015119711629816528,0.9157893607670033
17.833334,535,2,0.08859730414180345,-0.009577314601537195,0.03135335856456285,-0.10737865418195727,1.0339031219482426,-0.07976700365543368,-0.02693612051275249,0.49498784410048974,-0.008111617145902939,0.868444403097717,0.10180668518600239,-0.010633227810797879,0.04690909349836658,-0.10737865418195723,0.8206799030303955,-0.07976700365543361,-0.0332863075640393,0.39999157835502813,-0.015119711629816528,0.9157893607670033
17.866667,536,2,0.08859730414180345,-0.009577314601537195,0.03135335856456285,-0.10737865418195727,1.0339031219482426,-0.07976700365543368,-0.02693612051275249,0.49498784410048974,-0.008111617145902939,0.868444403097717,0.10180668518600239,-0.010633227810797879,0.04690909349836658,-0.10737865418195723,0.8206799030303955,-0.07976700365543361,-0.0332863075640393,0.39999157835502813,-0.015119711629816528,0.9157893607670033
17.9,537,2,0.08859730414180345,-0.009577314601537195,0.03135335856456285,-0.10737865418195727,1.0339031219482426,-0.07976700365543368,-0.02693612051275249,0.49498784410048974,-0.008111617145902939,0.868444403097717,0.10180848577321958,-0.010633105985622851,0.046910756930286304,-0.1089126393198967,0.820679903030396,-0.07976700365543365,-0.033988701338826977,0.40000305740731895,-0.014812916644353795,0.9157635610497856
17.933332,538,2,0.08859730414180345,-0.009577314601537195,0.03135335856456285,-0.10737865418195727,1.0339031219482426,-0.07976700365543368,-0.02693612051275249,0.49498784410048974,-0.008111617145902939,0.868444403097717,0.10180848577321958,-0.010633105985622851,0.046910756930286304,-0.1089126393198967,0.820679903030396,-0.07976700365543365,-0.033988701338826977,0.40000305740731895,-0.014812916644353795,0.9157635610497856
17.966667,539,2,0.08859730414180345,-0.009577314601537195,0.03135335856456285,-0.10737865418195727,1.0339031219482426,-0.07976700365543368,-0.02693612051275249,0.49498784410048974,-0.008111617145902939,0.868444403097717,0.10180668518600239,-0.010633227810797879,0.04690909349836658,-0.10737865418195723,0.8206799030303955,-0.07976700365543361,-0.0332863075640393,0.39999157835502813,-0.015119711629816528,0.9157893607670033
18.0,540,2,0.08859730414180345,-0.009577314601537195,0.03135335856456285,-0.10737865418195727,1.0339031219482426,-0.07976700365543368,-0.02693612051275249,0.49498784410048974,-0.008111617145902939,0.868444403097717,0.10180848577321958,-0.010633105985622851,0.046910756930286304,-0.1089126393198967,0.820679903030396,-0.07976700365543365,-0.033988701338826977,0.40000305740731895,-0.014812916644353795,0.9157635610497856
18.033333,541,2,0.08859730414180345,-0.009577314601537195,0.03135335856456285,-0.10737865418195727,1.0339031219482426,-0.07976700365543368,-0.02693612051275249,0.49498784410048974,-0.008111617145902939,0.868444403097717,0.10180848577321958,-0.010633105985622851,0.046910756930286304,-0.1089126393198967,0.820679903030396,-0.07976700365543365,-0.033988701338826977,0.40000305740731895,-0.014812916644353795,0.9157635610497856
18.066668,542,2,0.08859730414180345,-0.009577314601537195,0.03135335856456285,-0.10737865418195727,1.0339031219482426,-0.07976700365543368,-0.02693612051275249,0.49498784410048974,-0.008111617145902939,0.868444403097717,0.10180848577321958,-0.010633105985622851,0.046910756930286304,-0.1089126393198967,0.820679903030396,-0.07976700365543365,-0.033988701338826977,0.40000305740731895,-0.014812916644353795,0.9157635610497856
18.1,543,2,0.08859730414180345,-0.009577314601537195,0.03135335856456285,-0.10737865418195727,1.0339031219482426,-0.07976700365543368,-0.02693612051275249,0.49498784410048974,-0.008111617145902939,0.868444403097717,0.10180848577321958,-0.010633105985622851,0.046910756930286304,-0.1089126393198967,0.820679903030396,-0.07976700365543365,-0.033988701338826977,0.40000305740731895,-0.014812916644353795,0.9157635610497856
18.133333,544,2,0.08859730414180345,-0.009577314601537195,0.03135335856456285,-0.10737865418195727,1.0339031219482426,-0.07976700365543368,-0.02693612051275249,0.49498784410048974,-0.008111617145902939,0.868444403097717,0.10182466377385127,-0.01045966350631175,0.046910756930286304,-0.10891263931989671,0.820679903030396,-0.07823301851749419,-0.03429549068394769,0.3999768706721054,-0.014110528509908148,0.9157746530840806
18.166666,545,2,0.08859730414180345,-0.009577314601537195,0.03135335856456285,-0.10737865418195727,1.0339031219482426,-0.07976700365543368,-0.02693612051275249,0.49498784410048974,-0.008111617145902939,0.868444403097717,0.10182466377385127,-0.01045966350631175,0.046910756930286304,-0.10891263931989671,0.820679903030396,-0.07823301851749419,-0.03429549068394769,0.3999768706721054,-0.014110528509908148,0.9157746530840806
18.2,546,2,0.08859730414180345,-0.009577314601537195,0.03135335856456285,-0.10737865418195727,1.0339031219482426,-0.07976700365543368,-0.02693612051275249,0.49498784410048974,-0.008111617145902939,0.868444403097717,0.10182466377385127,-0.01045966350631175,0.046910756930286304,-0.10891263931989671,0.820679903030396,-0.07823301851749419,-0.03429549068394769,0.3999768706721054,-0.014110528509908148,0.9157746530840806
18.233334,547,2,0.08859730414180345,-0.009577314601537195,0.03135335856456285,-0.10737865418195727,1.0339031219482426,-0.07976700365543368,-0.02693612051275249,0.49498784410048974,-0.008111617145902939,0.868444403097717,0.10182466377385127,-0.01045966350631175,0.046910756930286304,-0.10891263931989671,0.820679903030396,-0.07823301851749419,-0.03429549068394769,0.3999768706721054,-0.014110528509908148,0.9157746530840806
18.266666,548,2,0.08859730414180345,-0.009577314601537195,0.03135335856456285,-0.10737865418195727,1.0339031219482426,-0.07976700365543368,-0.02693612051275249,0.49498784410048974,-0.008111617145902939,0.868444403097717,0.10182466377385127,-0.01045966350631175,0.046910756930286304,-0.10891263931989671,0.820679903030396,-0.07823301851749419,-0.03429549068394769,0.3999768706721054,-0.014110528509908148,0.9157746530840806
18.3,549,2,0.08859730414180345,-0.009577314601537195,0.03135335856456285,-0.10737865418195727,1.0339031219482426,-0.07976700365543368,-0.02693612051275249,0.49498784410048974,-0.008111617145902939,0.868444403097717,0.10180848577321958,-0.010633105985622851,0.046910756930286304,-0.1089126393198967,0.820679903030396,-0.07976700365543365,-0.033988701338826977,0.40000305740731895,-0.014812916644353795,0.9157635610497856
18.333334,550,2,0.08859730414180345,-0.009577314601537195,0.03135335856456285,-0.10737865418195727,1.0339031219482426,-0.07976700365543368,-0.02693612051275249,0.49498784410048974,-0.008111617145902939,0.868444403097717,0.10182466377385127,-0.01045966350631175,0.046910756930286304,-0.10891263931989671,0.820679903030396,-0.07823301851749419,-0.03429549068394769,0.3999768706721054,-0.014110528509908148,0.9157746530840806
18.366667,551,2,0.08859730414180345,-0.009577314601537195,0.03135335856456285,-0.10737865418195727,1.0339031219482426,-0.07976700365543368,-0.02693612051275249,0.49498784410048974,-0.008111617145902939,0.868444403097717,0.10180848577321958,-0.010633105985622851,0.046910756930286304,-0.1089126393198967,0.820679903030396,-0.07976700365543365,-0.033988701338826977,0.40000305740731895,-0.014812916644353795,0.9157635610497856
18.4,552,2,0.08859730414180345,-0.009577314601537195,0.03135335856456285,-0.10737865418195727,1.0339031219482426,-0.07976700365543368,-0.02693612051275249,0.49498784410048974,-0.008111617145902939,0.868444403097717,0.10180848577321958,-0.010633105985622851,0.046910756930286304,-0.1089126393198967,0.820679903030396,-0.07976700365543365,-0.033988701338826977,0.40000305740731895,-0.014812916644353795,0.9157635610497856
18.433332,553,2,0.08859730414180345,-0.009577314601537195,0.03135335856456285,-0.10737865418195727,1.0339031219482426,-0.07976700365543368,-0.02693612051275249,0.49498784410048974,-0.008111617145902939,0.868444403097717,0.10182466377385127,-0.01045966350631175,0.046910756930286304,-0.10891263931989671,0.820679903030396,-0.07823301851749419,-0.03429549068394769,0.3999768706721054,-0.014110528509908148,0.9157746530840806
18.466667,554,2,0.08859730414180345,-0.009577314601537195,0.03135335856456285,-0.10737865418195727,1.0339031219482426,-0.07976700365543368,-0.02693612051275249,0.49498784410048974,-0.008111617145902939,0.868444403097717,0.10182466377385127,-0.01045966350631175,0.046910756930286304,-0.10891263931989671,0.820679903030396,-0.07823301851749419,-0.03429549068394769,0.3999768706721054,-0.014110528509908148,0.9157746530840806
18.5,555,2,0.08859730414180345,-0.009577314601537195,0.03135335856456285,-0.10737865418195727,1.0339031219482426,-0.07976700365543368,-0.02693612051275249,0.49498784410048974,-0.008111617145902939,0.868444403097717,0.10180668518600239,-0.010633227810797879,0.04690909349836658,-0.10737865418195723,0.8206799030303955,-0.07976700365543361,-0.0332863075640393,0.39999157835502813,-0.015119711629816528,0.9157893607670033
18.533333,556,2,0.08859730414180345,-0.009577314601537195,0.03135335856456285,-0.10737865418195727,1.0339031219482426,-0.07976700365543368,-0.02693612051275249,0.49498784410048974,-0.008111617145902939,0.868444403097717,0.10182286337563051,-0.01045978809341639,0.04690909349836658,-0.10737865418195724,0.8206799030303955,-0.07823301851749417,-0.03359308831141432,0.39996593035394395,-0.01441730361694113,0.9158006881031605
18.566668,557,2,0.08859730414180345,-0.009577314601537195,0.03135335856456285,-0.10737865418195727,1.0339031219482426,-0.07976700365543368,-0.02693612051275249,0.49498784410048974,-0.008111617145902939,0.868444403097717,0.10182286337563051,-0.01045978809341639,0.04690909349836658,-0.10737865418195724,0.8206799030303955,-0.07823301851749417,-0.03359308831141432,0.39996593035394395,-0.01441730361694113,0.9158006881031605
18.6,558,2,0.08859730414180345,-0.009577314601537195,0.03135335856456285,-0.10737865418195727,1.0339031219482426,-0.07976700365543368,-0.02693612051275249,0.49498784410048974,-0.008111617145902939,0.868444403097717,0.10182286337563051,-0.01045978809341639,0.04690909349836658,-0.10737865418195724,0.8206799030303955,-0.07823301851749417,-0.03359308831141432,0.39996593035394395,-0.01441730361694113,0.9158006881031605
18.633333,559,2,0.08859730414180345,-0.009577314601537195,0.03135335856456285,-0.10737865418195727,1.0339031219482426,-0.07976700365543368,-0.02693612051275249,0.49498784410048974,-0.008111617145902939,0.868444403097717,0.10182286337563051,-0.01045978809341639,0.04690909349836658,-0.10737865418195724,0.8206799030303955,-0.07823301851749417,-0.03359308831141432,0.39996593035394395,-0.01441730361694113,0.9158006881031605
18.666666,560,2,0.08861187811845977,-0.00942413911275198,0.03135335856456285,-0.10737865418195727,1.0339031219482422,-0.07823301851749423,-0.027315764550726675,0.49496703870312164,-0.007445524421530092,0.8684503692039979,0.10182286337563051,-0.01045978809341639,0.04690909349836658,-0.10737865418195724,0.8206799030303955,-0.07823301851749417,-0.03359308831141432,0.39996593035394395,-0.01441730361694113,0.9158006881031605
18.7,561,2,0.08861187811845977,-0.00942413911275198,0.03135335856456285,-0.10737865418195727,1.0339031219482422,-0.07823301851749423,-0.027315764550726675,0.49496703870312164,-0.007445524421530092,0.8684503692039979,0.10182286337563051,-0.01045978809341639,0.04690909349836658,-0.10737865418195724,0.8206799030303955,-0.07823301851749417,-0.03359308831141432,0.39996593035394395,-0.01441730361694113,0.9158006881031605
18.733334,562,2,0.08861187811845977,-0.00942413911275198,0.03135335856456285,-0.10737865418195727,1.0339031219482422,-0.07823301851749423,-0.027315764550726675,0.49496703870312164,-0.007445524421530092,0.8684503692039979,0.10182286337563051,-0.01045978809341639,0.04690909349836658,-0.10737865418195724,0.8206799030303955,-0.07823301851749417,-0.03359308831141432,0.39996593035394395,-0.01441730361694113,0.9158006881031605
18.766666,563,2,0.08859730414180345,-0.009577314601537195,0.03135335856456285,-0.10737865418195727,1.0339031219482426,-0.07976700365543368,-0.02693612051275249,0.49498784410048974,-0.008111617145902939,0.868444403097717,0.10180668518600239,-0.010633227810797879,0.04690909349836658,-0.10737865418195723,0.8206799030303955,-0.07976700365543361,-0.0332863075640393,0.39999157835502813,-0.015119711629816528,0.9157893607670033
18.8,564,2,0.08858249528596068,-0.009730466810038151,0.03135335856456285,-0.10737865418195724,1.0339031219482422,-0.08130098134279248,-0.026556462472912584,0.4950083582086802,-0.008777701863209952,0.8684379261377709,0.10182286337563051,-0.01045978809341639,0.04690909349836658,-0.10737865418195724,0.8206799030303955,-0.07823301851749417,-0.03359308831141432,0.39996593035394395,-0.01441730361694113,0.9158006881031605
18.833334,565,2,0.08859730414180345,-0.009577314601537195,0.03135335856456285,-0.10737865418195727,1.0339031219482426,-0.07976700365543368,-0.02693612051275249,0.49498784410048974,-0.008111617145902939,0.868444403097717,0.10180668518600239,-0.010633227810797879,0.04690909349836658,-0.10737865418195723,0.8206799030303955,-0.07976700365543361,-0.0332863075640393,0.39999157835502813,-0.015119711629816528,0.9157893607670033
18.866667,566,2,0.08859730414180345,-0.009577314601537195,0.03135335856456285,-0.10737865418195727,1.0339031219482426,-0.07976700365543368,-0.02693612051275249,0.49498784410048974,-0.008111617145902939,0.868444403097717,0.10182286337563051,-0.01045978809341639,0.04690909349836658,-0.10737865418195724,0.8206799030303955,-0.07823301851749417,-0.03359308831141432,0.39996593035394395,-0.01441730361694113,0.9158006881031605
18.9,567,2,0.08859730414180345,-0.009577314601537195,0.03135335856456285,-0.10737865418195727,1.0339031219482426,-0.07976700365543368,-0.02693612051275249,0.49498784410048974,-0.008111617145902939,0.868444403097717,0.10182286337563051,-0.01045978809341639,0.04690909349836658,-0.10737865418195724,0.8206799030303955,-0.07823301851749417,-0.03359308831141432,0.39996593035394395,-0.01441730361694113,0.9158006881031605
18.933332,568,2,0.08859730414180345,-0.009577314601537195,0.03135335856456285,-0.10737865418195727,1.0339031219482426,-0.07976700365543368,-0.02693612051275249,0.49498784410048974,-0.008111617145902939,0.868444403097717,0.10182286337563051,-0.01045978809341639,0.04690909349836658,-0.10737865418195724,0.8206799030303955,-0.07823301851749417,-0.03359308831141432,0.39996593035394395,-0.01441730361694113,0.9158006881031605
18.966667,569,2,0.08859730414180345,-0.009577314601537195,0.03135335856456285,-0.10737865418195727,1.0339031219482426,-0.07976700365543368,-0.02693612051275249,0.49498784410048974,-0.008111617145902939,0.868444403097717,0.10182286337563051,-0.01045978809341639,0.04690909349836658,-0.10737865418195724,0.8206799030303955,-0.07823301851749417,-0.03359308831141432,0.39996593035394395,-0.01441730361694113,0.9158006881031605
19.0,570,2,0.08859730414180345,-0.009577314601537195,0.03135335856456285,-0.10737865418195727,1.0339031219482426,-0.07976700365543368,-0.02693612051275249,0.49498784410048974,-0.008111617145902939,0.868444403097717,0.10182286337563051,-0.01045978809341639,0.04690909349836658,-0.10737865418195724,0.8206799030303955,-0.07823301851749417,-0.03359308831141432,0.39996593035394395,-0.01441730361694113,0.9158006881031605
19.033333,571,2,0.08859730414180345,-0.009577314601537195,0.03135335856456285,-0.10737865418195727,1.0339031219482426,-0.07976700365543368,-0.02693612051275249,0.49498784410048974,-0.008111617145902939,0.868444403097717,0.10182286337563051,-0.01045978809341639,0.04690909349836658,-0.10737865418195724,0.8206799030303955,-0.07823301851749417,-0.03359308831141432,0.39996593035394395,-0.01441730361694113,0.9158006881031605
19.066668,572,2,0.08861187811845977,-0.00942413911275198,0.03135335856456285,-0.10737865418195727,1.0339031219482422,-0.07823301851749423,-0.027315764550726675,0.49496703870312164,-0.007445524421530092,0.8684503692039979,0.10180668518600239,-0.010633227810797879,0.04690909349836658,-0.10737865418195723,0.8206799030303955,-0.07976700365543361,-0.0332863075640393,0.39999157835502813,-0.015119711629816528,0.9157893607670033
19.1,573,2,0.08859730414180345,-0.009577314601537195,0.03135335856456285,-0.10737865418195727,1.0339031219482426,-0.07976700365543368,-0.02693612051275249,0.49498784410048974,-0.008111617145902939,0.868444403097717,0.10182286337563051,-0.01045978809341639,0.04690909349836658,-0.10737865418195724,0.8206799030303955,-0.07823301851749417,-0.03359308831141432,0.39996593035394395,-0.01441730361694113,0.9158006881031605
19.133333,574,2,0.08861187811845977,-0.00942413911275198,0.03135335856456285,-0.10737865418195727,1.0339031219482422,-0.07823301851749423,-0.027315764550726675,0.49496703870312164,-0.007445524421530092,0.8684503692039979,0.10180668518600239,-0.010633227810797879,0.04690909349836658,-0.10737865418195723,0.8206799030303955,-0.07976700365543361,-0.0332863075640393,0.39999157835502813,-0.015119711629816528,0.9157893607670033
19.166666,575,2,0.08861187811845977,-0.00942413911275198,0.03135335856456285,-0.10737865418195727,1.0339031219482422,-0.07823301851749423,-0.027315764550726675,0.49496703870312164,-0.007445524421530092,0.8684503692039979,0.10182286337563051,-0.01045978809341639,0.04690909349836658,-0.10737865418195724,0.8206799030303955,-0.07823301851749417,-0.03359308831141432,0.39996593035394395,-0.01441730361694113,0.9158006881031605
19.2,576,2,0.08861187811845977,-0.00942413911275198,0.03135335856456285,-0.10737865418195727,1.0339031219482422,-0.07823301851749423,-0.027315764550726675,0.49496703870312164,-0.007445524421530092,0.8684503692039979,0.10180668518600239,-0.010633227810797879,0.04690909349836658,-0.10737865418195723,0.8206799030303955,-0.07976700365543361,-0.0332863075640393,0.39999157835502813,-0.015119711629816528,0.9157893607670033
19.233334,577,2,0.08859730414180345,-0.009577314601537195,0.03135335856456285,-0.10737865418195727,1.0339031219482426,-0.07976700365543368,-0.02693612051275249,0.49498784410048974,-0.008111617145902939,0.868444403097717,0.10180668518600239,-0.010633227810797879,0.04690909349836658,-0.10737865418195723,0.8206799030303955,-0.07976700365543361,-0.0332863075640393,0.39999157835502813,-0.015119711629816528,0.9157893607670033
19.266666,578,2,0.08859730414180345,-0.009577314601537195,0.03135335856456285,-0.10737865418195727,1.0339031219482426,-0.07976700365543368,-0.02693612051275249,0.49498784410048974,-0.008111617145902939,0.868444403097717,0.10180668518600239,-0.010633227810797879,0.04690909349836658,-0.10737865418195723,0.8206799030303955,-0.07976700365543361,-0.0332863075640393,0.39999157835502813,-0.015119711629816528,0.9157893607670033
19.3,579,2,0.08859730414180345,-0.009577314601537195,0.03135335856456285,-0.10737865418195727,1.0339031219482426,-0.07976700365543368,-0.02693612051275249,0.49498784410048974,-0.008111617145902939,0.868444403097717,0.10180668518600239,-0.010633227810797879,0.04690909349836658,-0.10737865418195723,0.8206799030303955,-0.07976700365543361,-0.0332863075640393,0.39999157835502813,-0.015119711629816528,0.9157893607670033
19.333334,580,2,0.08859730414180345,-0.009577314601537195,0.03135335856456285,-0.10737865418195727,1.0339031219482426,-0.07976700365543368,-0.02693612051275249,0.49498784410048974,-0.008111617145902939,0.868444403097717,0.10180668518600239,-0.010633227810797879,0.04690909349836658,-0.10737865418195723,0.8206799030303955,-0.07976700365543361,-0.0332863075640393,0.39999157835502813,-0.015119711629816528,0.9157893607670033
19.366667,581,2,0.08859730414180345,-0.009577314601537195,0.03135335856456285,-0.10737865418195727,1.0339031219482426,-0.07976700365543368,-0.02693612051275249,0.49498784410048974,-0.008111617145902939,0.868444403097717,0.10182286337563051,-0.01045978809341639,0.04690909349836658,-0.10737865418195724,0.8206799030303955,-0.07823301851749417,-0.03359308831141432,0.39996593035394395,-0.01441730361694113,0.9158006881031605
19.4,582,2,0.08859730414180345,-0.009577314601537195,0.03135335856456285,-0.10737865418195727,1.0339031219482426,-0.07976700365543368,-0.02693612051275249,0.49498784410048974,-0.008111617145902939,0.868444403097717,0.10180668518600239,-0.010633227810797879,0.04690909349836658,-0.10737865418195723,0.8206799030303955,-0.07976700365543361,-0.0332863075640393,0.39999157835502813,-0.015119711629816528,0.9157893607670033
19.433332,583,2,0.08859730414180345,-0.009577314601537195,0.03135335856456285,-0.10737865418195727,1.0339031219482426,-0.07976700365543368,-0.02693612051275249,0.49498784410048974,-0.008111617145902939,0.868444403097717,0.10180668518600239,-0.010633227810797879,0.04690909349836658,-0.10737865418195723,0.8206799030303955,-0.07976700365543361,-0.0332863075640393,0.39999157835502813,-0.015119711629816528,0.9157893607670033
19.466667,584,2,0.08859730414180345,-0.009577314601537195,0.03135335856456285,-0.10737865418195727,1.0339031219482426,-0.07976700365543368,-0.02693612051275249,0.49498784410048974,-0.008111617145902939,0.868444403097717,0.10182286337563051,-0.01045978809341639,0.04690909349836658,-0.10737865418195724,0.8206799030303955,-0.07823301851749417,-0.03359308831141432,0.39996593035394395,-0.01441730361694113,0.9158006881031605
19.5,585,2,0.08859730414180345,-0.009577314601537195,0.03135335856456285,-0.10737865418195727,1.0339031219482426,-0.07976700365543368,-0.02693612051275249,0.49498784410048974,-0.008111617145902939,0.868444403097717,0.10182286337563051,-0.01045978809341639,0.04690909349836658,-0.10737865418195724,0.8206799030303955,-0.07823301851749417,-0.03359308831141432,0.39996593035394395,-0.01441730361694113,0.9158006881031605
19.533333,586,2,0.08859730414180345,-0.009577314601537195,0.03135335856456285,-0.10737865418195727,1.0339031219482426,-0.07976700365543368,-0.02693612051275249,0.49498784410048974,-0.008111617145902939,0.868444403097717,0.10182286337563051,-0.01045978809341639,0.04690909349836658,-0.10737865418195724,0.8206799030303955,-0.07823301851749417,-0.03359308831141432,0.39996593035394395,-0.01441730361694113,0.9158006881031605
19.566668,587,2,0.08859730414180345,-0.009577314601537195,0.03135335856456285,-0.10737865418195727,1.0339031219482426,-0.07976700365543368,-0.02693612051275249,0.49498784410048974,-0.008111617145902939,0.868444403097717,0.10182286337563051,-0.01045978809341639,0.04690909349836658,-0.10737865418195724,0.8206799030303955,-0.07823301851749417,-0.03359308831141432,0.39996593035394395,-0.01441730361694113,0.9158006881031605
19.6,588,2,0.08859730414180345,-0.009577314601537195,0.03135335856456285,-0.10737865418195727,1.0339031219482426,-0.07976700365543368,-0.02693612051275249,0.49498784410048974,-0.008111617145902939,0.868444403097717,0.10182286337563051,-0.01045978809341639,0.04690909349836658,-0.10737865418195724,0.8206799030303955,-0.07823301851749417,-0.03359308831141432,0.39996593035394395,-0.01441730361694113,0.9158006881031605
19.633333,589,2,0.08859730414180345,-0.009577314601537195,0.03135335856456285,-0.10737865418195727,1.0339031219482426,-0.07976700365543368,-0.02693612051275249,0.49498784410048974,-0.008111617145902939,0.868444403097717,0.10180668518600239,-0.010633227810797879,0.04690909349836658,-0.10737865418195723,0.8206799030303955,-0.07976700365543361,-0.0332863075640393,0.39999157835502813,-0.015119711629816528,0.9157893607670033
19.666666,590,2,0.08859730414180345,-0.009577314601537195,0.03135335856456285,-0.10737865418195727,1.0339031219482426,-0.07976700365543368,-0.02693612051275249,0.49498784410048974,-0.008111617145902939,0.868444403097717,0.10182466377385127,-0.01045966350631175,0.046910756930286304,-0.10891263931989671,0.820679903030396,-0.07823301851749419,-0.03429549068394769,0.3999768706721054,-0.014110528509908148,0.9157746530840806
19.7,591,2,0.08859730414180345,-0.009577314601537195,0.03135335856456285,-0.10737865418195727,1.0339031219482426,-0.07976700365543368,-0.02693612051275249,0.49498784410048974,-0.008111617145902939,0.868444403097717,0.10182466377385127,-0.01045966350631175,0.046910756930286304,-0.10891263931989671,0.820679903030396,-0.07823301851749419,-0.03429549068394769,0.3999768706721054,-0.014110528509908148,0.9157746530840806
19.733334,592,2,0.08859730414180345,-0.009577314601537195,0.03135335856456285,-0.10737865418195727,1.0339031219482426,-0.07976700365543368,-0.02693612051275249,0.49498784410048974,-0.008111617145902939,0.868444403097717,0.10182466377385127,-0.01045966350631175,0.046910756930286304,-0.10891263931989671,0.820679903030396,-0.07823301851749419,-0.03429549068394769,0.3999768706721054,-0.014110528509908148,0.9157746530840806
19.766666,593,2,0.08859730414180345,-0.009577314601537195,0.03135335856456285,-0.10737865418195727,1.0339031219482426,-0.07976700365543368,-0.02693612051275249,0.49498784410048974,-0.008111617145902939,0.868444403097717,0.10182466377385127,-0.01045966350631175,0.046910756930286304,-0.10891263931989671,0.820679903030396,-0.07823301851749419,-0.03429549068394769,0.3999768706721054,-0.014110528509908148,0.9157746530840806
19.8,594,2,0.08859730414180345,-0.009577314601537195,0.03135335856456285,-0.10737865418195727,1.0339031219482426,-0.07976700365543368,-0.02693612051275249,0.49498784410048974,-0.008111617145902939,0.868444403097717,0.10180848577321958,-0.010633105985622851,0.046910756930286304,-0.1089126393198967,0.820679903030396,-0.07976700365543365,-0.033988701338826977,0.40000305740731895,-0.014812916644353795,0.9157635610497856
19.833334,595,2,0.08859730414180345,-0.009577314601537195,0.03135335856456285,-0.10737865418195727,1.0339031219482426,-0.07976700365543368,-0.02693612051275249,0.49498784410048974,-0.008111617145902939,0.868444403097717,0.10182466377385127,-0.01045966350631175,0.046910756930286304,-0.10891263931989671,0.820679903030396,-0.07823301851749419,-0.03429549068394769,0.3999768706721054,-0.014110528509908148,0.9157746530840806
19.866667,596,2,0.08859730414180345,-0.009577314601537195,0.03135335856456285,-0.10737865418195727,1.0339031219482426,-0.07976700365543368,-0.02693612051275249,0.49498784410048974,-0.008111617145902939,0.868444403097717,0.10182466377385127,-0.01045966350631175,0.046910756930286304,-0.10891263931989671,0.820679903030396,-0.07823301851749419,-0.03429549068394769,0.3999768706721054,-0.014110528509908148,0.9157746530840806
19.9,597,2,0.08859730414180345,-0.009577314601537195,0.03135335856456285,-0.10737865418195727,1.0339031219482426,-0.07976700365543368,-0.02693612051275249,0.49498784410048974,-0.008111617145902939,0.868444403097717,0.10180848577321958,-0.010633105985622851,0.046910756930286304,-0.1089126393198967,0.820679903030396,-0.07976700365543365,-0.033988701338826977,0.40000305740731895,-0.014812916644353795,0.9157635610497856
19.933332,598,2,0.08859730414180345,-0.009577314601537195,0.03135335856456285,-0.10737865418195727,1.0339031219482426,-0.07976700365543368,-0.02693612051275249,0.49498784410048974,-0.008111617145902939,0.868444403097717,0.10182466377385127,-0.01045966350631175,0.046910756930286304,-0.10891263931989671,0.820679903030396,-0.07823301851749419,-0.03429549068394769,0.3999768706721054,-0.014110528509908148,0.9157746530840806
19.966667,599,2,0.08859730414180345,-0.009577314601537195,0.03135335856456285,-0.10737865418195727,1.0339031219482426,-0.07976700365543368,-0.02693612051275249,0.49498784410048974,-0.008111617145902939,0.868444403097717,0.10180848577321958,-0.010633105985622851,0.046910756930286304,-0.1089126393198967,0.820679903030396,-0.07976700365543365,-0.033988701338826977,0.40000305740731895,-0.014812916644353795,0.9157635610497856
